{"type":"FeatureCollection", "features": [
{"type":"Feature","geometry":{"type":"Polygon","coordinates":[[[-73.94109418715111,40.7223092456161],[-73.94022123583078,40.722891505769304],[-73.93848857027024,40.723808906023315],[-73.93764599908555,40.724201202360746],[-73.93751697209377,40.72426416881821],[-73.93739261341217,40.72433235569545],[-73.93727328757629,40.72440556312267],[-73.93715934437277,40.72448357651314],[-73.93705111817762,40.724566167215066],[-73.93676382273415,40.72483891922253],[-73.93539740294437,40.725906868428304],[-73.93412337223698,40.726855471981494],[-73.9321339742769,40.72815960343333],[-73.93301658610169,40.72821034173121],[-73.93492926391922,40.728543915250576],[-73.93693124799917,40.72910809076316],[-73.93808900912056,40.72974684626065],[-73.93974607754107,40.73106547597484],[-73.94036658952952,40.73221258691498],[-73.94068491601382,40.73301707662212],[-73.94056868930251,40.73305849425783],[-73.94115615809413,40.73374890961004],[-73.94114746701952,40.73415292753774],[-73.94173819523785,40.73495071791742],[-73.94239443542429,40.7354257499477],[-73.94321347652904,40.735790530518884],[-73.94451542117442,40.736284390390374],[-73.9447592102149,40.73600410782444],[-73.94503299031923,40.73542861568352],[-73.94525492279523,40.73589278950653],[-73.94499910475596,40.73641747877069],[-73.94557048457176,40.73661230441316],[-73.9458731056285,40.73610183176089],[-73.9462474829688,40.73616616572973],[-73.94673908072924,40.73528269434377],[-73.94659806707352,40.734442224347475],[-73.94706532915387,40.734401992819414],[-73.94719983367118,40.73535517811432],[-73.94644229140823,40.7367806267659],[-73.94716178589232,40.7371549317599],[-73.94809172682231,40.73746770536749],[-73.94840521772187,40.737513834593564],[-73.95038748197699,40.73828483712585],[-73.95198794354496,40.73874761997184],[-73.95323299037705,40.738992683138385],[-73.95415627885284,40.73910691535581],[-73.95476314020421,40.739123535053864],[-73.95693002865116,40.7388870730717],[-73.95771673677041,40.73849332024759],[-73.95843189518173,40.738058644372266],[-73.95981583252669,40.73707273787143],[-73.96157494306718,40.73517961543138],[-73.9620903444991,40.73450799787379],[-73.96228520236957,40.734047695374265],[-73.96234062194122,40.73338922663305],[-73.96226340357227,40.73291555162347],[-73.96167446706346,40.73148125455785],[-73.96142843631839,40.73094639311274],[-73.96101688070596,40.7287044401017],[-73.96114159246403,40.728103725404516],[-73.96141826820894,40.72735617970488],[-73.96149920017228,40.726751091125145],[-73.96161716897699,40.72666142199097],[-73.96161518769874,40.725865563073995],[-73.96106343511704,40.725844899185674],[-73.9602854494424,40.72594812191056],[-73.96012497133214,40.72531963713966],[-73.95842611843923,40.72540053583232],[-73.95835177078861,40.725198057301895],[-73.95795096213239,40.725036439168576],[-73.95803916741664,40.72442744087881],[-73.95814292286852,40.724404284904594],[-73.95771989051025,40.724284957359174],[-73.95627311400595,40.723389877339756],[-73.95477662815335,40.722459504667775],[-73.95418330278451,40.7226364283081],[-73.95164632164285,40.7234858574838],[-73.95064594201138,40.72170569378428],[-73.94986599463653,40.72217948424754],[-73.949078166846,40.722540287202506],[-73.9484163847295,40.71845553312268],[-73.94721341744695,40.7185609861182],[-73.94560358883406,40.71956728591912],[-73.94367547917437,40.72065997530571],[-73.94195633562913,40.72165231973291],[-73.94109418715111,40.7223092456161]]]},"properties":{"nta":"BK0101","name":"Greenpoint","boro":"Brooklyn","households":19771,"owner_hh":3557,"renter_hh":16214,"turnover_all":39.4,"turnover_own":17,"turnover_rent":44.3,"churn_annual":16.2,"owner_share":18,"moe_all":2.7,"moe_own":5.6,"moe_rent":2.9,"moe_churn":5.7}},
{"type":"Feature","geometry":{"type":"Polygon","coordinates":[[[-73.95627311400595,40.723389877339756],[-73.95771989051015,40.72428495735922],[-73.95814292411644,40.72440428473757],[-73.95833078138818,40.72441170076601],[-73.9603665103636,40.725047309386106],[-73.96116366236231,40.72526460683582],[-73.96153679314662,40.725108918600874],[-73.96190239555042,40.725320500811],[-73.96211461478755,40.72514806339883],[-73.96165984235257,40.72486045496563],[-73.9618942664612,40.724106702101025],[-73.96200744732944,40.72399190160773],[-73.96207271877786,40.72388030090552],[-73.96275665356569,40.722399015796206],[-73.96296566336947,40.72203447712286],[-73.9635385534846,40.72157337851438],[-73.96402617458521,40.720880893068745],[-73.9640659124426,40.72079991096256],[-73.96420193010492,40.72065389425693],[-73.96427462409184,40.720575767593864],[-73.96436107868253,40.72047723987711],[-73.96447946223105,40.720036188255804],[-73.96503278262037,40.72037706947495],[-73.96511736757607,40.720316339861505],[-73.96540653006267,40.71968519679225],[-73.9651195032813,40.719226894499926],[-73.96574267076741,40.71870687777715],[-73.96575996467396,40.718689035281855],[-73.96619833808185,40.71825471275442],[-73.96656241831437,40.71801586680629],[-73.96659690266586,40.71796798189279],[-73.96725113674303,40.71698666660909],[-73.96710503918193,40.716908393254386],[-73.96736391567337,40.716483679557655],[-73.96800830555225,40.71512072380587],[-73.96884924750051,40.71321254596024],[-73.9684423186838,40.71293843489016],[-73.9687838625401,40.71275652670823],[-73.96894079213784,40.71241877295047],[-73.96886591469301,40.71223189865517],[-73.96914483137444,40.71145699504995],[-73.96941809247171,40.710938127262146],[-73.96969230738385,40.710846902921666],[-73.96961485613359,40.710147749181715],[-73.96994196544557,40.709302053353746],[-73.96984864757465,40.70800304219027],[-73.96929296282453,40.707093331095564],[-73.96838331338861,40.70682937339333],[-73.96728890148331,40.70700200364302],[-73.96327873711,40.70772929902124],[-73.96213128824103,40.70762269280009],[-73.96114422874838,40.70752359573732],[-73.95845576706577,40.707251847445455],[-73.9583843230117,40.70767669079905],[-73.95815250104347,40.70804091870478],[-73.95790430738548,40.70842717347024],[-73.95554165752648,40.707593447579505],[-73.95191055633244,40.70636007892376],[-73.95023693669857,40.705473246654364],[-73.9504058881002,40.70665274713853],[-73.95087492513105,40.70951311519786],[-73.94865533445751,40.709724983182085],[-73.94937231784627,40.714066878309616],[-73.95348472098757,40.71407020807855],[-73.95275381203581,40.71473599105679],[-73.95114433611649,40.716034521288385],[-73.94904281525511,40.717428519695055],[-73.947213417447,40.7185609861182],[-73.9484163847295,40.71845553312268],[-73.94907816684606,40.722540287202506],[-73.94986599463648,40.72217948424758],[-73.95064594201132,40.72170569378428],[-73.95164632164274,40.723485857483844],[-73.95418330278446,40.722636428308085],[-73.9547766281533,40.7224595046678],[-73.95627311400595,40.723389877339756]]]},"properties":{"nta":"BK0102","name":"Williamsburg","boro":"Brooklyn","households":30352,"owner_hh":4904,"renter_hh":25448,"turnover_all":45.4,"turnover_own":23.9,"turnover_rent":49.6,"churn_annual":18.3,"owner_share":16.2,"moe_all":2.7,"moe_own":5.3,"moe_rent":2.8,"moe_churn":6.1}},
{"type":"Feature","geometry":{"type":"Polygon","coordinates":[[[-73.94947068333505,40.70501901928334],[-73.95023693669857,40.70547324665432],[-73.95191055633244,40.70636007892371],[-73.95554165752654,40.707593447579505],[-73.9579043073856,40.70842717347024],[-73.95815250104347,40.70804091870478],[-73.95838432301176,40.70767669079905],[-73.95845576706587,40.707251847445455],[-73.96114422874838,40.70752359573732],[-73.96213128824103,40.70762269280009],[-73.96327873711004,40.70772929902124],[-73.96728890148336,40.70700200364298],[-73.96838331338871,40.7068293733933],[-73.96761547724712,40.70496163605701],[-73.96720961954568,40.704255709153244],[-73.96386889324778,40.701541889881156],[-73.9621797802308,40.70022071110671],[-73.96283963628261,40.69803866900987],[-73.96105100567938,40.69832607881881],[-73.95701993123406,40.69897391434975],[-73.95009094649376,40.69979059374022],[-73.94438788508441,40.70042452378234],[-73.94193078816194,40.70072523469566],[-73.9430640684584,40.70142443509202],[-73.94585499046791,40.70298720677506],[-73.94925335567356,40.7048959307612],[-73.94947068333505,40.70501901928334]]]},"properties":{"nta":"BK0103","name":"South Williamsburg","boro":"Brooklyn","households":11859,"owner_hh":2307,"renter_hh":9552,"turnover_all":20.1,"turnover_own":10.9,"turnover_rent":22.3,"churn_annual":3.2,"owner_share":19.5,"moe_all":4.6,"moe_own":5.4,"moe_rent":5.5,"moe_churn":10.8}},
{"type":"Feature","geometry":{"type":"Polygon","coordinates":[[[-73.92385148221487,40.707676298062445],[-73.92189184632595,40.70939609721316],[-73.92074853049763,40.71053364895845],[-73.92154601629626,40.7110432835346],[-73.92223466389498,40.712855954865134],[-73.92313936217195,40.71339472859285],[-73.92404011245944,40.71400831262855],[-73.92433589757124,40.71412259346656],[-73.92455568743948,40.71475365423555],[-73.92483287559033,40.715282912041566],[-73.92431329961565,40.715847056576926],[-73.92359001003202,40.7160281481925],[-73.92305500014393,40.71634266429097],[-73.92342891999935,40.717081999229784],[-73.92363989261999,40.71732065799618],[-73.92458407107158,40.71795024124424],[-73.92595163943948,40.7176910705701],[-73.92809688744708,40.71712903466951],[-73.92861009191238,40.71691233129581],[-73.9289024285406,40.716572812318084],[-73.92843881814578,40.71553094957593],[-73.93085190134036,40.71490298559298],[-73.93105231901723,40.71461022392352],[-73.93042263899005,40.71319163126966],[-73.93051205952972,40.71306888195197],[-73.93173436785733,40.71274929223784],[-73.9318463511822,40.712547248133184],[-73.93161032734933,40.71203802217797],[-73.93086409444767,40.71221819268708],[-73.93085966173857,40.71206494165952],[-73.93154613746852,40.711855351751296],[-73.93025038849073,40.708927912920174],[-73.93050100083141,40.70868122554233],[-73.93093227547728,40.709165311254345],[-73.9319010185475,40.71133847193062],[-73.93328349320338,40.71097870645294],[-73.93338484615303,40.71123372774584],[-73.93203262980515,40.71159022307447],[-73.93264693956343,40.713000730286424],[-73.93261051935492,40.71307728824754],[-73.93164527391603,40.71334279426088],[-73.93124067059496,40.71372481088489],[-73.9317535718226,40.71474167550589],[-73.93213686921216,40.714679046474984],[-73.93210478113056,40.71504259926945],[-73.92947356855397,40.71572145262093],[-73.92931999766078,40.71611200883283],[-73.92970848430281,40.717030667356774],[-73.9288910810599,40.717713311164395],[-73.928379300354,40.71757836779249],[-73.92638366600856,40.71808480702379],[-73.92615790168239,40.718099467130415],[-73.92481555677317,40.718486835403596],[-73.92470227807098,40.71868830410084],[-73.92451999415076,40.719612730927004],[-73.92481798943687,40.72026513747552],[-73.92561470516611,40.72006166221263],[-73.92720275963448,40.723652947186324],[-73.92779650104181,40.72492566821126],[-73.92786431997037,40.725826679058514],[-73.92849418540158,40.72661460330805],[-73.92958020690816,40.72761282121143],[-73.93080479131761,40.727848839261874],[-73.93213397427694,40.728159603433376],[-73.93412337223693,40.72685547198154],[-73.93539740294432,40.725906868428346],[-73.9367638227341,40.72483891922253],[-73.93694892588326,40.724653093094815],[-73.93705111817756,40.724566167215094],[-73.9371593443726,40.72448357651314],[-73.93727328757623,40.72440556312269],[-73.93739261341213,40.724332355695445],[-73.93764599908549,40.724201202360746],[-73.9384885702702,40.723808906023315],[-73.94022123583066,40.72289150576934],[-73.94109418715111,40.7223092456161],[-73.94195633562913,40.72165231973291],[-73.94367547917437,40.72065997530571],[-73.94560358883402,40.71956728591912],[-73.947213417447,40.7185609861182],[-73.94904281525511,40.717428519695055],[-73.95114433611649,40.716034521288385],[-73.95275381203581,40.71473599105679],[-73.95348472098757,40.71407020807855],[-73.94937231784627,40.714066878309616],[-73.94865533445751,40.709724983182085],[-73.95087492513105,40.70951311519786],[-73.9504058881002,40.70665274713853],[-73.95023693669857,40.705473246654364],[-73.94947068333505,40.70501901928334],[-73.94925335567356,40.7048959307612],[-73.94585499046791,40.70298720677506],[-73.9430640684584,40.70142443509202],[-73.94193078816188,40.70072523469566],[-73.93886864038006,40.70142767348361],[-73.93827139463636,40.701569642322475],[-73.93729063384521,40.701828445343004],[-73.93698073994874,40.70191027765934],[-73.93395092906444,40.70267459320029],[-73.92979994168387,40.704304529994175],[-73.92664808380245,40.70552922500421],[-73.92608930026964,40.705679701162005],[-73.92385148221487,40.707676298062445]]]},"properties":{"nta":"BK0104","name":"East Williamsburg","boro":"Brooklyn","households":23726,"owner_hh":3122,"renter_hh":20604,"turnover_all":32.6,"turnover_own":21.7,"turnover_rent":34.2,"churn_annual":16.7,"owner_share":13.2,"moe_all":2.7,"moe_own":6,"moe_rent":2.9,"moe_churn":6.8}},
{"type":"Feature","geometry":{"type":"Polygon","coordinates":[[[-73.9923636691119,40.68969012377707],[-73.99070669492916,40.6891367446134],[-73.99047488040556,40.68914107450508],[-73.98922003518615,40.69096597169854],[-73.98893356245586,40.69208664198901],[-73.98947108586748,40.692291417617035],[-73.99097186833538,40.69254880139072],[-73.99044474028206,40.693828251433736],[-73.99128413621706,40.69658821028391],[-73.99136812009702,40.697013752735835],[-73.99143346974742,40.69828185981727],[-73.99136054045563,40.69896581504354],[-73.99124033141192,40.69936760307141],[-73.99084157764725,40.7002812575926],[-73.9909320167545,40.70076621604885],[-73.99261204840333,40.702061129508806],[-73.9938175487711,40.70266030930377],[-73.99504592660271,40.70313183979975],[-73.99513826774651,40.70297411472304],[-73.99669768931422,40.700876976917264],[-73.9972446280566,40.70014140989724],[-73.99716054155857,40.69979281264432],[-73.99749898221943,40.6996388693214],[-73.99799957452076,40.69879768554446],[-73.99837760531686,40.698063296146245],[-73.99887117009611,40.69715757729603],[-73.99947406666517,40.69670413446216],[-73.9994130234517,40.69635767695609],[-74.00026872245725,40.69496580308072],[-74.00095868350955,40.6940690835824],[-74.00127014902638,40.693296062679124],[-74.00174362045013,40.69240674970571],[-74.00161727401692,40.692549071104274],[-74.00062303398147,40.692041490667684],[-73.99991517234571,40.69176723001051],[-73.99776924312978,40.69119469786095],[-73.99623278034552,40.69075777508913],[-73.9923636691119,40.68969012377707]]]},"properties":{"nta":"BK0201","name":"Brooklyn Heights","boro":"Brooklyn","households":12601,"owner_hh":6006,"renter_hh":6595,"turnover_all":32.2,"turnover_own":14.2,"turnover_rent":48.7,"churn_annual":21.7,"owner_share":47.7,"moe_all":3.4,"moe_own":2.9,"moe_rent":4.1,"moe_churn":7.6}},
{"type":"Feature","geometry":{"type":"Polygon","coordinates":[[[-73.9803101973512,40.69590599500556],[-73.9805092609422,40.69744627554388],[-73.98054419051782,40.69824651292227],[-73.9804048239219,40.700699006737516],[-73.98051583101707,40.700963735578576],[-73.98084440356011,40.70129524060224],[-73.98064907655728,40.701560873256575],[-73.98090402745397,40.7018614298299],[-73.9800263872738,40.70214046144282],[-73.98027442268234,40.703041400444754],[-73.97960292662732,40.7041764009288],[-73.97932762403605,40.704746276833234],[-73.97912092110174,40.705530069673536],[-73.979279830972,40.705789481974385],[-73.9802371530439,40.705763283559904],[-73.9809086456379,40.70590794431457],[-73.98092510223934,40.70536925520054],[-73.98232944150546,40.7055520336641],[-73.98237340439913,40.70554335043761],[-73.98274161885982,40.7055724415329],[-73.98340650176183,40.705466370660396],[-73.98343806155856,40.705644094847905],[-73.9847432987707,40.70554290726702],[-73.98643429760614,40.70534860741972],[-73.98662277896481,40.704978609956896],[-73.98692348323563,40.705162462485845],[-73.98795676425462,40.705134217412606],[-73.988289991113,40.70507065849526],[-73.9883033220854,40.704540468452656],[-73.99009111393444,40.70494346328929],[-73.9903076849381,40.704839880602165],[-73.99054617998536,40.70441616750199],[-73.99094755284747,40.7040324426419],[-73.99141794782705,40.70400408902084],[-73.9918615918931,40.70408664260717],[-73.99212100639083,40.70439620107555],[-73.99212703535079,40.704689641531125],[-73.99350881403605,40.70462350527417],[-73.99456978884847,40.70437626401666],[-73.99477614265385,40.70424586155513],[-73.99476934125522,40.703952894953716],[-73.99488239836394,40.703788025837596],[-73.9946629027757,40.70343060906191],[-73.99480038186812,40.7032919586447],[-73.99502134495074,40.70314786924685],[-73.99504592660271,40.70313183979975],[-73.9938175487711,40.70266030930377],[-73.99261204840333,40.702061129508806],[-73.9909320167545,40.70076621604885],[-73.99084157764725,40.7002812575926],[-73.99124033141192,40.69936760307141],[-73.99136054045563,40.69896581504354],[-73.99143346974742,40.69828185981727],[-73.99136812009702,40.697013752735835],[-73.99128413621706,40.69658821028391],[-73.99044474028206,40.693828251433736],[-73.99097186833538,40.69254880139072],[-73.98947108586748,40.692291417617035],[-73.98893356245586,40.69208664198901],[-73.98922003518615,40.69096597169854],[-73.99047488040556,40.68914107450508],[-73.99070669492916,40.6891367446134],[-73.9923636691119,40.68969012377707],[-73.99392929483827,40.68645287164917],[-73.98912840596947,40.68458945307349],[-73.98828293641336,40.685866785622224],[-73.97961680019212,40.68249127021333],[-73.97876022374888,40.68376544498573],[-73.97842970600962,40.68435561266227],[-73.97838862495648,40.68442334204909],[-73.97807729552628,40.684914940390115],[-73.97899402840102,40.6861561328783],[-73.98064972073772,40.6884594780561],[-73.98063728903328,40.688534982949925],[-73.98083375198135,40.68886378450793],[-73.98350982042075,40.689922171752016],[-73.98313467248691,40.69000227726258],[-73.98139773143163,40.689928670434526],[-73.98206215595255,40.69131209107186],[-73.9817890719204,40.69164486838701],[-73.98175888955709,40.692955173542316],[-73.98251747416961,40.69297738830962],[-73.98243008636764,40.69360622842125],[-73.97916718338998,40.69348832322127],[-73.97921806150394,40.69362583102271],[-73.97928950310629,40.69375974250579],[-73.98003777330793,40.69448716649976],[-73.98015797348417,40.694824547852626],[-73.9803101973512,40.69590599500556]]]},"properties":{"nta":"BK0202","name":"Downtown Brooklyn-DUMBO-Boerum Hill","boro":"Brooklyn","households":19883,"owner_hh":5243,"renter_hh":14640,"turnover_all":44.1,"turnover_own":24.5,"turnover_rent":51.1,"churn_annual":21.7,"owner_share":26.4,"moe_all":3,"moe_own":5.5,"moe_rent":3.2,"moe_churn":6.4}},
{"type":"Feature","geometry":{"type":"Polygon","coordinates":[[[-73.96283963628261,40.69803866900987],[-73.96487573179311,40.69771433223519],[-73.96577476135246,40.69763578048863],[-73.96972789794056,40.69780401438254],[-73.97332378510268,40.697939651235195],[-73.98054419051788,40.69824651292223],[-73.98050926094227,40.69744627554385],[-73.9803101973512,40.69590599500556],[-73.98015797348417,40.694824547852626],[-73.98003777330787,40.69448716649971],[-73.97928950310629,40.69375974250579],[-73.97921806150394,40.69362583102271],[-73.97916718339002,40.69348832322123],[-73.98243008636764,40.69360622842125],[-73.98251747416961,40.692977388309586],[-73.98175888955718,40.69295517354225],[-73.98178907192035,40.69164486838697],[-73.98206215595255,40.69131209107181],[-73.98139773143168,40.689928670434526],[-73.98313467248703,40.690002277262536],[-73.98350982042075,40.68992217175198],[-73.98083375198148,40.68886378450787],[-73.98063728903328,40.688534982949925],[-73.98064972073776,40.688459478056046],[-73.97899402840112,40.686156132878274],[-73.97807729552638,40.684914940390115],[-73.97745722009145,40.68405228761326],[-73.97595023203937,40.68351323204944],[-73.9737608483554,40.683049408639775],[-73.97186424138634,40.68267028730832],[-73.96868961225599,40.682005257597126],[-73.96867398410961,40.68208599412245],[-73.96906201944624,40.68415736136269],[-73.97013154130974,40.68950630795875],[-73.96910362399453,40.68946752251075],[-73.96983118385486,40.69313424397387],[-73.96880989559104,40.693120382901355],[-73.96939449979428,40.69608038942046],[-73.96546721432578,40.695932161737],[-73.96488615275074,40.69601807731225],[-73.96415417708124,40.69627445117967],[-73.96365073537343,40.69662194499252],[-73.96317583420235,40.697187622415676],[-73.96283963628261,40.69803866900987]]]},"properties":{"nta":"BK0203","name":"Fort Greene","boro":"Brooklyn","households":15102,"owner_hh":3059,"renter_hh":12043,"turnover_all":30.3,"turnover_own":15.3,"turnover_rent":34.2,"churn_annual":16.2,"owner_share":20.3,"moe_all":2.9,"moe_own":4.3,"moe_rent":3.4,"moe_churn":6.9}},
{"type":"Feature","geometry":{"type":"Polygon","coordinates":[[[-73.96134655797736,40.68046352480339],[-73.96126625360922,40.680523057737524],[-73.96167086323331,40.68269090998009],[-73.95884061865866,40.68301805351871],[-73.9602928151405,40.69034624991507],[-73.95942791320554,40.69044727471407],[-73.96015854658273,40.69411731016138],[-73.96105100567938,40.69832607881881],[-73.96283963628261,40.69803866900987],[-73.96317583420235,40.697187622415676],[-73.96365073537343,40.69662194499252],[-73.96415417708124,40.69627445117967],[-73.96488615275074,40.69601807731225],[-73.96546721432578,40.695932161737],[-73.96939449979428,40.69608038942046],[-73.96880989559104,40.693120382901355],[-73.96983118385486,40.69313424397387],[-73.96910362399453,40.68946752251075],[-73.97013154130974,40.68950630795875],[-73.96906201944624,40.68415736136269],[-73.96867398410961,40.68208599412245],[-73.96868961225599,40.682005257597126],[-73.96329205483484,40.68088158589589],[-73.96134655797736,40.68046352480339]]]},"properties":{"nta":"BK0204","name":"Clinton Hill","boro":"Brooklyn","households":13664,"owner_hh":5250,"renter_hh":8414,"turnover_all":31.2,"turnover_own":18.2,"turnover_rent":39.3,"churn_annual":19,"owner_share":38.4,"moe_all":3.2,"moe_own":4,"moe_rent":4.2,"moe_churn":7.3}},
{"type":"Feature","geometry":{"type":"Polygon","coordinates":[[[-73.9441413620078,40.67823696030941],[-73.94397347672896,40.68008812943171],[-73.94032793895992,40.67988997556707],[-73.9433880199639,40.69528899051876],[-73.94438788508441,40.70042452378234],[-73.95009094649376,40.69979059374022],[-73.95701993123406,40.69897391434975],[-73.96105100567938,40.69832607881881],[-73.96015854658273,40.69411731016138],[-73.95942791320554,40.69044727471407],[-73.9602928151405,40.69034624991507],[-73.95884061865866,40.68301805351871],[-73.96167086323331,40.68269090998009],[-73.96126625360922,40.680523057737524],[-73.96134655797736,40.68046352480339],[-73.95595862371361,40.67934624715075],[-73.95530907416071,40.67927313504429],[-73.95300513651556,40.67881508157644],[-73.95205238725696,40.67867465727324],[-73.94967902220125,40.678565969017555],[-73.94817564809406,40.67846291827039],[-73.9441413620078,40.67823696030941]]]},"properties":{"nta":"BK0301","name":"Bedford-Stuyvesant (West)","boro":"Brooklyn","households":34580,"owner_hh":6272,"renter_hh":28308,"turnover_all":32.6,"turnover_own":17.7,"turnover_rent":35.9,"churn_annual":13.3,"owner_share":18.1,"moe_all":2.4,"moe_own":3.7,"moe_rent":2.7,"moe_churn":5.4}},
{"type":"Feature","geometry":{"type":"Polygon","coordinates":[[[-73.92778194160518,40.692761178435696],[-73.92970192270685,40.6938633976111],[-73.93600679155794,40.69740539675269],[-73.93817718552741,40.6986402237947],[-73.93968995209084,40.69945579194408],[-73.94193078816194,40.70072523469566],[-73.94438788508441,40.70042452378234],[-73.9433880199639,40.69528899051876],[-73.94032793895992,40.67988997556707],[-73.94397347672896,40.68008812943171],[-73.9441413620078,40.67823696030941],[-73.93861682991427,40.67794381002231],[-73.93032122406522,40.67747867949525],[-73.9282411659621,40.67737106846122],[-73.92477806573909,40.677166195457175],[-73.92181538965576,40.67701839046155],[-73.92164748043935,40.67887054703222],[-73.91630119729398,40.678577112935855],[-73.91639299921366,40.678905848880056],[-73.91804606826437,40.68721324777017],[-73.92130587720511,40.68907164359742],[-73.92207133708987,40.68948984130036],[-73.92439183237524,40.69083174977931],[-73.92778194160518,40.692761178435696]]]},"properties":{"nta":"BK0302","name":"Bedford-Stuyvesant (East)","boro":"Brooklyn","households":37000,"owner_hh":9587,"renter_hh":27413,"turnover_all":29.3,"turnover_own":15,"turnover_rent":34.3,"churn_annual":12.4,"owner_share":25.9,"moe_all":2.2,"moe_own":2.8,"moe_rent":2.6,"moe_churn":5.4}},
{"type":"Feature","geometry":{"type":"Polygon","coordinates":[[[-73.9114224252523,40.70148658851843],[-73.91290404033842,40.70236189179874],[-73.91180709937288,40.703434952528376],[-73.92189184632589,40.70939609721312],[-73.92385148221487,40.707676298062445],[-73.9260893002697,40.70567970116197],[-73.92664808380245,40.70552922500417],[-73.92979994168394,40.704304529994175],[-73.93395092906454,40.70267459320026],[-73.93698073994874,40.70191027765934],[-73.93729063384521,40.701828445343004],[-73.93827139463636,40.701569642322475],[-73.93886864038006,40.70142767348361],[-73.94193078816194,40.70072523469566],[-73.93968995209084,40.69945579194408],[-73.93817718552741,40.6986402237947],[-73.93600679155794,40.69740539675269],[-73.92970192270685,40.6938633976111],[-73.92778194160518,40.692761178435696],[-73.92648129053754,40.69414089559673],[-73.92749760781884,40.694696670922035],[-73.92649981448757,40.69571178865618],[-73.92424880835952,40.69442861137507],[-73.92082397317164,40.6979176581042],[-73.91932072796105,40.697060396871564],[-73.91631608226973,40.700121391130935],[-73.91406086466664,40.69883820001634],[-73.91256832599525,40.700358348052674],[-73.9114224252523,40.70148658851843]]]},"properties":{"nta":"BK0401","name":"Bushwick (West)","boro":"Brooklyn","households":22293,"owner_hh":2492,"renter_hh":19801,"turnover_all":38.3,"turnover_own":12,"turnover_rent":41.6,"churn_annual":16.7,"owner_share":11.2,"moe_all":2.9,"moe_own":5.1,"moe_rent":3.1,"moe_churn":6.3}},
{"type":"Feature","geometry":{"type":"Polygon","coordinates":[[[-73.90139840574003,40.69158999203721],[-73.90278824618895,40.692418339708084],[-73.90579597009139,40.69412715601634],[-73.9049142412777,40.69507357132999],[-73.90426018345657,40.695700371442825],[-73.90953273138557,40.69867510512562],[-73.9110692585137,40.699563497288686],[-73.9118068203699,40.69994688252277],[-73.91067882671317,40.701045969566344],[-73.9114224252523,40.70148658851843],[-73.91256832599525,40.700358348052674],[-73.91406086466664,40.69883820001634],[-73.91631608226973,40.700121391130935],[-73.91932072796105,40.697060396871564],[-73.92082397317164,40.6979176581042],[-73.92424880835952,40.69442861137507],[-73.92649981448757,40.69571178865618],[-73.92749760781884,40.694696670922035],[-73.92648129053754,40.69414089559673],[-73.92778194160518,40.692761178435696],[-73.92439183237524,40.69083174977931],[-73.92207133708987,40.68948984130036],[-73.92130587720511,40.68907164359742],[-73.91804606826437,40.68721324777017],[-73.916798328188,40.68649720037413],[-73.91076954291489,40.68309270127145],[-73.9070182021792,40.68094827979009],[-73.9054141647853,40.67999264338024],[-73.90404639720869,40.67922059801862],[-73.90262262280305,40.68066450392094],[-73.90285763444722,40.680938444417144],[-73.90280970917435,40.682340579055165],[-73.90390258679388,40.68294632224158],[-73.90530570573458,40.68377639122045],[-73.90575547976701,40.684004419031346],[-73.90449401088728,40.68629860045694],[-73.90533913742759,40.68681723521513],[-73.90488258844303,40.687735806993494],[-73.90329720221465,40.689625018686996],[-73.90270979643178,40.690264731269025],[-73.90139840574003,40.69158999203721]]]},"properties":{"nta":"BK0402","name":"Bushwick (East)","boro":"Brooklyn","households":23198,"owner_hh":4642,"renter_hh":18556,"turnover_all":30.2,"turnover_own":14.3,"turnover_rent":34.2,"churn_annual":14.5,"owner_share":20,"moe_all":2.7,"moe_own":4.6,"moe_rent":3,"moe_churn":7}},
{"type":"Feature","geometry":{"type":"Polygon","coordinates":[[[-73.86630263765373,40.683186695104695],[-73.86659848195221,40.685269559068296],[-73.86687058500321,40.686330590623385],[-73.86745694011425,40.68840044216117],[-73.86805885132004,40.691183958237765],[-73.86855294724376,40.691099244728036],[-73.87094762223116,40.69050204147015],[-73.8717286562832,40.690276751042866],[-73.87405418194334,40.68929847935941],[-73.87570776901339,40.68856396222683],[-73.87788683558081,40.68749123448776],[-73.88027239132154,40.68628036154323],[-73.88220332990495,40.68536029033553],[-73.88819092525301,40.682555946963035],[-73.88892468085486,40.68312517001856],[-73.89015418672706,40.685003990977364],[-73.89166010659159,40.68404417857965],[-73.89258303036219,40.683491911389325],[-73.89417463179072,40.685283248672555],[-73.89554859372504,40.68379189298526],[-73.8962863462162,40.682758382586805],[-73.89667461511485,40.68187717132154],[-73.89686937732215,40.68088144953289],[-73.89710488620611,40.68047632781963],[-73.89749312007854,40.68007377672698],[-73.89827418795964,40.67972504416305],[-73.89889928133357,40.67956093540297],[-73.89969830254437,40.67954409169437],[-73.90024537639425,40.67942279151362],[-73.90262262280305,40.68066450392094],[-73.90404639720869,40.67922059801862],[-73.90145370051366,40.67769316355686],[-73.900046261425,40.676893089537934],[-73.89836229153462,40.67765827743142],[-73.89775655429092,40.67806072104932],[-73.89653676411663,40.67859358116425],[-73.89621773578595,40.67735818427185],[-73.88987439100245,40.67830215095082],[-73.8890056966442,40.67855704427393],[-73.88825585383285,40.675624736452725],[-73.88050565394393,40.67676734737556],[-73.88106271751917,40.678982687435216],[-73.8774268609061,40.68001443724301],[-73.8774049856419,40.68009994610604],[-73.876325015652,40.68040797234805],[-73.87585438312284,40.68045256217525],[-73.87358733252688,40.68109418017899],[-73.87327560272674,40.67992075299661],[-73.8711997492848,40.680221463667266],[-73.871561503842,40.68168445695972],[-73.86630263765373,40.683186695104695]]]},"properties":{"nta":"BK0501","name":"Cypress Hills","boro":"Brooklyn","households":13775,"owner_hh":4429,"renter_hh":9346,"turnover_all":21,"turnover_own":8.1,"turnover_rent":27,"churn_annual":4.3,"owner_share":32.2,"moe_all":3.2,"moe_own":3.1,"moe_rent":4.3,"moe_churn":8.6}},
{"type":"Feature","geometry":{"type":"Polygon","coordinates":[[[-73.87423134562981,40.67086239758419],[-73.87429632196029,40.671114541972855],[-73.8746248462381,40.67238934626533],[-73.87495739398062,40.67365069994859],[-73.87657495157076,40.68016700182831],[-73.8774268609061,40.68001443724301],[-73.88106271751917,40.678982687435216],[-73.88050565394393,40.67676734737556],[-73.88825585383285,40.675624736452725],[-73.8890056966442,40.67855704427393],[-73.88987439100245,40.67830215095082],[-73.89621773578595,40.67735818427185],[-73.89653676411663,40.67859358116425],[-73.89775655429092,40.67806072104932],[-73.89836229153462,40.67765827743142],[-73.900046261425,40.676893089537934],[-73.90291887174801,40.675684581420235],[-73.90347422276412,40.675506683779915],[-73.9026600822272,40.67219717914985],[-73.90228822472037,40.670936007468676],[-73.90166767758609,40.66841352919181],[-73.90085135540433,40.665345895025176],[-73.88031337261641,40.66839171039029],[-73.87848947320573,40.668654540638286],[-73.87887144433036,40.67019411414166],[-73.87518101676972,40.670724391797485],[-73.87423134562981,40.67086239758419]]]},"properties":{"nta":"BK0502","name":"East New York (North)","boro":"Brooklyn","households":14522,"owner_hh":4160,"renter_hh":10362,"turnover_all":16.7,"turnover_own":6.2,"turnover_rent":20.9,"churn_annual":5.2,"owner_share":28.6,"moe_all":3.1,"moe_own":3.4,"moe_rent":4,"moe_churn":8.7}},
{"type":"Feature","geometry":{"type":"Polygon","coordinates":[[[-73.87079131959862,40.659414474455815],[-73.86915554907343,40.66011821684555],[-73.86870555916866,40.66024919785809],[-73.86718069446954,40.66045225204078],[-73.86816354256194,40.661726877183135],[-73.86955019406784,40.66363453672914],[-73.87056885737336,40.665026724457555],[-73.87173060254777,40.66657221470668],[-73.87178992581077,40.666650895748404],[-73.87187195498561,40.66677424644798],[-73.87267060447743,40.66782346470034],[-73.87299882522359,40.668262463096866],[-73.87307498313474,40.668365898565305],[-73.87387810524098,40.66944726712268],[-73.87413027527703,40.67046829213209],[-73.87423134562981,40.67086239758419],[-73.87518101676972,40.670724391797485],[-73.87887144433036,40.67019411414166],[-73.87848947320573,40.668654540638286],[-73.88031337261641,40.66839171039029],[-73.90085135540433,40.665345895025176],[-73.90042827299183,40.66380799826674],[-73.9014511454986,40.66365836465708],[-73.9006611860288,40.6605861585068],[-73.89988908621974,40.660639807287204],[-73.89965233213725,40.66073541688037],[-73.89878859226317,40.65741288789167],[-73.90029426068193,40.657208882664854],[-73.90064904634639,40.65704155924177],[-73.90118559776651,40.65651455160301],[-73.90243821449572,40.65569197435763],[-73.90317858259424,40.6553116338363],[-73.90414221260978,40.655146421137644],[-73.90784346309921,40.654591531248215],[-73.90740035662826,40.652843990142486],[-73.90855790456779,40.65209593779417],[-73.9094484629128,40.65152159979489],[-73.90868769412022,40.65072148112169],[-73.90849084130691,40.650586418621636],[-73.90827570599564,40.65049857380647],[-73.905799836237,40.64826507856706],[-73.90509580193182,40.64760685197931],[-73.90398200421093,40.6466285675762],[-73.90309943772044,40.647199611185506],[-73.90074707802192,40.64873544459087],[-73.8977151590313,40.650665089119634],[-73.89757174709248,40.650758886929175],[-73.89680700310416,40.6512601695125],[-73.89675272131805,40.651295787078304],[-73.89586154781907,40.65188052733212],[-73.89663417850561,40.65257571567129],[-73.89761013176373,40.6534538161202],[-73.89520540200809,40.654487930027926],[-73.89354677007856,40.655202714083224],[-73.89212363927842,40.65324823740925],[-73.89194525402904,40.65302190197291],[-73.8913654349918,40.652364719948864],[-73.89003782430765,40.65117817747683],[-73.88959044172073,40.65133754696923],[-73.88628975250232,40.65276890144991],[-73.88465215840864,40.65345165419511],[-73.88221364722236,40.654518639089105],[-73.87973336009158,40.65556305865828],[-73.87079131959862,40.659414474455815]]]},"properties":{"nta":"BK0503","name":"East New York-New Lots","boro":"Brooklyn","households":19652,"owner_hh":4946,"renter_hh":14706,"turnover_all":11.5,"turnover_own":8.3,"turnover_rent":12.5,"churn_annual":6,"owner_share":25.2,"moe_all":2.1,"moe_own":3.4,"moe_rent":2.6,"moe_churn":7.1}},
{"type":"Feature","geometry":{"type":"MultiPolygon","coordinates":[[[[-73.88829183011075,40.646718719070236],[-73.88820050726648,40.64714086952931],[-73.88864137641359,40.647079553316225],[-73.8884678792323,40.646899734553365],[-73.88829183011075,40.646718719070236]]],[[[-73.8912185346906,40.64998769862287],[-73.89056792801554,40.64920863318472],[-73.8903473469377,40.64903360577825],[-73.88995674148609,40.649262002448275],[-73.88951952614768,40.64887066697416],[-73.88924677936008,40.648745653606966],[-73.88879178231977,40.64831334890441],[-73.88863638434091,40.64802449261584],[-73.8876407216664,40.64780239050999],[-73.88751623181268,40.647415160693775],[-73.8877261123322,40.64714302920005],[-73.8876366864041,40.64632545126527],[-73.8872011346553,40.64560217221961],[-73.8867313485283,40.645131935824374],[-73.88600571109939,40.644571258201715],[-73.88557762083002,40.644040949789364],[-73.88480750411117,40.64394630368048],[-73.88432452601283,40.64410228062388],[-73.8839954100457,40.644367935456344],[-73.88369759560302,40.6443519881636],[-73.8834199920301,40.64452381564969],[-73.88302004751286,40.64417919237718],[-73.88214832562561,40.64374372784077],[-73.88224108165646,40.64345349240928],[-73.88175314434555,40.6429054764812],[-73.88139306230616,40.64234733997931],[-73.88057274225547,40.64206888862867],[-73.88006714132516,40.64200344612432],[-73.88002616426255,40.641718113296164],[-73.88047801022172,40.641118964553314],[-73.88016780438186,40.64089741352884],[-73.87986381281378,40.640338477470905],[-73.87925450826968,40.64001136633772],[-73.8788424524122,40.639465745034364],[-73.87861705134131,40.63936526540971],[-73.87856413320743,40.639043557109915],[-73.87835076408712,40.6388716137437],[-73.87726831889839,40.641059882632305],[-73.87647131030829,40.642611496749176],[-73.87569004844254,40.64395294184533],[-73.87496902392854,40.64499901328621],[-73.87429203830877,40.64585201279075],[-73.87386033921213,40.64631440559564],[-73.87672192491897,40.650323221968065],[-73.87676193956312,40.65056095449536],[-73.87910837326932,40.653706235539076],[-73.87924124622316,40.65373718643219],[-73.87971979034292,40.65437592977654],[-73.87921658230903,40.65459108377317],[-73.87352036861594,40.64687620940508],[-73.87342508856524,40.64678123051601],[-73.87212331899717,40.64790420924614],[-73.87126256274371,40.64854752389198],[-73.87009699471778,40.649295986211925],[-73.86926701623626,40.64976801575459],[-73.86538194455233,40.651844020147244],[-73.86278597174731,40.65326299668103],[-73.86054077728362,40.65462399727893],[-73.86086853692812,40.65507780674099],[-73.862062378821,40.65519818058511],[-73.8624447024965,40.65529380176551],[-73.86365885695245,40.6558967438655],[-73.86433176940868,40.65662881328523],[-73.86718069446948,40.66045225204078],[-73.86870555916866,40.66024919785813],[-73.86915554907337,40.66011821684559],[-73.87079131959862,40.659414474455815],[-73.87973336009162,40.65556305865828],[-73.8822136472222,40.65451863908914],[-73.88465215840864,40.653451654195145],[-73.88628975250232,40.65276890144991],[-73.8900058905851,40.65114869763263],[-73.89125147174484,40.65002559738419],[-73.8912185346906,40.64998769862287]]]]},"properties":{"nta":"BK0504","name":"Spring Creek-Starrett City","boro":"Brooklyn","households":8244,"owner_hh":757,"renter_hh":7487,"turnover_all":18.7,"turnover_own":11,"turnover_rent":19.5,"churn_annual":3.9,"owner_share":9.2,"moe_all":4.1,"moe_own":14.7,"moe_rent":4.3,"moe_churn":12.6}},
{"type":"Feature","geometry":{"type":"Polygon","coordinates":[[[-73.86334943460909,40.67935164139093],[-73.86398968770034,40.681929562666696],[-73.86410096591099,40.68237285029176],[-73.86499404457143,40.68212897040169],[-73.86601993132695,40.6819195870272],[-73.8662717406957,40.68303406835433],[-73.86630263765373,40.683186695104695],[-73.87156150384195,40.68168445695976],[-73.87119974928474,40.680221463667266],[-73.87327560272679,40.67992075299661],[-73.87358733252688,40.68109418017904],[-73.87585438312279,40.6804525621753],[-73.876325015652,40.68040797234809],[-73.87740498564185,40.680099946106075],[-73.8774268609061,40.68001443724301],[-73.87657495157083,40.68016700182831],[-73.87495739398062,40.673650699948624],[-73.8746248462381,40.67238934626533],[-73.87429632196029,40.671114541972855],[-73.87423134562981,40.67086239758423],[-73.87413027527697,40.67046829213213],[-73.87387810524088,40.66944726712268],[-73.87307498313474,40.668365898565305],[-73.87299882522359,40.668262463096866],[-73.87267060447743,40.66782346470034],[-73.87187195498561,40.66677424644798],[-73.87178992581077,40.666650895748404],[-73.87173060254777,40.66657221470668],[-73.87056885737336,40.665026724457555],[-73.86955019406784,40.66363453672914],[-73.86816354256194,40.661726877183135],[-73.86718069446948,40.66045225204078],[-73.86433176940868,40.65662881328523],[-73.86365885695245,40.6558967438655],[-73.8624447024965,40.65529380176551],[-73.862062378821,40.65519818058511],[-73.86086853692812,40.65507780674099],[-73.86098917309896,40.65520976710481],[-73.86173355547587,40.655295221774196],[-73.86264117343056,40.655667537510446],[-73.86297273464301,40.65600294072241],[-73.86306966718756,40.65633168196846],[-73.86300171715261,40.65665375737046],[-73.86327623068608,40.65694121532838],[-73.86300321585045,40.65726420084887],[-73.86300202201295,40.657488116627455],[-73.86269778233431,40.65761830951434],[-73.86317083274403,40.65827651294824],[-73.86174758871223,40.658938356509275],[-73.86118875481395,40.65925462639104],[-73.8603049456405,40.65963465530415],[-73.85851436327641,40.659898942467976],[-73.85761537119573,40.66011893315323],[-73.85811779181252,40.6620365707914],[-73.85842950725181,40.66345336143299],[-73.85753563257148,40.66359786251294],[-73.85568461155025,40.663867492874914],[-73.85618809527944,40.66584655563057],[-73.85646311788963,40.66704176388981],[-73.8572467571579,40.67017405168134],[-73.85763323108368,40.6716561940382],[-73.86038519788714,40.67125171098911],[-73.8607751270325,40.672805623242645],[-73.86114396036486,40.674330147449425],[-73.86131863516538,40.67502126881478],[-73.86139775866567,40.67533659098523],[-73.86171238585418,40.676610596476316],[-73.86225942935181,40.67881678615468],[-73.86234580380983,40.6791647861452],[-73.86328296876182,40.679079371676984],[-73.86330964115896,40.6791679696623],[-73.86334943460909,40.67935164139093]]]},"properties":{"nta":"BK0505","name":"East New York-City Line","boro":"Brooklyn","households":15755,"owner_hh":2969,"renter_hh":12786,"turnover_all":17.5,"turnover_own":8.2,"turnover_rent":19.7,"churn_annual":2.9,"owner_share":18.8,"moe_all":4,"moe_own":5.3,"moe_rent":4.7,"moe_churn":8.6}},
{"type":"Feature","geometry":{"type":"Polygon","coordinates":[[[-73.9923636691119,40.68969012377707],[-73.99623278034552,40.69075777508913],[-73.99776924312978,40.69119469786095],[-73.99991517234571,40.69176723001051],[-74.00062303398147,40.692041490667684],[-74.00161727401692,40.692549071104274],[-74.00174362045013,40.69240674970571],[-74.0019693846005,40.69184320932286],[-74.00132562245747,40.691463100332285],[-74.00069905775847,40.69061185841928],[-74.00096156810918,40.690128768350306],[-74.00185304458597,40.690387987747215],[-74.00196321838801,40.690136379460945],[-74.00297565282497,40.69042657592095],[-74.00382038787677,40.68892964469957],[-74.00459270367709,40.68821522298688],[-74.00562986242365,40.68678420604387],[-74.00588224095202,40.68619576889382],[-74.00644146744301,40.6862884902324],[-74.00701988594629,40.68652641769694],[-74.00776833547116,40.68624913667182],[-74.00816414527883,40.68617471716172],[-74.01193259845039,40.68388774915527],[-74.01178272201219,40.68375999600209],[-74.01077312339376,40.68435861554113],[-74.00967108558879,40.6832687277152],[-74.01301835422089,40.68041237351195],[-74.01387398777976,40.68100981281652],[-74.0136086320426,40.681221946728435],[-74.01410549647974,40.6817125193757],[-74.01213481688782,40.68290592752274],[-74.0128200026682,40.683622416497656],[-74.01532059732718,40.6821107287809],[-74.0152008227914,40.68197941993083],[-74.01746928771095,40.6806147317012],[-74.01772532572437,40.6806619026738],[-74.01899105339405,40.67990499420677],[-74.01928128058009,40.67964814059567],[-74.01955261263596,40.679029252084796],[-74.01943955737208,40.678933293624425],[-74.01857882788785,40.6789830794726],[-74.01827026139368,40.67855421845979],[-74.01840544611011,40.678442220565046],[-74.01843040661592,40.67790832085988],[-74.01904108711268,40.67787662401794],[-74.01914183574368,40.67772313432801],[-74.01908257386326,40.67713956404772],[-74.01995197798658,40.67710301045033],[-74.01976925613235,40.676613224917496],[-74.01910890308608,40.676544281888326],[-74.0179768500937,40.676567915703615],[-74.01789112493171,40.67615613216415],[-74.01801753445869,40.67588437806047],[-74.01853710727036,40.675768791002604],[-74.0184103133308,40.6755190609859],[-74.01798640472792,40.67512514362125],[-74.01817618274653,40.67446417703691],[-74.01811536390225,40.674342701682505],[-74.01727138470127,40.673608645805764],[-74.01880094776905,40.672250764346316],[-74.01816839214773,40.67193924060138],[-74.01496392184586,40.674677630796985],[-74.01457946720949,40.674414017071776],[-74.01632099856305,40.6729082700666],[-74.01511918663974,40.67215699647189],[-74.01336378218154,40.67359153743714],[-74.01297587792189,40.673327918721135],[-74.01422923190441,40.67220720499051],[-74.01428722178991,40.67224118300007],[-74.01568625497515,40.671038834929035],[-74.01559644489554,40.670970477517535],[-74.01423289386774,40.67213000051333],[-74.01387273763245,40.671880761760626],[-74.01519980570059,40.67075402716193],[-74.01508006471072,40.67068567329571],[-74.01427407257732,40.67137929918199],[-74.01399134213443,40.67119359160899],[-74.0135519860544,40.671256934879956],[-74.01261963416788,40.67084190944324],[-74.0120187390836,40.670913804942636],[-74.01175350509682,40.67065775657339],[-74.01424180477487,40.66980837003645],[-74.01406219828175,40.66970583893924],[-74.01162527521356,40.67058102827607],[-74.01154288031555,40.669784342247965],[-74.01087343978188,40.66971011555861],[-74.01091024340414,40.66919049236966],[-74.01033845947936,40.6690781954482],[-74.0103568366731,40.66864283538869],[-74.01087664028975,40.668601615763706],[-74.012279678728,40.66573241466164],[-74.0159369853455,40.66547079172169],[-74.01602551776006,40.66486304878832],[-74.01648665554497,40.664930508953994],[-74.01668768368857,40.665437066264516],[-74.0175103708668,40.67103453048172],[-74.01888283363327,40.6716016662056],[-74.01933946871777,40.671624948422796],[-74.01876336878675,40.671075874494576],[-74.01857605010876,40.67039241387013],[-74.0178871914939,40.66585046628554],[-74.01744446050978,40.665267995849405],[-74.01690267361069,40.66484660233906],[-74.01574872882642,40.66456833578927],[-74.01154017543327,40.66508591975687],[-74.00985411855622,40.66852362833563],[-74.00708724287807,40.66859135803337],[-74.00779653349619,40.66715977077744],[-74.00754821618384,40.66705174573376],[-74.00680345938899,40.66859137516594],[-74.00661572118399,40.66862315627225],[-74.00543926529352,40.670921468238674],[-74.00475388692325,40.670721358945194],[-74.00604596458896,40.66805324348066],[-74.00689986821116,40.66621917246326],[-74.0067739393059,40.666184505684576],[-74.00600224394499,40.667890140099864],[-74.00510227346257,40.66797564722585],[-74.00363026351539,40.667567523859304],[-74.00369462000522,40.667427611208595],[-74.00319075274841,40.66726319981512],[-74.00289483876944,40.66734846594961],[-74.00221506816538,40.66857863744141],[-74.00141527037158,40.66835941484979],[-74.0010566411318,40.668945681214886],[-74.00030337808879,40.66871689249724],[-73.9993110109892,40.67077263954945],[-73.99868108170396,40.6717391581064],[-73.99861887970056,40.67183017306753],[-73.99855090521774,40.671925941858525],[-73.99837200148168,40.67164106023757],[-73.99815511730762,40.67127690807662],[-73.99662320199391,40.66885325710942],[-73.99631850303255,40.668672552516945],[-73.9959787857856,40.66799800665267],[-73.99585129124448,40.667972496002136],[-73.99470274029683,40.66666521075333],[-73.99277080526319,40.665507281433285],[-73.99223462237374,40.66613762483646],[-73.99173365144983,40.66673659594483],[-73.9907255896683,40.66794617267989],[-73.98871322517377,40.67035690652945],[-73.98420294555659,40.675771200790294],[-73.9839004868075,40.67614865315689],[-73.98003510016257,40.68185262673844],[-73.97961680019212,40.68249127021333],[-73.98828293641336,40.685866785622224],[-73.98912840596947,40.68458945307349],[-73.99392929483827,40.68645287164917],[-73.9923636691119,40.68969012377707]]]},"properties":{"nta":"BK0601","name":"Carroll Gardens-Cobble Hill-Gowanus-Red Hook","boro":"Brooklyn","households":26206,"owner_hh":8127,"renter_hh":18079,"turnover_all":28.6,"turnover_own":17.7,"turnover_rent":33.4,"churn_annual":12.1,"owner_share":31,"moe_all":1.9,"moe_own":2.6,"moe_rent":2.4,"moe_churn":6.4}},
{"type":"Feature","geometry":{"type":"Polygon","coordinates":[[[-73.9737608483554,40.683049408639775],[-73.97595023203937,40.68351323204944],[-73.97745722009145,40.68405228761326],[-73.97807729552638,40.684914940390115],[-73.97838862495654,40.68442334204905],[-73.97842970600956,40.68435561266224],[-73.97876022374882,40.68376544498573],[-73.98003510016257,40.681852626738404],[-73.98390048680756,40.67614865315686],[-73.98420294555675,40.675771200790244],[-73.9867090529935,40.67276673262675],[-73.98871322517387,40.67035690652941],[-73.99173365144995,40.66673659594479],[-73.98223034125154,40.66214149329629],[-73.98017161015706,40.66115465898049],[-73.97965353410314,40.661243234233666],[-73.97784275025613,40.66340177013401],[-73.97533714558601,40.666419096702185],[-73.97181594566749,40.670629475975275],[-73.97085440635134,40.671864365277],[-73.97040734461665,40.67264721993092],[-73.96966394014534,40.67264236853741],[-73.9689420635121,40.67288749244305],[-73.96874661560128,40.67344700638468],[-73.96878201959517,40.67425035414245],[-73.96905954668775,40.67480803290706],[-73.96969317461117,40.67536085543849],[-73.96949738784443,40.67590638046702],[-73.9718859677279,40.67639465347954],[-73.97368695690128,40.677078002416586],[-73.97618051198288,40.67806432146616],[-73.97469118307237,40.68026661680474],[-73.97450395729587,40.680733203826925],[-73.97372622021345,40.682934108741456],[-73.9737608483554,40.683049408639775]]]},"properties":{"nta":"BK0602","name":"Park Slope","boro":"Brooklyn","households":25910,"owner_hh":11172,"renter_hh":14738,"turnover_all":32.4,"turnover_own":18.9,"turnover_rent":42.7,"churn_annual":14.6,"owner_share":43.1,"moe_all":2,"moe_own":2.8,"moe_rent":2.5,"moe_churn":5.2}},
{"type":"Feature","geometry":{"type":"Polygon","coordinates":[[[-73.98017161015706,40.66115465898049],[-73.98223034125154,40.66214149329629],[-73.99173365144995,40.66673659594479],[-73.99223462237391,40.666137624836416],[-73.99277080526329,40.66550728143325],[-73.99054502657869,40.664165161205574],[-73.98831729043945,40.662786248718135],[-73.98871650971678,40.662404938861954],[-73.98725068844568,40.66037895632435],[-73.98843135164148,40.659251212160505],[-73.98179568630415,40.655246097660815],[-73.98029115411198,40.647297162101445],[-73.97527213369506,40.6478306045699],[-73.97350396771813,40.64759568055623],[-73.97314769453953,40.64760290115232],[-73.97139631534189,40.64825778611389],[-73.97208846041416,40.65065690875382],[-73.97234114832939,40.65065904882531],[-73.97267603644913,40.65093060181049],[-73.97265896537891,40.65118315316246],[-73.97232846200066,40.65139792975296],[-73.97355493871179,40.655643939745445],[-73.97379189900364,40.65639232394653],[-73.9741195332629,40.65769375242138],[-73.97448233880716,40.65833944977854],[-73.9751573801199,40.65872279478508],[-73.97957869941625,40.66085324282395],[-73.9798419786684,40.660727450903565],[-73.98021005158438,40.66092332310807],[-73.98017161015706,40.66115465898049]]]},"properties":{"nta":"BK0701","name":"Windsor Terrace-South Slope","boro":"Brooklyn","households":10712,"owner_hh":4801,"renter_hh":5911,"turnover_all":25.1,"turnover_own":13.5,"turnover_rent":34.6,"churn_annual":10.6,"owner_share":44.8,"moe_all":2.6,"moe_own":3.5,"moe_rent":2.4,"moe_churn":9.2}},
{"type":"Feature","geometry":{"type":"Polygon","coordinates":[[[-73.99277080526329,40.66550728143325],[-73.99470274029683,40.66666521075333],[-73.99585129124459,40.667972496002136],[-73.99597878578565,40.66799800665263],[-73.99631850303255,40.668672552516945],[-73.99662320199404,40.66885325710938],[-73.99815511730756,40.67127690807662],[-73.99837200148163,40.67164106023757],[-73.99855090521784,40.67192594185849],[-73.99868108170396,40.6717391581064],[-73.99855824468392,40.67133550167012],[-73.99889207315205,40.669938436175045],[-73.99891160167891,40.66964857863971],[-73.99865580691613,40.66951479504553],[-73.99907935327975,40.669038271861766],[-73.99924049105036,40.66830628656016],[-73.99998149339123,40.66745027440626],[-74.00068774868765,40.66754595189897],[-74.00146470932711,40.66716956921032],[-74.00120611348311,40.66701810770558],[-74.00161950021092,40.66676627917465],[-74.00224030991377,40.66679383514536],[-74.00292463516385,40.666462311660986],[-73.99953152609916,40.66439748543451],[-74.00003024177393,40.663821369387385],[-74.00083401108444,40.66300644168673],[-74.00113519509658,40.662901723050105],[-74.00486193792659,40.665064821938365],[-74.00528132177341,40.664657003524155],[-74.00432294897378,40.66405231997546],[-74.00459238636758,40.6637352003356],[-74.00340348595631,40.66298572659844],[-74.00362862442566,40.662734847032176],[-74.0043005326748,40.66309186240489],[-74.00565025959585,40.66390033784394],[-74.00589272459429,40.66419031812338],[-74.00712532646746,40.66491521897707],[-74.00731878365985,40.66472986075789],[-74.00772133506703,40.66471863301997],[-74.0056134868175,40.66345839025494],[-74.00599748682693,40.66325861082871],[-74.00473298121777,40.66249650399685],[-74.00455498488712,40.66281637291291],[-74.0034880110065,40.66224055612868],[-74.00380815470885,40.66190794572834],[-74.00422549172734,40.662176961221],[-74.00592360503035,40.66310825073926],[-74.00622698247925,40.662787827861145],[-74.00562039670656,40.66249392634694],[-74.00512364857586,40.66214455881172],[-74.00414624892214,40.66156163568148],[-74.00428358250127,40.661444894604045],[-74.00568594756896,40.662274740863296],[-74.00616141136321,40.66184506899067],[-74.00868371591301,40.663372012840405],[-74.00955074142036,40.66326769413055],[-74.01046331724486,40.66264211928766],[-74.01037201297213,40.66239887922756],[-74.00745858163896,40.66055847621009],[-74.0085995696829,40.65952092309843],[-74.01023484431789,40.660461186551224],[-74.01265358811494,40.66198165403776],[-74.01315554938815,40.661981597726125],[-74.01402247678024,40.661529747440255],[-74.0111075041031,40.659706274580806],[-74.01183861990557,40.65891283727497],[-74.01366273992603,40.66002878063704],[-74.01400428392415,40.65981196344029],[-74.01554165388995,40.66075835497372],[-74.01745803087904,40.6594501973869],[-74.01442130484553,40.65760802195157],[-74.01504738221857,40.656950386693595],[-74.0175051641058,40.65827237429779],[-74.01774232727507,40.65809891722771],[-74.01543632269649,40.656632396759846],[-74.01585370056803,40.656213239550404],[-74.01860569460999,40.65784587402304],[-74.01910843803122,40.657368884303644],[-74.01639437533764,40.65562064234835],[-74.01665047959762,40.65533879657235],[-74.01691617851085,40.655483275460526],[-74.01726715936587,40.655194187986666],[-74.01970596410247,40.656581164253794],[-74.01980081651999,40.65648721058484],[-74.01741891331389,40.65499184067715],[-74.01715319581027,40.65477510436229],[-74.01787407223816,40.65406150233102],[-74.02005182454282,40.65533594837208],[-74.02025589052927,40.655118262881324],[-74.01811897810481,40.653885271105544],[-74.01872686588685,40.65347431052458],[-74.01896698068849,40.65386840770727],[-74.01961958177249,40.654165329052454],[-74.02047461820185,40.65421658922733],[-74.02164486415359,40.65487898237747],[-74.02182479745483,40.654656175282994],[-74.02114963484493,40.65421075521175],[-74.02162946295482,40.653645164713645],[-74.02210195162452,40.653587953807815],[-74.0230621908923,40.65423323629213],[-74.02320464661133,40.654096116315586],[-74.0211867002789,40.65283983689552],[-74.02162153367617,40.6523199512907],[-74.02195900090581,40.652222781468346],[-74.02285167504515,40.652742411591674],[-74.02333174650832,40.652942240183464],[-74.02359434497575,40.653216369464516],[-74.02380703903108,40.65304472800908],[-74.02089862870834,40.65124727521847],[-74.02098261225878,40.65115682316047],[-74.02225173199727,40.65198160200956],[-74.02233734666851,40.651910605884375],[-74.021052303922,40.65109828242533],[-74.02154138319224,40.65067162291142],[-74.0226216193615,40.65131155917619],[-74.02272372729811,40.65129732327167],[-74.02522662972642,40.65282985645723],[-74.02536890150519,40.652721436927436],[-74.02285141795983,40.65116919516191],[-74.0230599104703,40.65097430413495],[-74.0235940029519,40.65131566325391],[-74.02417752973396,40.651191773212354],[-74.02541604028593,40.65193380685525],[-74.02550139045745,40.651839851034374],[-74.0242402134753,40.65113351631357],[-74.02477160495674,40.65068770743557],[-74.0251025719024,40.65089330557706],[-74.02491122849001,40.65110628478831],[-74.02552971543656,40.65147855069301],[-74.02605133196799,40.6509943007433],[-74.02541553929463,40.6506186970827],[-74.02520581187575,40.65081846789953],[-74.02484436363463,40.650599638559754],[-74.02553864578064,40.649782159850815],[-74.02496792051134,40.64860596176524],[-74.0251291195524,40.64832318145743],[-74.0241456605057,40.64761510126002],[-74.02507111364082,40.646725615876186],[-74.0253814926528,40.64691234572411],[-74.02571758804812,40.64661549229113],[-74.02938990486598,40.64880405461148],[-74.02974078211051,40.648486025708],[-74.0260494840032,40.64626135032635],[-74.0270343422336,40.64519782098356],[-74.02820569545007,40.64401598289046],[-74.02896958145098,40.64449746101717],[-74.02908090885776,40.64440359693054],[-74.03051830863373,40.64527442420405],[-74.03189708494338,40.64388934936995],[-74.03226870865848,40.644074379795335],[-74.03254173795621,40.64382548384952],[-74.03229711356427,40.64358131402034],[-74.02983102766748,40.64231935702312],[-74.02905539842813,40.641725343057495],[-74.02889666687089,40.641214022315275],[-74.02740210000273,40.640544186153065],[-74.02623698497376,40.64012649118057],[-74.02695244579795,40.63944606504528],[-74.02475437516867,40.638121418092],[-74.02392610646177,40.638898858183836],[-74.02354939088755,40.639320333692616],[-74.02321780147307,40.639901514603906],[-74.02227765176714,40.64069060926042],[-74.02124787116283,40.641405996396756],[-74.02165148953341,40.64060369381961],[-74.02185196301879,40.63981609883456],[-74.02151645369392,40.638880612453256],[-74.02108731109375,40.63826358797882],[-74.01843070248944,40.640837328059646],[-74.0161671138716,40.63948244207226],[-74.00624091974542,40.649022426337815],[-74.00216555904997,40.65294931445429],[-73.9951689013215,40.65966952271436],[-73.99296401909986,40.658337410465236],[-73.99238339417467,40.65889901642459],[-73.99018841435026,40.65760081883135],[-73.98843135164148,40.659251212160505],[-73.98725068844568,40.66037895632435],[-73.98871650971678,40.662404938861954],[-73.98831729043945,40.662786248718135],[-73.99054502657869,40.664165161205574],[-73.99277080526329,40.66550728143325]]]},"properties":{"nta":"BK0702","name":"Sunset Park (West)","boro":"Brooklyn","households":16922,"owner_hh":4629,"renter_hh":12293,"turnover_all":23.4,"turnover_own":15.8,"turnover_rent":26.3,"churn_annual":9.6,"owner_share":27.4,"moe_all":2.4,"moe_own":3.8,"moe_rent":2.9,"moe_churn":7.2}},
{"type":"Feature","geometry":{"type":"Polygon","coordinates":[[[-73.99604565308658,40.64834065543173],[-73.9983060225172,40.6497400157821],[-73.99779466021471,40.65028888997859],[-74.00216555904997,40.65294931445429],[-74.00624091974542,40.649022426337815],[-74.0161671138716,40.63948244207226],[-74.01843070248944,40.640837328059646],[-74.02108731109375,40.63826358797882],[-74.02058750260608,40.637815160580146],[-74.01950459968758,40.63710857497378],[-74.01932871206093,40.63708062104873],[-74.01757873416932,40.63602344085207],[-74.01677396046787,40.63543514343929],[-74.0162903593378,40.635911128329674],[-74.0141087779382,40.63456399781326],[-74.01190823714875,40.633234404781916],[-74.01074220024502,40.634356548825785],[-74.00702302420386,40.6321099954766],[-74.00556490260222,40.63308317691705],[-74.00955708305906,40.63549296413139],[-74.00021421289095,40.644478300494036],[-73.99702216168652,40.64753779228902],[-73.99604565308658,40.64834065543173]]]},"properties":{"nta":"BK0703","name":"Sunset Park (Central)","boro":"Brooklyn","households":13497,"owner_hh":3575,"renter_hh":9922,"turnover_all":18.2,"turnover_own":9.2,"turnover_rent":21.4,"churn_annual":6.8,"owner_share":26.5,"moe_all":2.4,"moe_own":3.5,"moe_rent":3,"moe_churn":7.4}},
{"type":"Feature","geometry":{"type":"Polygon","coordinates":[[[-73.96133695405295,40.671356771472105],[-73.96007345824275,40.674864284656856],[-73.96318238724278,40.67552950499114],[-73.96153961824396,40.68008625502684],[-73.96134655797736,40.68046352480339],[-73.96329205483484,40.68088158589589],[-73.96868961225599,40.682005257597126],[-73.97186424138634,40.68267028730832],[-73.9737608483554,40.683049408639775],[-73.97372622021345,40.682934108741456],[-73.97450395729587,40.680733203826925],[-73.97469118307237,40.68026661680474],[-73.97618051198288,40.67806432146616],[-73.97368695690128,40.677078002416586],[-73.9718859677279,40.67639465347954],[-73.96949738784443,40.67590638046702],[-73.96969317461117,40.67536085543849],[-73.96905954668775,40.67480803290706],[-73.96878201959517,40.67425035414245],[-73.96874661560128,40.67344700638468],[-73.9689420635121,40.67288749244305],[-73.96807253537435,40.6729291708917],[-73.96678080557534,40.672725594380225],[-73.96540296537428,40.67237509045869],[-73.96342046961198,40.67181116277319],[-73.96257122996718,40.6716222448872],[-73.96133695405295,40.671356771472105]]]},"properties":{"nta":"BK0801","name":"Prospect Heights","boro":"Brooklyn","households":11243,"owner_hh":4016,"renter_hh":7227,"turnover_all":33.5,"turnover_own":18.1,"turnover_rent":42.1,"churn_annual":14.4,"owner_share":35.7,"moe_all":3.3,"moe_own":4,"moe_rent":4.2,"moe_churn":8.8}},
{"type":"Feature","geometry":{"type":"Polygon","coordinates":[[[-73.9441413620078,40.67823696030941],[-73.94817564809406,40.67846291827039],[-73.94967902220125,40.678565969017555],[-73.95205238725696,40.67867465727324],[-73.95300513651556,40.67881508157644],[-73.95530907416071,40.67927313504429],[-73.95595862371361,40.67934624715075],[-73.96134655797736,40.68046352480339],[-73.96153961824396,40.68008625502684],[-73.96318238724278,40.67552950499114],[-73.96007345824275,40.674864284656856],[-73.96133695405295,40.671356771472105],[-73.95797317047779,40.670657274075886],[-73.95526963588756,40.670124904854006],[-73.95087469564794,40.669887099839485],[-73.93942695553798,40.6692486841668],[-73.92834967077835,40.668647195192946],[-73.92552759707489,40.66849968981699],[-73.92502205241219,40.66797321324802],[-73.92468755645531,40.667467611952894],[-73.92424467142557,40.666445000386],[-73.92275257154432,40.66709733296182],[-73.92181538965576,40.67701839046155],[-73.92477806573909,40.677166195457175],[-73.9282411659621,40.67737106846122],[-73.93032122406522,40.67747867949525],[-73.93861682991427,40.67794381002231],[-73.9441413620078,40.67823696030941]]]},"properties":{"nta":"BK0802","name":"Crown Heights (North)","boro":"Brooklyn","households":37294,"owner_hh":5737,"renter_hh":31557,"turnover_all":27.3,"turnover_own":12,"turnover_rent":30.1,"churn_annual":12.7,"owner_share":15.4,"moe_all":2,"moe_own":3.9,"moe_rent":2.2,"moe_churn":5.3}},
{"type":"Feature","geometry":{"type":"Polygon","coordinates":[[[-73.96133695405295,40.671356771472105],[-73.96257122996718,40.6716222448872],[-73.96125791595294,40.66480182458198],[-73.96095595387625,40.663285054834205],[-73.96061544666398,40.66330275016788],[-73.96033682784264,40.664108698850846],[-73.95729172603521,40.66430263281961],[-73.95720935303154,40.66351739727999],[-73.94816604109201,40.66408182298385],[-73.94546293588459,40.664226104639035],[-73.94269628894011,40.66405513024062],[-73.94282892158841,40.66284748566903],[-73.93237940020131,40.66349779031479],[-73.93160743269029,40.66355672329819],[-73.93068465339032,40.663620477274634],[-73.92872204440549,40.664495570187086],[-73.92852469684343,40.66686656071783],[-73.92834967077835,40.668647195192946],[-73.93942695553798,40.6692486841668],[-73.95087469564794,40.669887099839485],[-73.95526963588756,40.670124904854006],[-73.95797317047779,40.670657274075886],[-73.96133695405295,40.671356771472105]]]},"properties":{"nta":"BK0901","name":"Crown Heights (South)","boro":"Brooklyn","households":20383,"owner_hh":3496,"renter_hh":16887,"turnover_all":22.5,"turnover_own":14.2,"turnover_rent":24.2,"churn_annual":8.9,"owner_share":17.2,"moe_all":2.6,"moe_own":5.3,"moe_rent":2.9,"moe_churn":7.1}},
{"type":"Feature","geometry":{"type":"Polygon","coordinates":[[[-73.93160743269029,40.66355672329819],[-73.93237940020131,40.66349779031479],[-73.94282892158841,40.66284748566903],[-73.94269628894011,40.66405513024062],[-73.94546293588459,40.664226104639035],[-73.94816604109201,40.66408182298385],[-73.95720935303154,40.66351739727999],[-73.95729172603521,40.66430263281961],[-73.96033682784264,40.664108698850846],[-73.96061544666398,40.66330275016788],[-73.96095595387625,40.663285054834205],[-73.96224973769083,40.66319867920011],[-73.96293049680706,40.66256904355103],[-73.96308285464555,40.6621311680137],[-73.96245536479184,40.65828697802705],[-73.9618808635178,40.65488119255471],[-73.9598610304711,40.65563478943926],[-73.95969665731047,40.65483921522851],[-73.95630034968731,40.65504828183075],[-73.95638851524795,40.65587456589966],[-73.95015965960431,40.656260231585044],[-73.95006664861296,40.65542299720048],[-73.9424014784059,40.655884811594845],[-73.93090354800286,40.656610355983545],[-73.93108323032916,40.65829591603608],[-73.93399584733432,40.65811864639278],[-73.93423037418957,40.66041523394781],[-73.93132569626003,40.66059330752637],[-73.93160218606788,40.66323044440038],[-73.93160743269029,40.66355672329819]]]},"properties":{"nta":"BK0902","name":"Prospect Lefferts Gardens-Wingate","boro":"Brooklyn","households":20116,"owner_hh":4625,"renter_hh":15491,"turnover_all":25.4,"turnover_own":17.3,"turnover_rent":27.8,"churn_annual":10.8,"owner_share":23,"moe_all":2.5,"moe_own":5.5,"moe_rent":2.6,"moe_churn":8.1}},
{"type":"Feature","geometry":{"type":"Polygon","coordinates":[[[-74.03229711356427,40.64358131402034],[-74.03264128960326,40.643787313444456],[-74.0328750723014,40.64358331588979],[-74.03407329294261,40.644313932964096],[-74.03445193181336,40.643826786179915],[-74.0367030786914,40.64168561987419],[-74.03673986629596,40.641476365961495],[-74.03598039447236,40.640945949068644],[-74.03571276150703,40.640640153544076],[-74.03620061021041,40.640011296222134],[-74.0367248437491,40.63914119070946],[-74.03868804690734,40.639738256029766],[-74.03876297920756,40.63958825898071],[-74.03680662048852,40.638984221545684],[-74.03716802527984,40.63828509707224],[-74.0392938862443,40.63388635429685],[-74.04075254608281,40.63069708360175],[-74.04108754808362,40.63009962710564],[-74.04109062117575,40.62972570042882],[-74.04130076687973,40.629006053221694],[-74.04142918710248,40.62807066515714],[-74.04168321534904,40.625383542174745],[-74.04187652595662,40.624519338796674],[-74.04189123679114,40.62406041415034],[-74.04171015812501,40.623305321114586],[-74.04174932346254,40.62245699566966],[-74.04157983976576,40.621275834920496],[-74.04161740773601,40.62056271454592],[-74.04137522891622,40.61999355346801],[-74.04112777288331,40.61878605661577],[-74.04072760517789,40.61705041589292],[-74.04047612021456,40.61562526265908],[-74.0401309258418,40.614791910665474],[-74.03988803676428,40.61434977819015],[-74.03902502118396,40.61315897594866],[-74.03728195460295,40.611618849577106],[-74.03677472908987,40.610996879446326],[-74.03656290096733,40.61058758653189],[-74.03629809449258,40.60980961764882],[-74.03603977712005,40.60929563967238],[-74.03314563767931,40.61022748904745],[-74.03305759462428,40.61036313413539],[-74.03191627050194,40.6108260573134],[-74.03144638476843,40.611119815177794],[-74.03092614322439,40.61159481883462],[-74.03011670311152,40.6126052212399],[-74.02897220400884,40.613516131626284],[-74.02838485305573,40.614249500283414],[-74.02628975618764,40.61632930025018],[-74.02574988994118,40.61605822319581],[-74.0262473222208,40.61510478205828],[-74.02754297128648,40.61293718370709],[-74.02653228128796,40.61242537076849],[-74.02637608903271,40.61245060340258],[-74.02710660402954,40.61024395699479],[-74.02477732180097,40.60969599853231],[-74.02457855339098,40.61022330197534],[-74.02279661768304,40.61457960260859],[-74.02160848369019,40.617536738796716],[-74.02121548198697,40.61847198527955],[-74.0228759867753,40.61946614790912],[-74.02117699394131,40.62125785686026],[-74.02062330968212,40.6218062515638],[-74.02060828063125,40.6219261742007],[-74.02008667136593,40.62242095266232],[-74.019704914692,40.622184965511],[-74.01905300891278,40.623601020871455],[-74.01895456586776,40.624054560046574],[-74.01784193302115,40.626590694376844],[-74.01574804270588,40.63176426971432],[-74.01514630614152,40.63322193848755],[-74.01560204903264,40.633516977941795],[-74.01586150793345,40.63339132617635],[-74.01601671507893,40.63436411399377],[-74.01638894977519,40.63503260009289],[-74.01677396046787,40.63543514343929],[-74.01757873416932,40.63602344085207],[-74.01932871206093,40.63708062104873],[-74.01950459968758,40.63710857497378],[-74.02058750260608,40.637815160580146],[-74.02108731109375,40.63826358797882],[-74.02151645369392,40.638880612453256],[-74.02185196301879,40.63981609883456],[-74.02165148953341,40.64060369381961],[-74.02124787116283,40.641405996396756],[-74.02227765176714,40.64069060926042],[-74.02321780147307,40.639901514603906],[-74.02354939088755,40.639320333692616],[-74.02392610646177,40.638898858183836],[-74.02475437516867,40.638121418092],[-74.02695244579795,40.63944606504528],[-74.02623698497376,40.64012649118057],[-74.02740210000273,40.640544186153065],[-74.02889666687089,40.641214022315275],[-74.02905539842813,40.641725343057495],[-74.02983102766748,40.64231935702312],[-74.03229711356427,40.64358131402034]]]},"properties":{"nta":"BK1001","name":"Bay Ridge","boro":"Brooklyn","households":35515,"owner_hh":13029,"renter_hh":22486,"turnover_all":20.9,"turnover_own":9.6,"turnover_rent":27.5,"churn_annual":8.3,"owner_share":36.7,"moe_all":1.5,"moe_own":1.7,"moe_rent":2.1,"moe_churn":4.2}},
{"type":"Feature","geometry":{"type":"Polygon","coordinates":[[[-74.00702302420386,40.6321099954766],[-74.01074220024502,40.634356548825785],[-74.01190823714875,40.633234404781916],[-74.0141087779382,40.63456399781326],[-74.0162903593378,40.635911128329674],[-74.01677396046787,40.63543514343929],[-74.01638894977519,40.63503260009289],[-74.01601671507893,40.63436411399377],[-74.01586150793345,40.63339132617635],[-74.01560204903264,40.633516977941795],[-74.01514630614152,40.63322193848755],[-74.01574804270588,40.63176426971432],[-74.01784193302115,40.626590694376844],[-74.01895456586776,40.624054560046574],[-74.01905300891278,40.623601020871455],[-74.019704914692,40.622184965511],[-74.02008667136593,40.62242095266232],[-74.02060828063125,40.6219261742007],[-74.02062330968212,40.6218062515638],[-74.02117699394131,40.62125785686026],[-74.0228759867753,40.61946614790912],[-74.02121548198697,40.61847198527955],[-74.01611823861721,40.615384036254895],[-74.01171201489785,40.612735029187775],[-74.01050403499481,40.613896611995344],[-73.99932090153024,40.62465524684672],[-73.99771358863637,40.62368026991616],[-73.99724066973769,40.6252886870282],[-74.00251454718344,40.62847420956277],[-74.00193011287206,40.62903276789157],[-74.00702302420386,40.6321099954766]]]},"properties":{"nta":"BK1002","name":"Dyker Heights","boro":"Brooklyn","households":13587,"owner_hh":6844,"renter_hh":6743,"turnover_all":16.1,"turnover_own":7.6,"turnover_rent":24.6,"churn_annual":7.7,"owner_share":50.4,"moe_all":2,"moe_own":1.8,"moe_rent":3.4,"moe_churn":7.3}},
{"type":"Feature","geometry":{"type":"Polygon","coordinates":[[[-73.9900935596334,40.622788953343154],[-73.9943249734734,40.625342908797556],[-73.99489280473428,40.62546179419184],[-73.99464972820256,40.62569717972424],[-73.99507814715935,40.62580673783724],[-73.99678847465344,40.6268260514129],[-73.99724066973769,40.6252886870282],[-73.99771358863637,40.62368026991616],[-73.99932090153024,40.62465524684672],[-74.01050403499481,40.613896611995344],[-74.00790037048492,40.612323434405084],[-74.00710425901701,40.61189133056896],[-74.00266468041761,40.60956996659118],[-74.00094408358503,40.60863971017342],[-74.00264412248949,40.60725717532054],[-74.00493448838223,40.60507440640142],[-74.00032353754955,40.602620292875265],[-74.0000226600874,40.60290731622933],[-73.99856385019912,40.60202843370573],[-73.99636516401061,40.60069605412985],[-73.99559320696717,40.600232221722436],[-73.99381109248738,40.6019504895968],[-73.99145421289039,40.60420924291644],[-73.99132501098305,40.604333799809595],[-73.99087326612246,40.604769296996096],[-73.98869008641088,40.6034253071562],[-73.98684762582319,40.60509723713306],[-73.98864527888126,40.606166653601015],[-73.98913191394317,40.606456137709884],[-73.9884226748809,40.607119149009975],[-73.98725486869846,40.60724418922415],[-73.98254766609253,40.607764054859956],[-73.97777375738576,40.608289142925436],[-73.97403097703385,40.608702310158854],[-73.97477657908547,40.61263847593206],[-73.9752082932584,40.6128852582153],[-73.98406791700634,40.618240739302784],[-73.9862752464369,40.61956661759498],[-73.98569357758215,40.62013151495028],[-73.9900935596334,40.622788953343154]]]},"properties":{"nta":"BK1101","name":"Bensonhurst","boro":"Brooklyn","households":33338,"owner_hh":10405,"renter_hh":22933,"turnover_all":17.9,"turnover_own":7.2,"turnover_rent":22.7,"churn_annual":8.1,"owner_share":31.2,"moe_all":1.5,"moe_own":1.7,"moe_rent":2,"moe_churn":5}},
{"type":"Feature","geometry":{"type":"Polygon","coordinates":[[[-73.99559320696717,40.600232221722436],[-73.99636516401061,40.60069605412985],[-73.99856385019912,40.60202843370573],[-74.0000226600874,40.60290731622933],[-74.00032353754955,40.602620292875265],[-74.00493448838223,40.60507440640142],[-74.00264412248949,40.60725717532054],[-74.00094408358503,40.60863971017342],[-74.00266468041761,40.60956996659118],[-74.00710425901701,40.61189133056896],[-74.00790037048492,40.612323434405084],[-74.01050403499481,40.613896611995344],[-74.01171201489785,40.612735029187775],[-74.01522379279245,40.609356384621414],[-74.01701910022848,40.607654416971506],[-74.01549854921711,40.6068415242772],[-74.01746711358939,40.6049651048292],[-74.01750868465251,40.60485049790572],[-74.01817646594674,40.60425260881764],[-74.01823144963518,40.60410847250339],[-74.0194276082381,40.60287157834826],[-74.0191356390289,40.60261275450514],[-74.01832347216866,40.602417651633225],[-74.01759077960645,40.6025030189925],[-74.01578899822294,40.602285950340125],[-74.01472837011984,40.602065911342756],[-74.01236981602699,40.60134925711637],[-74.01094741599769,40.60073618139088],[-74.00921723904915,40.59984404565512],[-74.00557303710919,40.59756861282095],[-74.00411359626963,40.59645027897145],[-74.00334588365142,40.59573278899811],[-74.00268994072248,40.59495353045622],[-74.00203772956765,40.59405960603485],[-74.0000397552977,40.59593699286636],[-74.00000772165978,40.595969764097944],[-73.99865586550038,40.597268562483066],[-73.99733919522063,40.59855161228883],[-73.99559320696717,40.600232221722436]]]},"properties":{"nta":"BK1102","name":"Bath Beach","boro":"Brooklyn","households":10780,"owner_hh":4368,"renter_hh":6412,"turnover_all":19.5,"turnover_own":8.7,"turnover_rent":26.9,"churn_annual":9.4,"owner_share":40.5,"moe_all":2.9,"moe_own":2.4,"moe_rent":4.4,"moe_churn":9.2}},
{"type":"Feature","geometry":{"type":"Polygon","coordinates":[[[-73.98601936736364,40.59444604996432],[-73.98467793926203,40.593658650343606],[-73.98463965370047,40.59355217604266],[-73.98110896715762,40.59394677628454],[-73.98071013128073,40.59399722863562],[-73.97995443385788,40.594073812106664],[-73.98035785385918,40.596191542248995],[-73.9765093444063,40.59661610946471],[-73.97148350722848,40.59717158495783],[-73.97191080411129,40.59942305913219],[-73.97291116841214,40.59931580420337],[-73.9725653355599,40.60179437302289],[-73.97235151933356,40.60334811886084],[-73.97217742734887,40.60419471204003],[-73.97239735409993,40.6056518906468],[-73.97299433938902,40.608814141802476],[-73.97316643425104,40.608795577845655],[-73.97777375738576,40.608289142925436],[-73.98254766609253,40.607764054859956],[-73.98725486869846,40.60724418922415],[-73.9884226748809,40.60711914901003],[-73.98913191394301,40.606456137709884],[-73.98864527888126,40.606166653601015],[-73.98684762582319,40.60509723713306],[-73.98869008641084,40.6034253071562],[-73.99087326612246,40.60476929699614],[-73.99132501098305,40.604333799809595],[-73.99145421289039,40.60420924291644],[-73.99381109248738,40.6019504895968],[-73.99559320696706,40.600232221722436],[-73.99733919522053,40.59855161228883],[-73.99865586550038,40.597268562483066],[-74.00000772165978,40.595969764097944],[-74.0000397552977,40.59593699286636],[-74.00203772956759,40.5940596060349],[-74.00196635791944,40.59388474394883],[-74.00109596784156,40.59251870950174],[-74.00017894869947,40.59285064097244],[-73.99853410978702,40.593592348403206],[-73.99948304872363,40.59296919989778],[-73.99930029587152,40.592559122162605],[-73.99903131441646,40.59231280344775],[-74.00005812170897,40.59171484748472],[-74.0001724765999,40.59132726325227],[-73.99986219746371,40.591128033409355],[-73.9991676186208,40.59114913481068],[-73.99856404800653,40.59149232530975],[-73.99754850992464,40.59191757817059],[-73.99728269703779,40.59171481436566],[-73.99812869461262,40.59128866425818],[-73.99806438267684,40.59120946473171],[-73.99722828062735,40.591654470865244],[-73.99711168571537,40.59127797744395],[-73.99775972701352,40.590952469613995],[-73.99844325936857,40.590240104992034],[-73.99877991358225,40.590232331847396],[-73.998378348821,40.589770445088746],[-73.99946446811074,40.58923326938093],[-73.99923690396953,40.5889353282693],[-73.99867293375554,40.58919554993989],[-73.99793382368436,40.58839928315473],[-73.99754862684216,40.58857704287286],[-73.99736186667997,40.58866412851876],[-73.99633437130892,40.58914479772794],[-73.9937576176658,40.59033184450585],[-73.99330854901022,40.589583898580585],[-73.99255747738182,40.58992167522664],[-73.99153934356545,40.590390903081456],[-73.99036425045065,40.59143193167647],[-73.98962150032993,40.59098199324504],[-73.98601936736364,40.59444604996432]]]},"properties":{"nta":"BK1103","name":"Gravesend (West)","boro":"Brooklyn","households":18221,"owner_hh":6706,"renter_hh":11515,"turnover_all":20.2,"turnover_own":12.6,"turnover_rent":24.7,"churn_annual":9.5,"owner_share":36.8,"moe_all":2.3,"moe_own":2.8,"moe_rent":3.1,"moe_churn":6.5}},
{"type":"Feature","geometry":{"type":"Polygon","coordinates":[[[-73.98905872393608,40.64411924103938],[-73.99392923789003,40.647069311232435],[-73.99604565308658,40.64834065543173],[-73.99702216168652,40.64753779228902],[-74.00021421289095,40.644478300494036],[-74.00955708305906,40.63549296413139],[-74.00556490260222,40.63308317691705],[-73.9897789020808,40.64364488773626],[-73.98905872393608,40.64411924103938]]]},"properties":{"nta":"BK1201","name":"Sunset Park (East)-Borough Park (West)","boro":"Brooklyn","households":9014,"owner_hh":1867,"renter_hh":7147,"turnover_all":19.7,"turnover_own":10.1,"turnover_rent":22.2,"churn_annual":8.3,"owner_share":20.7,"moe_all":3.5,"moe_own":5.1,"moe_rent":4.1,"moe_churn":11.4}},
{"type":"Feature","geometry":{"type":"Polygon","coordinates":[[[-73.97604935525445,40.63127590564668],[-73.97688861080518,40.63567486202829],[-73.97911188583784,40.63544038744444],[-73.9792859167079,40.63641419419134],[-73.98042057821881,40.64238522690591],[-73.98299419175463,40.64132499684919],[-73.98331628452111,40.641478682833274],[-73.98834986671028,40.64456224388744],[-73.98905872393608,40.64411924103938],[-73.9897789020808,40.64364488773626],[-74.00556490260222,40.63308317691705],[-74.00702302420386,40.6321099954766],[-74.00193011287206,40.62903276789157],[-74.00251454718344,40.62847420956277],[-73.99724066973769,40.6252886870282],[-73.99678847465344,40.6268260514129],[-73.99507814715935,40.62580673783724],[-73.99464972820256,40.62569717972424],[-73.99489280473428,40.62546179419184],[-73.9943249734734,40.625342908797556],[-73.9900935596334,40.622788953343154],[-73.98830220167261,40.62451369556651],[-73.98610080540948,40.62318311253611],[-73.98440060244378,40.624892622266216],[-73.98214413282112,40.623532670666755],[-73.97752403989979,40.6279776190262],[-73.97678992396793,40.62754058554477],[-73.97657775557224,40.62757318681888],[-73.97669604217961,40.62835456521381],[-73.97716511840744,40.63074665412923],[-73.97604935525445,40.63127590564668]]]},"properties":{"nta":"BK1202","name":"Borough Park","boro":"Brooklyn","households":20890,"owner_hh":6101,"renter_hh":14789,"turnover_all":17.7,"turnover_own":8.5,"turnover_rent":21.4,"churn_annual":6.3,"owner_share":29.2,"moe_all":2.1,"moe_own":2.7,"moe_rent":2.7,"moe_churn":6.8}},
{"type":"Feature","geometry":{"type":"Polygon","coordinates":[[[-73.97604935525445,40.63127590564668],[-73.96986869273601,40.634194674598184],[-73.9702903616295,40.6364063414182],[-73.9680386833386,40.63665098543611],[-73.96879099085375,40.63925593322135],[-73.96891460992441,40.63975715975414],[-73.96988464671769,40.64303029756927],[-73.97084113729636,40.64637857207769],[-73.97139631534189,40.64825778611389],[-73.97314769453953,40.64760290115232],[-73.97350396771813,40.64759568055623],[-73.97527213369506,40.6478306045699],[-73.98029115411198,40.647297162101445],[-73.98180533791209,40.647127799764945],[-73.98834986671028,40.64456224388744],[-73.98331628452111,40.641478682833274],[-73.98299419175463,40.64132499684919],[-73.98042057821881,40.64238522690591],[-73.9792859167079,40.63641419419134],[-73.97911188583784,40.63544038744444],[-73.97688861080518,40.63567486202829],[-73.97604935525445,40.63127590564668]]]},"properties":{"nta":"BK1203","name":"Kensington","boro":"Brooklyn","households":13951,"owner_hh":4668,"renter_hh":9283,"turnover_all":20.8,"turnover_own":10.6,"turnover_rent":26,"churn_annual":7.6,"owner_share":33.5,"moe_all":2.9,"moe_own":3.5,"moe_rent":3.9,"moe_churn":9.1}},
{"type":"Feature","geometry":{"type":"Polygon","coordinates":[[[-73.96285973961456,40.6125494864672],[-73.96562565005183,40.62715522252445],[-73.96608191227934,40.62954270682606],[-73.97000109609515,40.629113474760935],[-73.97136622003106,40.628929162715664],[-73.97092126180826,40.62656998550547],[-73.97229894777725,40.62643116816191],[-73.97623453528841,40.6259763507301],[-73.97657775557224,40.62757318681888],[-73.97678992396793,40.62754058554477],[-73.97752403989979,40.6279776190262],[-73.98214413282112,40.623532670666755],[-73.98440060244378,40.624892622266216],[-73.98610080540948,40.62318311253611],[-73.98830220167261,40.62451369556651],[-73.9900935596334,40.622788953343154],[-73.98569357758215,40.62013151495028],[-73.9862752464369,40.61956661759498],[-73.98406791700634,40.618240739302784],[-73.9752082932584,40.6128852582153],[-73.97477657908547,40.61263847593206],[-73.97403097703385,40.608702310158854],[-73.97316643425104,40.608795577845655],[-73.97299433938896,40.60881414180244],[-73.96904086507598,40.60925319316302],[-73.96739979512769,40.60945960807658],[-73.96629835348014,40.60955521381391],[-73.96429649832035,40.60977642617522],[-73.96478112677045,40.612330922164034],[-73.96285973961456,40.6125494864672]]]},"properties":{"nta":"BK1204","name":"Mapleton-Midwood (West)","boro":"Brooklyn","households":11256,"owner_hh":4628,"renter_hh":6628,"turnover_all":19.4,"turnover_own":11.5,"turnover_rent":25,"churn_annual":8.6,"owner_share":41.1,"moe_all":2.5,"moe_own":2.8,"moe_rent":3.4,"moe_churn":8}},
{"type":"Feature","geometry":{"type":"Polygon","coordinates":[[[-73.98071013128079,40.59399722863562],[-73.98463965370047,40.59355217604263],[-73.98467793926218,40.593658650343606],[-73.98601936736364,40.59444604996432],[-73.98962150032993,40.59098199324504],[-73.99036425045065,40.59143193167647],[-73.99153934356545,40.59039090308141],[-73.99255747738182,40.58992167522664],[-73.99330854901022,40.589583898580585],[-73.99375761766575,40.59033184450585],[-73.99633437130902,40.589144797727904],[-73.99793382324485,40.58839928340596],[-73.99789714066952,40.58837673915704],[-73.99788311163137,40.588343438425554],[-74.00038206983874,40.587133057349654],[-74.00048912001928,40.58704285562676],[-74.0004327749314,40.586544594921754],[-74.00010322572274,40.58659079944816],[-74.00011449538404,40.58695164040019],[-73.99534737661217,40.58933138044016],[-73.99487677695369,40.58877174667533],[-73.99555029453963,40.58842069392104],[-73.99797893506641,40.58731246396798],[-73.99795639739288,40.58726950636582],[-73.99552775632823,40.58840351056849],[-73.995133512695,40.58848091604629],[-73.99421554608301,40.58886853098554],[-73.9940790462178,40.58869344199073],[-73.9956605451227,40.58793620734399],[-73.99559857410351,40.587841707554325],[-73.99423502922512,40.58843870064845],[-73.99417305638377,40.588382857820946],[-73.99814530449004,40.58653169390733],[-73.99935665157747,40.58638136941586],[-73.99963423823505,40.586069747433534],[-73.99952567990363,40.58575854466008],[-73.99928905009473,40.58555236605306],[-73.99808899188395,40.585470740763476],[-73.9977663081468,40.585678244022496],[-73.99566330710631,40.58669870858217],[-73.9925914163945,40.58810632139262],[-73.99205994727491,40.58717130031473],[-73.9917290767899,40.58669804325667],[-73.99087657275824,40.58584778482693],[-73.98881785564218,40.584372995100026],[-73.98833113748378,40.583661758791045],[-73.98829948228992,40.583466747328394],[-73.98662350387721,40.58367393684481],[-73.98672865796718,40.583992056706435],[-73.98710120231547,40.584644592265256],[-73.98627573546514,40.584479981432615],[-73.98548157931968,40.58451967741751],[-73.98492730970302,40.584595952702315],[-73.98482192835374,40.58416852327684],[-73.98175452010248,40.58358376372818],[-73.97742525247784,40.5829065931716],[-73.97468194311516,40.58312411840268],[-73.97308506387354,40.58342982612503],[-73.97005546279136,40.58394773093646],[-73.9689998551974,40.5840628951478],[-73.96785844066588,40.58451404426149],[-73.96670868797712,40.584568969743884],[-73.9663647554307,40.58457905770754],[-73.96344300171394,40.584664445891235],[-73.96044078507818,40.585012197727316],[-73.96025825770639,40.58502930784135],[-73.9603461487718,40.58612477147791],[-73.96034953431355,40.58730628657616],[-73.96067984068368,40.59159758262637],[-73.97022337670349,40.59054017584356],[-73.97398832226281,40.590135184396736],[-73.97557081872898,40.58994799105394],[-73.977514113195,40.59113731268437],[-73.97769565737501,40.59218653785834],[-73.97818191410346,40.592458532720116],[-73.97988534330726,40.59350615517476],[-73.98071013128079,40.59399722863562]]]},"properties":{"nta":"BK1301","name":"Gravesend (South)","boro":"Brooklyn","households":10783,"owner_hh":3966,"renter_hh":6817,"turnover_all":16.8,"turnover_own":9.8,"turnover_rent":20.9,"churn_annual":6.1,"owner_share":36.8,"moe_all":3.1,"moe_own":3,"moe_rent":4.5,"moe_churn":9.4}},
{"type":"Feature","geometry":{"type":"Polygon","coordinates":[[[-73.9666153153741,40.584570846455364],[-73.96670868797712,40.584568969743884],[-73.96785844066576,40.584514044261525],[-73.9689998551974,40.58406289514784],[-73.97005546279136,40.58394773093646],[-73.97308506387343,40.58342982612506],[-73.974681943115,40.58312411840272],[-73.97742525247779,40.5829065931716],[-73.98175452010248,40.583583763728235],[-73.98482192835374,40.58416852327684],[-73.98492730970302,40.584595952702315],[-73.98548157931968,40.58451967741751],[-73.9862757354651,40.584479981432615],[-73.98710120231532,40.584644592265256],[-73.98672865796718,40.583992056706435],[-73.98662350387715,40.58367393684485],[-73.98829948228986,40.583466747328394],[-73.98928724928784,40.581957583580405],[-73.98971762388271,40.58083822724265],[-73.98995504921753,40.58066167003421],[-73.98969969295983,40.58042110730351],[-73.989136362014,40.580214877927446],[-73.9885807071835,40.579819367076475],[-73.98798580807906,40.57965077253156],[-73.98763925793932,40.57991759737431],[-73.98720704393652,40.580828384561826],[-73.9868447899644,40.58123210200535],[-73.98604509916241,40.581720684649184],[-73.98588567394853,40.581144424565004],[-73.98616526744581,40.580950228792545],[-73.9870213857769,40.58002276537809],[-73.98669540062984,40.579814908132875],[-73.98739064322473,40.57908698306381],[-73.98842833769417,40.57881584261966],[-73.98899093556328,40.57883509996901],[-73.98957956138594,40.57919294169391],[-73.99036206466548,40.579424580120715],[-73.99166423580301,40.57922903983507],[-73.99215464809251,40.57932062493047],[-73.99771779429551,40.580706776808746],[-73.99776464433626,40.58145433077118],[-73.99818261219644,40.58172536423953],[-73.99895997063543,40.58163304642764],[-73.9996415228002,40.58131655849627],[-74.00055986763827,40.581297429180616],[-74.00119212303609,40.581419055252056],[-74.00220582876804,40.581365886020606],[-74.00294374157806,40.5814328355212],[-74.00398023616431,40.58172129566407],[-74.00483627576773,40.581854844083075],[-74.00604734235812,40.58198365253342],[-74.00745366008165,40.581803522848084],[-74.0084325341914,40.58149456643016],[-74.00930431442846,40.580991400189625],[-74.00989763848735,40.580752651380465],[-74.01054358463756,40.580614483910274],[-74.01117372298653,40.58028397874142],[-74.01176124264188,40.5798540819965],[-74.01235035929216,40.57922182065402],[-74.01281708712038,40.578428736097464],[-74.0130271545442,40.57785089456425],[-74.01279721934527,40.577489237133406],[-74.0124574957794,40.57661074691973],[-74.01232183520676,40.57565268236527],[-74.01201540191126,40.57488505247444],[-74.01115668729264,40.57416676185904],[-74.01007410719518,40.57383081002049],[-74.00880344301773,40.57376474762145],[-74.00668904970406,40.573397220959414],[-74.00479941621687,40.57287885485107],[-74.0024870773771,40.571738388872625],[-74.00222854320391,40.570609862768976],[-74.002011670539,40.5702087585243],[-74.00077859539269,40.57049099822144],[-73.9996140257524,40.57046609660164],[-73.99863242815938,40.57050800719304],[-73.99799559521298,40.57044781635592],[-73.99735575750891,40.570278204650705],[-73.99684901717619,40.57036696546902],[-73.99513854436793,40.57031466120686],[-73.99401966538295,40.570411148679085],[-73.99315741886727,40.570379789439016],[-73.99119337523611,40.57061187496838],[-73.99077310323929,40.57059942183803],[-73.98993761163376,40.57075788712616],[-73.98872145848834,40.570883692082816],[-73.98726866835315,40.571075944477236],[-73.98572931754778,40.57119589048428],[-73.98375790448641,40.57139622725116],[-73.98336057973366,40.56952999448685],[-73.9832699667532,40.56954189385389],[-73.98367270153251,40.57140705768757],[-73.98308044496557,40.57150853193618],[-73.98217710691102,40.5715605784547],[-73.9818222515083,40.57146440308492],[-73.98093842347001,40.57168199535058],[-73.98000799187604,40.571708806607695],[-73.979846944694,40.571539319610366],[-73.97945681046643,40.57174276846114],[-73.9788449835793,40.571881195168714],[-73.97832516078634,40.57188251422431],[-73.97766384588131,40.571729387799316],[-73.97713364147653,40.57189708705318],[-73.97621978857107,40.57201610962501],[-73.9754708190279,40.57196900381711],[-73.97484762696547,40.57216454176603],[-73.97373209971208,40.57228692459157],[-73.97336256224074,40.57226335704373],[-73.97314693344347,40.572414639995486],[-73.97249673747056,40.57257625725017],[-73.97132989626341,40.57264381038423],[-73.97021089387842,40.57285226198196],[-73.9695589515173,40.57280858046094],[-73.96856335919567,40.57312594655192],[-73.96753149753727,40.57319073188223],[-73.96720294103956,40.57332631739762],[-73.96602239542948,40.573388595335416],[-73.96210769550721,40.57371352052136],[-73.96090885893587,40.57386502894655],[-73.95939182170525,40.5739121092497],[-73.95941778134677,40.57517798414406],[-73.9628611793286,40.57498014075897],[-73.9647439584008,40.57481439123372],[-73.9657492162041,40.57479419709833],[-73.96756707203532,40.574881526949056],[-73.96765743457571,40.57504368249043],[-73.96825878751602,40.57504548999601],[-73.96888995790064,40.57526123899409],[-73.96868119477308,40.57563088376793],[-73.96691974996564,40.58335247304182],[-73.9666153153741,40.584570846455364]]]},"properties":{"nta":"BK1302","name":"Coney Island-Sea Gate","boro":"Brooklyn","households":22185,"owner_hh":5793,"renter_hh":16392,"turnover_all":17.2,"turnover_own":11.4,"turnover_rent":19.2,"churn_annual":6.2,"owner_share":26.1,"moe_all":2.4,"moe_own":3.4,"moe_rent":2.9,"moe_churn":8.3}},
{"type":"Feature","geometry":{"type":"Polygon","coordinates":[[[-73.95941778134677,40.57517798414406],[-73.95939182093623,40.57391210924943],[-73.95907248027609,40.57384554749793],[-73.95843476359066,40.574088814543884],[-73.95720053498194,40.574186670878504],[-73.95647169447582,40.57413948724276],[-73.95620816595128,40.57426547067538],[-73.95513705246907,40.574371136925954],[-73.954397938218,40.57437084590742],[-73.95401136297524,40.574237622567665],[-73.95312496910202,40.574282902709164],[-73.95239782999693,40.57424704924262],[-73.95242628408887,40.57455910846539],[-73.95300123109196,40.577476512871506],[-73.95381061915536,40.581747857901654],[-73.95392000659137,40.58186979357323],[-73.95414287795555,40.583106140608365],[-73.95645728993851,40.58265885105747],[-73.95722967971803,40.58314556790874],[-73.95733608258104,40.583025135382705],[-73.95910958808311,40.582856675715334],[-73.96004798601562,40.583269872406554],[-73.96014923975761,40.583575897541486],[-73.96025825770633,40.58502930784141],[-73.96044078507818,40.585012197727316],[-73.96344300171384,40.584664445891285],[-73.9663647554307,40.58457905770754],[-73.9666153153741,40.584570846455364],[-73.96691974996564,40.58335247304182],[-73.96868119477308,40.57563088376793],[-73.96888995790064,40.57526123899409],[-73.96825878751602,40.57504548999601],[-73.96765743457571,40.57504368249043],[-73.96756707203532,40.574881526949056],[-73.9657492162041,40.57479419709833],[-73.9647439584008,40.57481439123372],[-73.9628611793286,40.57498014075897],[-73.95941778134677,40.57517798414406]]]},"properties":{"nta":"BK1303","name":"Brighton Beach","boro":"Brooklyn","households":13743,"owner_hh":3051,"renter_hh":10692,"turnover_all":21.4,"turnover_own":11.6,"turnover_rent":24.1,"churn_annual":6.5,"owner_share":22.2,"moe_all":2.9,"moe_own":5.6,"moe_rent":3.3,"moe_churn":8.5}},
{"type":"Feature","geometry":{"type":"Polygon","coordinates":[[[-73.95630034968731,40.65504828183075],[-73.95969665731047,40.65483921522851],[-73.9598610304711,40.65563478943926],[-73.9618808635178,40.65488119255471],[-73.96621321893234,40.65318940555172],[-73.96465438564746,40.65088772845854],[-73.96302038094923,40.65153206574601],[-73.96225502908949,40.6498607564489],[-73.96218573831077,40.649788797885414],[-73.96490357050966,40.648720969165105],[-73.96454098511755,40.6467986304249],[-73.96546735540002,40.646706158919905],[-73.96501177470171,40.64430215155451],[-73.96408758267715,40.64440641776777],[-73.96318588182669,40.63967181829386],[-73.95937694894427,40.64147155573624],[-73.95774476504997,40.632897469204295],[-73.95684697280595,40.62811987905421],[-73.94732672160579,40.62916656720963],[-73.94415535167828,40.62950828571032],[-73.94647961630966,40.63170816218013],[-73.94561754645717,40.631777430312106],[-73.94586773527199,40.634117548159686],[-73.94777330328344,40.63399815669721],[-73.94826499590872,40.63860719020929],[-73.95115988406074,40.6384178999094],[-73.95360004631412,40.63842234744985],[-73.95404358458175,40.63887754918987],[-73.9541264103894,40.63916129928231],[-73.95473024704435,40.64477257836159],[-73.95565196108853,40.64663041064682],[-73.958106721314,40.64651800986065],[-73.95815003514555,40.64776767369132],[-73.95826081923693,40.648532745533515],[-73.95870789822969,40.65038727378277],[-73.95582518307756,40.65052980807852],[-73.95630034968731,40.65504828183075]]]},"properties":{"nta":"BK1401","name":"Flatbush","boro":"Brooklyn","households":25275,"owner_hh":3369,"renter_hh":21906,"turnover_all":25.7,"turnover_own":23.3,"turnover_rent":26.1,"churn_annual":9.2,"owner_share":13.3,"moe_all":2.3,"moe_own":6.3,"moe_rent":2.4,"moe_churn":6.9}},
{"type":"Feature","geometry":{"type":"Polygon","coordinates":[[[-73.95684697280595,40.62811987905421],[-73.95774476504997,40.632897469204295],[-73.95937694894427,40.64147155573624],[-73.96318588182669,40.63967181829386],[-73.96408758267715,40.64440641776777],[-73.96501177470171,40.64430215155451],[-73.96546735540002,40.646706158919905],[-73.96454098511755,40.6467986304249],[-73.96490357050966,40.648720969165105],[-73.96218573831077,40.649788797885414],[-73.96225502908949,40.6498607564489],[-73.96302038094923,40.65153206574601],[-73.96465438564746,40.65088772845854],[-73.96967173509414,40.648897935583165],[-73.97139631534189,40.64825778611389],[-73.97084113729636,40.64637857207769],[-73.96988464671769,40.64303029756927],[-73.96891460992441,40.63975715975414],[-73.96879099085375,40.63925593322135],[-73.9680386833386,40.63665098543611],[-73.9702903616295,40.6364063414182],[-73.96986869273601,40.634194674598184],[-73.97604935525445,40.63127590564668],[-73.97716511840744,40.63074665412923],[-73.97669604217961,40.62835456521381],[-73.97657775557224,40.62757318681888],[-73.97623453528841,40.6259763507301],[-73.97229894777725,40.62643116816191],[-73.97092126180826,40.62656998550547],[-73.97136622003106,40.628929162715664],[-73.97000109609515,40.629113474760935],[-73.96608191227934,40.62954270682606],[-73.96322149277063,40.6298410610368],[-73.96232599298625,40.62996871673755],[-73.96040734276028,40.63016253158138],[-73.96014773427896,40.628915185417],[-73.95995564989907,40.62777867254032],[-73.9580529301469,40.62797111863169],[-73.95684697280595,40.62811987905421]]]},"properties":{"nta":"BK1402","name":"Flatbush (West)-Ditmas Park-Parkville","boro":"Brooklyn","households":15820,"owner_hh":5091,"renter_hh":10729,"turnover_all":19.5,"turnover_own":15.5,"turnover_rent":21.3,"churn_annual":8.8,"owner_share":32.2,"moe_all":2.1,"moe_own":3.1,"moe_rent":2.6,"moe_churn":8}},
{"type":"Feature","geometry":{"type":"Polygon","coordinates":[[[-73.95684697280595,40.62811987905421],[-73.9580529301469,40.62797111863169],[-73.95995564989907,40.62777867254032],[-73.96014773427896,40.628915185417],[-73.96040734276028,40.63016253158138],[-73.96232599298625,40.62996871673755],[-73.96322149277063,40.6298410610368],[-73.96608191227934,40.62954270682606],[-73.96562565005183,40.62715522252445],[-73.96285973961456,40.6125494864672],[-73.96238548294355,40.609985993352424],[-73.95859278363871,40.61040303093475],[-73.95359888786923,40.61094986610889],[-73.95258786861042,40.611112239588856],[-73.95256552936772,40.61098718523608],[-73.94978380296796,40.61137175047718],[-73.95026514816935,40.61392435280245],[-73.94742608692873,40.61422460055345],[-73.94573691912028,40.615363406756806],[-73.94651373127832,40.61949401965242],[-73.94451833238585,40.619713647094606],[-73.94542442765486,40.62449560959775],[-73.94642265932397,40.624385567285984],[-73.94732672160579,40.62916656720963],[-73.95684697280595,40.62811987905421]]]},"properties":{"nta":"BK1403","name":"Midwood","boro":"Brooklyn","households":18462,"owner_hh":5784,"renter_hh":12678,"turnover_all":18.8,"turnover_own":7.7,"turnover_rent":23.9,"churn_annual":8.4,"owner_share":31.3,"moe_all":2.3,"moe_own":2.5,"moe_rent":3,"moe_churn":6.9}},
{"type":"Feature","geometry":{"type":"Polygon","coordinates":[[[-73.95859278363871,40.61040303093475],[-73.96238548294355,40.609985993352424],[-73.96285973961456,40.6125494864672],[-73.96478112677045,40.612330922164034],[-73.96429649832035,40.60977642617522],[-73.96629835348014,40.60955521381391],[-73.96739979512769,40.60945960807658],[-73.96904086507598,40.60925319316302],[-73.97299433938896,40.60881414180244],[-73.97239735409993,40.60565189064676],[-73.97217742734902,40.604194712039984],[-73.97235151933356,40.60334811886084],[-73.9725653355599,40.60179437302289],[-73.97291116841225,40.59931580420337],[-73.9719108041114,40.59942305913219],[-73.97148350722854,40.59717158495783],[-73.9765093444063,40.59661610946471],[-73.98035785385929,40.596191542248995],[-73.97995443385788,40.594073812106664],[-73.98071013128079,40.59399722863562],[-73.97988534330726,40.59350615517476],[-73.97818191410346,40.592458532720116],[-73.97769565737501,40.59218653785834],[-73.977514113195,40.59113731268437],[-73.97557081872898,40.58994799105394],[-73.97398832226281,40.590135184396736],[-73.97022337670349,40.59054017584356],[-73.96067984068368,40.59159758262637],[-73.96034953431355,40.58730628657616],[-73.95819543068433,40.587544332791474],[-73.95619424469258,40.58776182693213],[-73.95639200198134,40.58892867636267],[-73.95700330269894,40.59200225623484],[-73.95607720352429,40.59210143244571],[-73.95692719559784,40.59661207631091],[-73.95775745922596,40.60098588910529],[-73.95683001567204,40.601087349580084],[-73.95859278363871,40.61040303093475]]]},"properties":{"nta":"BK1501","name":"Gravesend (East)-Homecrest","boro":"Brooklyn","households":17602,"owner_hh":6484,"renter_hh":11118,"turnover_all":18.1,"turnover_own":6,"turnover_rent":25.1,"churn_annual":8.8,"owner_share":36.8,"moe_all":2.1,"moe_own":2.1,"moe_rent":3,"moe_churn":7.2}},
{"type":"Feature","geometry":{"type":"Polygon","coordinates":[[[-73.93753749374042,40.6085573902577],[-73.93934703315237,40.61018714136856],[-73.94011528674281,40.60969107767267],[-73.94154757627084,40.608767736799706],[-73.94231175793385,40.60826819732566],[-73.94354697934085,40.60934655569804],[-73.94405560778226,40.61199284223628],[-73.94417450628589,40.61272253843789],[-73.94482770908357,40.61604620910915],[-73.94573691912028,40.615363406756806],[-73.94742608692873,40.61422460055345],[-73.95026514816935,40.61392435280245],[-73.94978380296796,40.61137175047718],[-73.95256552936772,40.61098718523608],[-73.95258786861042,40.611112239588856],[-73.95359888786923,40.61094986610889],[-73.95859278363871,40.61040303093475],[-73.95683001567204,40.601087349580084],[-73.95775745922596,40.60098588910529],[-73.95692719559784,40.59661207631091],[-73.9452651914221,40.597893626948775],[-73.94433922557992,40.597994626654895],[-73.94341159064714,40.598097815559136],[-73.94248473186849,40.59820036611433],[-73.94288953907643,40.6003186501982],[-73.93715062943085,40.60094886618535],[-73.93447158747561,40.60123151189664],[-73.93503274500065,40.60173379140355],[-73.93426266637961,40.60223071136663],[-73.93791557841803,40.6054979011057],[-73.93972613778841,40.60713291512225],[-73.93753749374042,40.6085573902577]]]},"properties":{"nta":"BK1502","name":"Madison","boro":"Brooklyn","households":14724,"owner_hh":6448,"renter_hh":8276,"turnover_all":16.7,"turnover_own":9.8,"turnover_rent":22.2,"churn_annual":6.1,"owner_share":43.8,"moe_all":2.2,"moe_own":2.2,"moe_rent":3.4,"moe_churn":6.4}},
{"type":"Feature","geometry":{"type":"Polygon","coordinates":[[[-73.95242628408887,40.57455910846539],[-73.95210772663668,40.574383665963765],[-73.94991862625965,40.57455162524185],[-73.94896375973423,40.57477820471427],[-73.94592390235844,40.57511543230958],[-73.94620550151313,40.57519906694646],[-73.94598245363832,40.575495808577756],[-73.94527387464275,40.57556839670266],[-73.94474441594889,40.57551372743723],[-73.94454293694886,40.5757567382503],[-73.94416437661636,40.575806458514315],[-73.94329220627851,40.57572028533169],[-73.94253793696551,40.57555738569315],[-73.9425090782839,40.575373555034545],[-73.93684965167063,40.57555649451422],[-73.93647107586537,40.57586049685914],[-73.93575722316218,40.5757272167753],[-73.93507861830436,40.57550946601038],[-73.93334420953842,40.57556570305246],[-73.9315025674399,40.575660505629614],[-73.93106028042047,40.576265920599255],[-73.93164069394192,40.578170809176285],[-73.93182688427189,40.578680471095595],[-73.93181497833322,40.578958697230284],[-73.93202124664467,40.579541869425476],[-73.9325034109,40.58114698763375],[-73.93381280663854,40.58113292624486],[-73.94274062592515,40.58099558955944],[-73.94969672499387,40.58231940106685],[-73.95330135995637,40.58200275013628],[-73.95349322048675,40.58298819826116],[-73.95025076956786,40.583287264699884],[-73.94836747924927,40.583488596258476],[-73.94628634691942,40.58356868470295],[-73.94369153004567,40.583467754266145],[-73.94255133499362,40.58351447617067],[-73.94157408083602,40.583607555437005],[-73.94144050857247,40.58334014697382],[-73.93930153084881,40.58333321505465],[-73.93929640384748,40.58316726873515],[-73.93847712885815,40.583177897773965],[-73.9380942056185,40.58311681071679],[-73.93783180297176,40.58329309395877],[-73.93707737778301,40.58332975569476],[-73.93697427463799,40.58323032590889],[-73.93627418270637,40.58318123473943],[-73.93611243753031,40.58331301303945],[-73.93527611180983,40.58324291318118],[-73.9352819437209,40.58309697737304],[-73.93420971487016,40.58297979839108],[-73.9325534988148,40.582925838122314],[-73.93186345428339,40.58308286125222],[-73.93204244838584,40.58423396007718],[-73.93009616234006,40.58450207623227],[-73.93019077814942,40.58508559303922],[-73.93126944934886,40.5854363939212],[-73.93139947444456,40.58607989549062],[-73.92942869072382,40.58548820228115],[-73.9272164914815,40.584783431487516],[-73.92583335828934,40.58495307772347],[-73.9262054728269,40.58515502845822],[-73.92627529542231,40.58535264744218],[-73.92744400140172,40.586015714454724],[-73.92774311153144,40.586050065209555],[-73.92815700695559,40.585864523568844],[-73.92808232971637,40.58669769343521],[-73.92857393936512,40.587061501869044],[-73.92908894003958,40.58709506974464],[-73.92966894624747,40.586955311677116],[-73.93052821173194,40.58685721589511],[-73.93127751247582,40.58689328743548],[-73.93134917824065,40.58732816722968],[-73.93021881179953,40.5874768327266],[-73.9297025502044,40.58760735547438],[-73.93033237155171,40.58830339813863],[-73.93053614268541,40.58876212496011],[-73.93092739827031,40.58925625816715],[-73.93109178164573,40.58932656557231],[-73.93142883104393,40.59113638100192],[-73.93154334667128,40.59135047168585],[-73.93124592494814,40.59163697699607],[-73.93156462560293,40.592551740771874],[-73.93235089999555,40.59386846912445],[-73.93267653909824,40.59423641796739],[-73.93282654852884,40.59480374496932],[-73.93230826395404,40.59491634048729],[-73.93190503589709,40.594685411263875],[-73.93101903473496,40.594616908998596],[-73.93043246129608,40.594402674950075],[-73.93001650952186,40.59409453505716],[-73.92986032030679,40.593782101239526],[-73.92971282036608,40.593120048248274],[-73.93031136732662,40.592193963658794],[-73.93049945183151,40.59129603763998],[-73.93044497861773,40.59111702773383],[-73.93053560681557,40.59026366146187],[-73.93003427450557,40.58942599650094],[-73.9289612383382,40.589234232516134],[-73.92815905123096,40.58882524959022],[-73.92725962405339,40.58945214253097],[-73.92588801019399,40.59035203456015],[-73.9241996339265,40.59136428018892],[-73.9239529485009,40.591139850525295],[-73.92483070193937,40.59054704767499],[-73.92665280163294,40.5894108801193],[-73.92776143639102,40.58866060975899],[-73.92745467790976,40.58829956407424],[-73.92731915293669,40.58784992990651],[-73.9268423273604,40.58728968995399],[-73.92574988172318,40.58637211398437],[-73.92520361514241,40.58580627115565],[-73.92482119886837,40.585633798978996],[-73.92423749639762,40.5856905985645],[-73.92369833045592,40.58594159924958],[-73.92334118079789,40.585995220555674],[-73.92296409826415,40.58589445656136],[-73.92235337377305,40.58602393656258],[-73.92211851289852,40.58581051415326],[-73.92101218266103,40.58575359585845],[-73.9208182344147,40.585949389207656],[-73.91960004700427,40.58616493347447],[-73.91917204255647,40.585955087874495],[-73.91811489256203,40.58645405416925],[-73.91819087666164,40.58660685542734],[-73.92653304995329,40.594104315349085],[-73.929568582433,40.59682026542218],[-73.92813139604965,40.59777792864857],[-73.92992224792991,40.59943738321945],[-73.93355117087616,40.60268728132731],[-73.93426266637968,40.602230711366694],[-73.93503274500071,40.60173379140359],[-73.9344715874755,40.601231511896685],[-73.93715062943085,40.60094886618535],[-73.94288953907648,40.600318650198226],[-73.94248473186853,40.59820036611436],[-73.94341159064714,40.598097815559136],[-73.94433922557992,40.597994626654895],[-73.9452651914221,40.597893626948775],[-73.95692719559784,40.59661207631091],[-73.95607720352423,40.59210143244571],[-73.95700330269884,40.5920022562349],[-73.95639200198124,40.58892867636267],[-73.95619424469248,40.58776182693213],[-73.95819543068433,40.587544332791474],[-73.96034953431355,40.5873062865762],[-73.9603461487718,40.58612477147791],[-73.96025825770633,40.58502930784141],[-73.96014923975761,40.583575897541486],[-73.96004798601562,40.583269872406554],[-73.95910958808311,40.582856675715334],[-73.95733608258104,40.583025135382705],[-73.95722967971803,40.58314556790874],[-73.95645728993851,40.58265885105747],[-73.95414287795555,40.583106140608365],[-73.95392000659137,40.58186979357323],[-73.95381061915536,40.581747857901654],[-73.95300123109196,40.577476512871506],[-73.95242628408887,40.57455910846539]]]},"properties":{"nta":"BK1503","name":"Sheepshead Bay-Manhattan Beach-Gerritsen Beach","boro":"Brooklyn","households":26383,"owner_hh":13574,"renter_hh":12809,"turnover_all":14.2,"turnover_own":5.8,"turnover_rent":23.1,"churn_annual":5.8,"owner_share":51.4,"moe_all":1.7,"moe_own":1.3,"moe_rent":3,"moe_churn":5.4}},
{"type":"Feature","geometry":{"type":"Polygon","coordinates":[[[-73.90404639720869,40.67922059801862],[-73.9054141647853,40.67999264338024],[-73.9070182021792,40.68094827979009],[-73.91076954291489,40.68309270127145],[-73.916798328188,40.68649720037413],[-73.91804606826437,40.68721324777017],[-73.91639299921366,40.678905848880056],[-73.91630119729398,40.678577112935855],[-73.92164748043935,40.67887054703222],[-73.92181538965576,40.67701839046155],[-73.92275257154432,40.66709733296182],[-73.9199557729117,40.66831932040192],[-73.91941763254081,40.668397044075455],[-73.91923062877677,40.66863136530563],[-73.91221776806954,40.671687163027755],[-73.91109867289309,40.67218292009838],[-73.9092400300703,40.672954276246564],[-73.90746842942528,40.67376161413523],[-73.90450912182776,40.675052110986805],[-73.90438792712321,40.675206747108405],[-73.90347422276412,40.675506683779915],[-73.90291887174801,40.675684581420235],[-73.900046261425,40.676893089537934],[-73.90145370051366,40.67769316355686],[-73.90404639720869,40.67922059801862]]]},"properties":{"nta":"BK1601","name":"Ocean Hill","boro":"Brooklyn","households":15700,"owner_hh":3118,"renter_hh":12582,"turnover_all":19.7,"turnover_own":13.7,"turnover_rent":21.2,"churn_annual":7.2,"owner_share":19.9,"moe_all":3.2,"moe_own":6.2,"moe_rent":3.6,"moe_churn":8.3}},
{"type":"Feature","geometry":{"type":"Polygon","coordinates":[[[-73.90085135540433,40.665345895025176],[-73.90166767758609,40.66841352919181],[-73.90228822472037,40.670936007468676],[-73.9026600822272,40.67219717914985],[-73.90347422276412,40.675506683779915],[-73.90438792712321,40.675206747108405],[-73.90450912182776,40.675052110986805],[-73.90746842942528,40.67376161413523],[-73.9092400300703,40.672954276246564],[-73.91109867289309,40.67218292009838],[-73.91221776806954,40.671687163027755],[-73.91923062877677,40.66863136530563],[-73.91941763254081,40.668397044075455],[-73.9199557729117,40.66831932040192],[-73.92275257154432,40.66709733296182],[-73.92424467142557,40.666445000386],[-73.92439099296747,40.666381423277436],[-73.92416411210384,40.66610574765952],[-73.92165571527732,40.6638435756695],[-73.91909681470982,40.664230484459814],[-73.9181849297238,40.660726208914795],[-73.91572803615885,40.65855012827582],[-73.91236458830515,40.65551356575163],[-73.91012255610413,40.655851772056174],[-73.90970013658497,40.6541529482019],[-73.90933499313002,40.652808592144346],[-73.90855790456779,40.65209593779417],[-73.90740035662826,40.652843990142486],[-73.90784346309921,40.654591531248215],[-73.90414221260978,40.655146421137644],[-73.90317858259424,40.6553116338363],[-73.90243821449572,40.65569197435763],[-73.90118559776651,40.65651455160301],[-73.90064904634639,40.65704155924177],[-73.90029426068193,40.657208882664854],[-73.89878859226317,40.65741288789167],[-73.89965233213725,40.66073541688037],[-73.89988908621974,40.660639807287204],[-73.9006611860288,40.6605861585068],[-73.9014511454986,40.66365836465708],[-73.90042827299183,40.66380799826674],[-73.90085135540433,40.665345895025176]]]},"properties":{"nta":"BK1602","name":"Brownsville","boro":"Brooklyn","households":21897,"owner_hh":3012,"renter_hh":18885,"turnover_all":16.2,"turnover_own":5,"turnover_rent":17.9,"churn_annual":8.4,"owner_share":13.8,"moe_all":2.8,"moe_own":4.7,"moe_rent":3.1,"moe_churn":7.4}},
{"type":"Feature","geometry":{"type":"Polygon","coordinates":[[[-73.9424014784059,40.655884811594845],[-73.95006664861296,40.65542299720048],[-73.95015965960431,40.656260231585044],[-73.95638851524795,40.65587456589966],[-73.95630034968731,40.65504828183075],[-73.95582518307756,40.65052980807852],[-73.95870789822969,40.65038727378277],[-73.95826081923693,40.648532745533515],[-73.95815003514555,40.64776767369132],[-73.958106721314,40.64651800986065],[-73.95565196108853,40.64663041064682],[-73.95473024704435,40.64477257836159],[-73.9541264103894,40.63916129928231],[-73.95404358458175,40.63887754918987],[-73.95360004631412,40.63842234744985],[-73.95115988406074,40.6384178999094],[-73.94826499590872,40.63860719020929],[-73.94841343299743,40.63998746458364],[-73.94744296706789,40.640047665746565],[-73.94778994529514,40.64330573644883],[-73.94586879159807,40.643423744606935],[-73.94607216692587,40.64531181207457],[-73.94416921788462,40.64542918722383],[-73.94434377333857,40.64707820118376],[-73.94337384775304,40.64711470321855],[-73.94352957960122,40.648577244132206],[-73.94300384405591,40.648594768923104],[-73.9431224483661,40.649309184427615],[-73.94263113072203,40.649339757731575],[-73.94282541722835,40.65110998396282],[-73.94189204296681,40.65116934638694],[-73.9424014784059,40.655884811594845]]]},"properties":{"nta":"BK1701","name":"East Flatbush-Erasmus","boro":"Brooklyn","households":17556,"owner_hh":3138,"renter_hh":14418,"turnover_all":24.5,"turnover_own":20.1,"turnover_rent":25.5,"churn_annual":9.1,"owner_share":17.9,"moe_all":3,"moe_own":6.7,"moe_rent":3.3,"moe_churn":8.6}},
{"type":"Feature","geometry":{"type":"Polygon","coordinates":[[[-73.93738309030023,40.64490488763237],[-73.94260824580195,40.64466186238323],[-73.9427996095848,40.64654261731527],[-73.94330831781305,40.64652673220832],[-73.94337384775304,40.64711470321855],[-73.94434377333857,40.64707820118376],[-73.94416921788462,40.64542918722383],[-73.94607216692587,40.64531181207457],[-73.94586879159807,40.643423744606935],[-73.94778994529514,40.64330573644883],[-73.94744296706789,40.640047665746565],[-73.94841343299743,40.63998746458364],[-73.94826499590872,40.63860719020929],[-73.94777330328344,40.63399815669721],[-73.94586773527199,40.634117548159686],[-73.94561754645717,40.631777430312106],[-73.93701746157781,40.63231097913595],[-73.93726700030824,40.634650626176104],[-73.92744822162443,40.63525840955707],[-73.92652490760382,40.63649272379852],[-73.92612684910615,40.63774352323184],[-73.92606337973407,40.63852406103565],[-73.92586068563264,40.639211071539165],[-73.92577243770673,40.64001216692147],[-73.92547887224538,40.64158704217779],[-73.92538232946819,40.642384532666334],[-73.92550278304837,40.642375154952795],[-73.92572164835737,40.644673383912746],[-73.93728427160634,40.643957722024766],[-73.93738309030023,40.64490488763237]]]},"properties":{"nta":"BK1702","name":"East Flatbush-Farragut","boro":"Brooklyn","households":12398,"owner_hh":5986,"renter_hh":6412,"turnover_all":14.7,"turnover_own":6.9,"turnover_rent":21.9,"churn_annual":5.9,"owner_share":48.3,"moe_all":2.4,"moe_own":2.4,"moe_rent":3.8,"moe_churn":7.8}},
{"type":"Feature","geometry":{"type":"Polygon","coordinates":[[[-73.91995062900948,40.64470763123676],[-73.9207736661845,40.65255431458784],[-73.92089764601207,40.65362510688705],[-73.92213639583214,40.654747356710246],[-73.92300719143547,40.65547332301659],[-73.92359855184492,40.656053141959326],[-73.925406998263,40.65767996985988],[-73.92464345482513,40.65818315832013],[-73.92828249133592,40.661447066502376],[-73.93068465339032,40.663620477274634],[-73.93160743269029,40.66355672329819],[-73.93160218606788,40.66323044440038],[-73.93132569626003,40.66059330752637],[-73.93423037418957,40.66041523394781],[-73.93399584733432,40.65811864639278],[-73.93108323032916,40.65829591603608],[-73.93090354800286,40.656610355983545],[-73.9424014784059,40.655884811594845],[-73.94189204296681,40.65116934638694],[-73.94282541722835,40.65110998396282],[-73.94263113072203,40.649339757731575],[-73.93886143773868,40.64957194121643],[-73.938706837173,40.64851744360726],[-73.93826012141484,40.64857485568217],[-73.93587355541594,40.64868834801645],[-73.93299946929406,40.64878627550205],[-73.93261418205336,40.6452454785955],[-73.9335758870938,40.64508370173643],[-73.93738309030023,40.64490488763237],[-73.93728427160634,40.643957722024766],[-73.92572164835737,40.644673383912746],[-73.92550278304837,40.642375154952795],[-73.92538232946819,40.642384532666334],[-73.92356525815107,40.64249929828592],[-73.92329824381295,40.63992322166816],[-73.92154947999558,40.64134469239467],[-73.91973736982146,40.64277814834529],[-73.91995062900948,40.64470763123676]]]},"properties":{"nta":"BK1703","name":"East Flatbush-Rugby","boro":"Brooklyn","households":14124,"owner_hh":5426,"renter_hh":8698,"turnover_all":15.5,"turnover_own":6.2,"turnover_rent":21.3,"churn_annual":5.6,"owner_share":38.4,"moe_all":2.6,"moe_own":2.4,"moe_rent":3.7,"moe_churn":7.6}},
{"type":"Feature","geometry":{"type":"Polygon","coordinates":[[[-73.90855790456779,40.65209593779417],[-73.90933499313002,40.652808592144346],[-73.90970013658497,40.6541529482019],[-73.91012255610413,40.655851772056174],[-73.91236458830515,40.65551356575163],[-73.91572803615885,40.65855012827582],[-73.9181849297238,40.660726208914795],[-73.91909681470982,40.664230484459814],[-73.92165571527732,40.6638435756695],[-73.92416411210384,40.66610574765952],[-73.92439099296747,40.666381423277436],[-73.92872204440549,40.664495570187086],[-73.93068465339032,40.663620477274634],[-73.92828249133592,40.661447066502376],[-73.92464345482513,40.65818315832013],[-73.925406998263,40.65767996985988],[-73.92359855184492,40.656053141959326],[-73.92300719143547,40.65547332301659],[-73.92213639583214,40.654747356710246],[-73.92089764601207,40.65362510688705],[-73.9207736661845,40.65255431458784],[-73.91995062900948,40.64470763123676],[-73.91764732219922,40.64622293697512],[-73.91693683488558,40.64668353618974],[-73.91550029554146,40.647604854878026],[-73.9094484629128,40.65152159979489],[-73.90855790456779,40.65209593779417]]]},"properties":{"nta":"BK1704","name":"East Flatbush-Remsen Village","boro":"Brooklyn","households":14510,"owner_hh":3002,"renter_hh":11508,"turnover_all":14.5,"turnover_own":11.4,"turnover_rent":15.3,"churn_annual":6.9,"owner_share":20.7,"moe_all":3.9,"moe_own":6.8,"moe_rent":4.5,"moe_churn":11.6}},
{"type":"Feature","geometry":{"type":"Polygon","coordinates":[[[-73.91824254400218,40.628770075001434],[-73.91860224674113,40.63206832825298],[-73.91876282483179,40.63363752915444],[-73.91888284157065,40.63476735249991],[-73.9189121199975,40.63503446032006],[-73.91902770602769,40.63609754453404],[-73.91945472876134,40.64017313779411],[-73.9196595121925,40.642078237784084],[-73.91973736982146,40.64277814834529],[-73.92154947999558,40.64134469239467],[-73.92329824381295,40.63992322166816],[-73.92356525815107,40.64249929828592],[-73.92538232946819,40.642384532666334],[-73.92547887224538,40.64158704217779],[-73.92577243770673,40.64001216692147],[-73.92586068563264,40.639211071539165],[-73.92606337973407,40.63852406103565],[-73.92612684910615,40.63774352323184],[-73.92652490760382,40.63649272379852],[-73.92744822162443,40.63525840955707],[-73.93726700030824,40.634650626176104],[-73.93701746157781,40.63231097913595],[-73.94561754645717,40.631777430312106],[-73.94647961630966,40.63170816218013],[-73.94415535167828,40.62950828571032],[-73.94732672160579,40.62916656720963],[-73.94642265932397,40.624385567285984],[-73.94542442765486,40.62449560959775],[-73.94451833238585,40.619713647094606],[-73.94651373127832,40.61949401965242],[-73.94573691912028,40.615363406756806],[-73.94482770908357,40.61604620910915],[-73.94395779406366,40.616816309966694],[-73.94346961949489,40.617385002372195],[-73.94325340656655,40.61741206433592],[-73.94078914021121,40.6176967898908],[-73.94045274629325,40.6179290507152],[-73.93971671550374,40.618406096391844],[-73.93686699540746,40.62025328173514],[-73.93320457514422,40.61697044275365],[-73.93248727319728,40.61743170236122],[-73.93173179059826,40.61792692139374],[-73.92989884361768,40.61629427236309],[-73.92776129984657,40.614373425519716],[-73.92629769848605,40.61319215567536],[-73.92640044535042,40.6144785355311],[-73.92446651253354,40.614599417650055],[-73.92062400176053,40.61483868167421],[-73.92052694019563,40.6139426950058],[-73.91690302605198,40.61627422991029],[-73.91716779456196,40.61838796266784],[-73.91726440793867,40.61954803847006],[-73.91775240094029,40.6241647173568],[-73.91824254400218,40.628770075001434]]]},"properties":{"nta":"BK1801","name":"Flatlands","boro":"Brooklyn","households":21884,"owner_hh":13218,"renter_hh":8666,"turnover_all":8.4,"turnover_own":6.6,"turnover_rent":11,"churn_annual":4.3,"owner_share":60.4,"moe_all":1.4,"moe_own":1.5,"moe_rent":2.6,"moe_churn":6.4}},
{"type":"Feature","geometry":{"type":"Polygon","coordinates":[[[-73.9171951501055,40.63173820625012],[-73.91860224674097,40.63206832825301],[-73.91824254400218,40.628770075001434],[-73.91775240094029,40.6241647173568],[-73.91726440793867,40.61954803847006],[-73.91716779456202,40.618387962667875],[-73.91690302605194,40.61627422991029],[-73.92052694019553,40.613942695005846],[-73.92062400176049,40.61483868167425],[-73.92446651253354,40.614599417650055],[-73.92640044535047,40.61447853553114],[-73.926297698486,40.61319215567536],[-73.92776129984664,40.614373425519716],[-73.92989884361768,40.61629427236309],[-73.93173179059826,40.617926921393774],[-73.93248727319728,40.61743170236122],[-73.93320457514412,40.61697044275365],[-73.9368669954074,40.62025328173519],[-73.93971671550374,40.618406096391844],[-73.94045274629325,40.6179290507152],[-73.94078914021105,40.617696789890836],[-73.94325340656655,40.61741206433592],[-73.94346961949482,40.617385002372195],[-73.94395779406359,40.616816309966694],[-73.94482770908351,40.61604620910915],[-73.94417450628579,40.61272253843789],[-73.94405560778222,40.61199284223628],[-73.94354697934085,40.609346555698075],[-73.9423117579338,40.60826819732571],[-73.94154757627084,40.608767736799706],[-73.94011528674281,40.60969107767267],[-73.93934703315237,40.61018714136856],[-73.93753749374042,40.6085573902577],[-73.93604627615379,40.609514868917145],[-73.9342315749574,40.607897715857106],[-73.93351310667413,40.60834345631249],[-73.92986880113953,40.605071342130266],[-73.92624884959909,40.60741352225924],[-73.92444144261098,40.60579356998425],[-73.9215842904519,40.60763908589645],[-73.9206586164381,40.60675454338088],[-73.91970928643104,40.60730216328025],[-73.91852760745402,40.606113367142626],[-73.91794980501203,40.606209252342346],[-73.91858342114914,40.60677183359141],[-73.91868471829673,40.60696635699302],[-73.91924135011469,40.607385414363456],[-73.91952209796015,40.60773879743498],[-73.91950358918861,40.607974904478006],[-73.91889855115215,40.60828940687293],[-73.9180158470268,40.608866530386045],[-73.91772902651729,40.60975703538193],[-73.9181026149893,40.61012428409874],[-73.91805286362053,40.610275343080374],[-73.916746523893,40.61117845546838],[-73.91573181927129,40.61183084451401],[-73.91662804371141,40.613443589265685],[-73.91450091245338,40.61486515731565],[-73.914079858683,40.61488823339921],[-73.91386053060802,40.6146422680659],[-73.9149341879036,40.61395815555777],[-73.91486259053711,40.61329854260257],[-73.91458057649909,40.61189538467223],[-73.91449542205973,40.61165322366508],[-73.91492035932123,40.61126665733827],[-73.9156289810894,40.61088347754508],[-73.9161647503772,40.6105155750763],[-73.91638585145203,40.61008889290506],[-73.91678394366942,40.6087738833868],[-73.91632230017449,40.60867566317177],[-73.91672115759032,40.60762484678032],[-73.9166044214794,40.60708939344488],[-73.91673556486195,40.60681456155035],[-73.9138414217297,40.60415768418537],[-73.91352500916882,40.60392913966431],[-73.91092270021103,40.6035054766035],[-73.90913452972943,40.60394410684954],[-73.90889944956521,40.603913672523774],[-73.90832536835099,40.604073374421425],[-73.90885691315668,40.60506007379733],[-73.90977661382514,40.60582267723169],[-73.90984528326638,40.606168305507296],[-73.90933804983145,40.60647760302495],[-73.90906279580979,40.60646614621058],[-73.90870529107212,40.60664693714505],[-73.90844815360823,40.60661674724249],[-73.90809821909194,40.60627863560974],[-73.90738833842934,40.60637698298312],[-73.90597461177855,40.60638402870451],[-73.90560690377093,40.605897858643665],[-73.90520530979795,40.604908182909604],[-73.90189710069492,40.60572961179595],[-73.9016773960639,40.60609454963607],[-73.90186893018571,40.60723309002517],[-73.90196164219753,40.60861970003283],[-73.90214599059729,40.60904276556266],[-73.9022144269989,40.610343316534234],[-73.90286496065242,40.61088193328218],[-73.90313578707024,40.6109675381573],[-73.90333856113241,40.611271487616364],[-73.9042860043324,40.61201678153768],[-73.90421569492383,40.612356572030954],[-73.90535845077167,40.61304033926638],[-73.90668698209635,40.614317861579934],[-73.90706280526841,40.614536654511284],[-73.90777596193726,40.615243145753965],[-73.9085350148089,40.61545063057588],[-73.90900782730661,40.61577278690749],[-73.90959740910328,40.61639266979952],[-73.90964406040283,40.61657537200228],[-73.90895706128654,40.61699148532209],[-73.9088369111078,40.61731164662783],[-73.90799433303796,40.617175217259124],[-73.90799650061157,40.61696364150026],[-73.90724169382693,40.61655150188779],[-73.9069651511667,40.616063871500934],[-73.90418982324461,40.6135645608517],[-73.90347276452162,40.61398661316734],[-73.90213040256702,40.612780001262294],[-73.8999599342526,40.61421057069578],[-73.89893627906505,40.6148335118779],[-73.89855614096581,40.615148674172104],[-73.89853771030695,40.6162651784475],[-73.89810073621506,40.617043985744445],[-73.89834978362235,40.617310382283506],[-73.90013058200907,40.61894321168738],[-73.9019895070519,40.620562190469464],[-73.90016300858034,40.621677094243765],[-73.90063507082697,40.62177275512584],[-73.90085133029234,40.62247665858165],[-73.90134079008513,40.62287276159713],[-73.90186730427492,40.62296244409323],[-73.90215015258282,40.62331383086333],[-73.90220087912746,40.62355830957487],[-73.90279387848936,40.623560502940556],[-73.90291619574111,40.62395453125661],[-73.90269333271974,40.62421333487348],[-73.9032704594402,40.62448418394116],[-73.90313231786563,40.624602256699546],[-73.9038667886285,40.62496884844103],[-73.90396106711259,40.62483361555432],[-73.90464209220703,40.6251331923843],[-73.90918033297397,40.6272014087493],[-73.9148949764835,40.62972387425288],[-73.91659169782919,40.630451857973206],[-73.91672746490208,40.63076823027234],[-73.91732163529545,40.63100649735685],[-73.91748399200108,40.631464196661945],[-73.9171951501055,40.63173820625012]]]},"properties":{"nta":"BK1802","name":"Marine Park-Mill Basin-Bergen Beach","boro":"Brooklyn","households":15127,"owner_hh":11072,"renter_hh":4055,"turnover_all":12,"turnover_own":8.2,"turnover_rent":22.2,"churn_annual":4.8,"owner_share":73.2,"moe_all":2,"moe_own":1.7,"moe_rent":5.4,"moe_churn":6.9}},
{"type":"Feature","geometry":{"type":"Polygon","coordinates":[[[-73.8912185346906,40.64998769862287],[-73.89125147174484,40.65002559738419],[-73.8900058905851,40.65114869763263],[-73.89003782430765,40.65117817747683],[-73.89136543499184,40.65236471994889],[-73.89194525402887,40.65302190197291],[-73.8935467700785,40.655202714083224],[-73.89520540200809,40.654487930027926],[-73.89761013176373,40.6534538161202],[-73.89663417850561,40.65257571567129],[-73.89586154781912,40.65188052733215],[-73.89675272131805,40.651295787078304],[-73.89680700310416,40.6512601695125],[-73.89757174709248,40.650758886929175],[-73.8977151590313,40.650665089119634],[-73.90074707802192,40.64873544459087],[-73.90309943772044,40.647199611185506],[-73.90398200421099,40.6466285675762],[-73.90509580193182,40.64760685197931],[-73.90579983623707,40.64826507856706],[-73.90827570599564,40.650498573806516],[-73.90849084130691,40.650586418621636],[-73.90868769412012,40.65072148112174],[-73.90944846291285,40.65152159979489],[-73.91550029554152,40.647604854878026],[-73.91693683488558,40.64668353618974],[-73.91764732219922,40.64622293697512],[-73.91995062900942,40.644707631236805],[-73.91973736982146,40.64277814834529],[-73.9196595121925,40.642078237784084],[-73.91945472876134,40.64017313779411],[-73.91902770602769,40.63609754453404],[-73.9189121199975,40.63503446032006],[-73.91888284157065,40.63476735249991],[-73.91876282483179,40.63363752915444],[-73.91860224674097,40.63206832825301],[-73.9171951501055,40.63173820625012],[-73.91690383491489,40.631939130982005],[-73.91624680487816,40.63207486948843],[-73.91590211083171,40.63194960314329],[-73.91503114031099,40.63131577876525],[-73.91446070941083,40.63099483080193],[-73.91321688038909,40.63046607774211],[-73.91159082315443,40.62967459293966],[-73.91065668402565,40.62929394503102],[-73.90911484526215,40.62855569878034],[-73.90825201141668,40.628248277065545],[-73.90412793141735,40.62630619963139],[-73.9037036978262,40.6262178584602],[-73.90146161102417,40.62523141885306],[-73.90109035882568,40.625681821237336],[-73.90011761863691,40.62701661680899],[-73.89941286436404,40.62754354799932],[-73.89277185864478,40.63180870450963],[-73.89081563470049,40.63085391554503],[-73.89227223272182,40.62910794675888],[-73.89209387061061,40.628657734739036],[-73.89011158941267,40.62897571437592],[-73.88951672357305,40.62936064691226],[-73.8889037414644,40.62991585837532],[-73.88747609059246,40.6301197781985],[-73.88544136129505,40.631401632810935],[-73.88453178804377,40.63203650707573],[-73.88367898689486,40.63271630614548],[-73.88288850822047,40.63343648718216],[-73.88406945996846,40.634447501028895],[-73.88594417690686,40.63622681167439],[-73.8837183040487,40.637679758682054],[-73.88076685498288,40.639581647653664],[-73.88078889725736,40.63975743263574],[-73.88190167750018,40.64083493862038],[-73.88311261858667,40.641874465473066],[-73.88373578763793,40.642450349188614],[-73.88463356360698,40.643086921944544],[-73.88576862162398,40.64359371675391],[-73.88602529679075,40.64366145040669],[-73.8863721085287,40.64413670710645],[-73.8867482931071,40.644487282778094],[-73.88691203454515,40.64447377760806],[-73.88709182294312,40.64491897108724],[-73.88809441935716,40.646212786549505],[-73.88810266231374,40.64664023739648],[-73.88849960118229,40.646663684055085],[-73.88864137641359,40.647079553316225],[-73.88889569015392,40.64721881840619],[-73.88918799274558,40.6470795148877],[-73.88945074227742,40.647173955094075],[-73.89108330605376,40.648792575696184],[-73.89120545080615,40.64911163539582],[-73.89089128812908,40.64937950986554],[-73.8912185346906,40.64998769862287]]]},"properties":{"nta":"BK1803","name":"Canarsie","boro":"Brooklyn","households":26760,"owner_hh":13872,"renter_hh":12888,"turnover_all":10.2,"turnover_own":4.3,"turnover_rent":16.7,"churn_annual":4.1,"owner_share":51.8,"moe_all":1.5,"moe_own":1.3,"moe_rent":2.7,"moe_churn":5.6}},
{"type":"Feature","geometry":{"type":"Polygon","coordinates":[[[-73.92309299772212,40.816697728138315],[-73.9239995118876,40.815438912951805],[-73.92662718123506,40.8161189596765],[-73.92621971950577,40.816758655974006],[-73.92518486375293,40.81801266937714],[-73.92731653000297,40.818559634826904],[-73.92821698823337,40.81653564671182],[-73.92885641986327,40.8148798674807],[-73.92921297888257,40.814381957871404],[-73.93027812596966,40.8132480256553],[-73.93130722793302,40.8136987399088],[-73.93128890521805,40.81377808987876],[-73.93214444401528,40.814126083280854],[-73.93242307595003,40.8141517151758],[-73.9326322918905,40.811904622263015],[-73.93256503213819,40.81088597569196],[-73.9328741193582,40.8104140434288],[-73.9328639701707,40.81012443789091],[-73.93259434581051,40.81005355787177],[-73.93264257049171,40.80938286452613],[-73.93252708719822,40.80882328177514],[-73.9322826191658,40.808363974125385],[-73.93116268063099,40.80712829627922],[-73.93051758773042,40.80659056356663],[-73.93053644993523,40.80647027744533],[-73.93005458824385,40.805902347323],[-73.9287260742369,40.80410362522707],[-73.92834056119388,40.80423989078373],[-73.92810959569337,40.80401293433759],[-73.9276450026433,40.803988633348276],[-73.92728271855411,40.803508264416664],[-73.92731248291973,40.803211771485174],[-73.9276278850446,40.802695665983364],[-73.92665794722352,40.80240980391447],[-73.92422706775021,40.80254501135789],[-73.92358699045832,40.80251572582668],[-73.92292709999569,40.80237329531277],[-73.92203765903021,40.80187719757243],[-73.92132730712379,40.80128459163114],[-73.9207813385818,40.80027500995168],[-73.92024068026599,40.7996136878696],[-73.91880393916192,40.79887973039146],[-73.91616947066582,40.79783071942917],[-73.91512767378661,40.797362948507896],[-73.91372255742067,40.79678943900846],[-73.91223808460569,40.79671022728401],[-73.91168831108833,40.796623770558085],[-73.91109827415782,40.796888070833084],[-73.91032544723598,40.79742900177413],[-73.90994644214736,40.79783430590598],[-73.90963899961295,40.797942225800455],[-73.90830303542083,40.798959135920335],[-73.9085502661004,40.799307426058725],[-73.90824444130371,40.79940950475217],[-73.9073937411026,40.80010433606537],[-73.90670129956762,40.80082002932323],[-73.90681401534472,40.800890640275206],[-73.9062038666949,40.801492993498755],[-73.90601427733542,40.80155293159798],[-73.90552153174478,40.802019955400745],[-73.90452954029595,40.80317023565156],[-73.90368265865791,40.80379503359818],[-73.9032126886261,40.803899639513766],[-73.9025229831837,40.80446378876775],[-73.90222284699365,40.804948113859815],[-73.90298795349214,40.809364301035835],[-73.90308946530321,40.809856399702475],[-73.90324273436086,40.81071288453203],[-73.90341720307497,40.811506882855255],[-73.90418036281328,40.81212482056623],[-73.90446551344374,40.81228196041537],[-73.91094778869054,40.813620921742],[-73.91240322245037,40.81408305722685],[-73.91251890110344,40.81412214426665],[-73.91495493517456,40.81493646600991],[-73.91764502820385,40.816065918016484],[-73.91860144262363,40.81553196390304],[-73.92012648774387,40.814741122389165],[-73.92048117283511,40.81456368686958],[-73.92130383212299,40.815477247776066],[-73.9215839208468,40.81555063206619],[-73.92124519592693,40.8162193972974],[-73.92309299772212,40.816697728138315]]]},"properties":{"nta":"BX0101","name":"Mott Haven-Port Morris","boro":"Bronx","households":22081,"owner_hh":1528,"renter_hh":20553,"turnover_all":14.8,"turnover_own":26,"turnover_rent":13.9,"churn_annual":6,"owner_share":6.9,"moe_all":2.7,"moe_own":10.2,"moe_rent":2.8,"moe_churn":6.5}},
{"type":"Feature","geometry":{"type":"Polygon","coordinates":[[[-73.90129277472668,40.82047544261303],[-73.9026681910878,40.82080315988624],[-73.90565890247814,40.821556532634595],[-73.90645722144208,40.821715365035885],[-73.90990894049723,40.82255110811688],[-73.91163361811967,40.82211500921986],[-73.9118915492167,40.822141481777486],[-73.91621588472752,40.823467930224936],[-73.91587735728943,40.8241037325319],[-73.9167740045355,40.824387087372905],[-73.91712693624306,40.824162631557975],[-73.91719007307869,40.8241225173306],[-73.91740458983432,40.82398622250512],[-73.91746772633662,40.823946106951894],[-73.9178215150532,40.82371837132908],[-73.92048603210955,40.8219795366135],[-73.92066539132294,40.82183689358983],[-73.92194763991083,40.82103154495854],[-73.92265261107394,40.82049431528034],[-73.92402557153761,40.81928533011033],[-73.92518486375297,40.818012669377104],[-73.92621971950582,40.816758655974006],[-73.92662718123518,40.81611895967647],[-73.9239995118877,40.815438912951805],[-73.92309299772212,40.816697728138315],[-73.92124519592703,40.8162193972974],[-73.92158392084691,40.81555063206615],[-73.92130383212299,40.815477247776066],[-73.92048117283505,40.81456368686955],[-73.92012648774387,40.814741122389165],[-73.91860144262363,40.815531963903],[-73.9176450282038,40.816065918016484],[-73.91495493517462,40.81493646600991],[-73.91251890110344,40.81412214426665],[-73.91240322245037,40.81408305722685],[-73.91094778869065,40.81362092174195],[-73.9044655134437,40.81228196041532],[-73.90346997117642,40.81507578848351],[-73.90300983126015,40.8163177929593],[-73.90129277472668,40.82047544261303]]]},"properties":{"nta":"BX0102","name":"Melrose","boro":"Bronx","households":15978,"owner_hh":1231,"renter_hh":14747,"turnover_all":16,"turnover_own":7.3,"turnover_rent":16.7,"churn_annual":7.3,"owner_share":7.7,"moe_all":3.9,"moe_own":8.5,"moe_rent":4.1,"moe_churn":10.5}},
{"type":"Feature","geometry":{"type":"Polygon","coordinates":[[[-73.88098029527114,40.81823562312675],[-73.88244779486632,40.81926832301364],[-73.88378786038179,40.82193341427319],[-73.88438503951718,40.822951369497105],[-73.88561280621602,40.82279451897309],[-73.88655439814995,40.82270623976911],[-73.88718471122228,40.822644982869654],[-73.88788746068442,40.8223630137872],[-73.88833836206837,40.821999684858675],[-73.88842026124503,40.82192060970641],[-73.88922380963537,40.82146589554524],[-73.89011271735998,40.82090094684326],[-73.89082377863907,40.820306482436266],[-73.89132700687347,40.8207381900999],[-73.89161858677699,40.8210128492298],[-73.89283653013439,40.82097405411286],[-73.8929015611022,40.82081122419515],[-73.89704466589791,40.81680185968569],[-73.89542858772428,40.81584467293086],[-73.89587231105996,40.81541270072611],[-73.89733048984402,40.81399633619959],[-73.89786486443029,40.81356667000949],[-73.89912449070974,40.812695241358654],[-73.90086248266802,40.8113969741133],[-73.90155819299287,40.810892175029],[-73.90308946530321,40.809856399702475],[-73.90298795349214,40.809364301035835],[-73.90222284699365,40.804948113859815],[-73.90204952046372,40.80478414110611],[-73.90097298881535,40.80487609789133],[-73.89958950658891,40.80522840331335],[-73.89852656516594,40.805434309098146],[-73.89813013707567,40.805644357054085],[-73.89829494887864,40.80609757120112],[-73.89749681953896,40.80621440020273],[-73.8973129614691,40.80608152729486],[-73.8961958530139,40.80624103182531],[-73.89622424118986,40.80647704234501],[-73.8954591186786,40.80660308439228],[-73.89509836487397,40.80686363917372],[-73.89484295983542,40.805723997514924],[-73.8946325235109,40.80623233192232],[-73.89383602227304,40.80624420825336],[-73.89197929534278,40.806384708976395],[-73.89178618135598,40.8056228920864],[-73.89144104277274,40.805661898565],[-73.89149717186811,40.805927198467025],[-73.8905821307979,40.8058675223447],[-73.89005932692513,40.80570432417888],[-73.88954478026055,40.80580707619296],[-73.89014756243947,40.80496060928421],[-73.88999598170764,40.80488628675296],[-73.88936640376924,40.8053807802984],[-73.88906442025977,40.80502191290477],[-73.88859217706481,40.80478927459541],[-73.88795897223945,40.80499792592088],[-73.88763129537637,40.804671325376134],[-73.88752886022138,40.80440172674061],[-73.8872473845842,40.80418614011439],[-73.88727097347115,40.8039470023369],[-73.88616377056557,40.803175684977],[-73.88591424672614,40.80279851699316],[-73.88525553670252,40.80240978102565],[-73.88505172336708,40.80213090679824],[-73.88398945322709,40.80190387915885],[-73.88369542422377,40.80216212410564],[-73.8829705906878,40.80228429903979],[-73.88106910311578,40.80253588282425],[-73.88005462984884,40.80276015140783],[-73.879213484076,40.802795327337826],[-73.87843295513449,40.802702734695046],[-73.87816581140154,40.802551683745115],[-73.87796880375461,40.80171111462578],[-73.87814218819821,40.80131929080922],[-73.87592998071696,40.8010842225888],[-73.87585788515192,40.80145598758589],[-73.87526517037327,40.80139815254867],[-73.87473060452592,40.801256638131406],[-73.87467716314143,40.800979422361806],[-73.87355096572502,40.800853302772026],[-73.87174509373908,40.80154736611633],[-73.87151855030193,40.80187414939095],[-73.86978968017556,40.80412510586402],[-73.86846346959135,40.80593654893927],[-73.8681121914008,40.80675183283206],[-73.87055342191726,40.811243380220574],[-73.87047093165215,40.81145829549445],[-73.87056806861774,40.81208731762185],[-73.87095753684095,40.812146180609645],[-73.87165777683393,40.81325426197617],[-73.87250110885978,40.813888128234254],[-73.87446381927738,40.8146452318618],[-73.87673185506915,40.81538649598422],[-73.87663459963709,40.81571150809938],[-73.8780628310778,40.816182632442626],[-73.88098029527114,40.81823562312675]]]},"properties":{"nta":"BX0201","name":"Hunts Point","boro":"Bronx","households":5245,"owner_hh":466,"renter_hh":4779,"turnover_all":15.3,"turnover_own":0,"turnover_rent":16.8,"churn_annual":9.9,"owner_share":8.9,"moe_all":4.8,"moe_own":11.1,"moe_rent":5.1,"moe_churn":14.9}},
{"type":"Feature","geometry":{"type":"Polygon","coordinates":[[[-73.8878874606846,40.8223630137872],[-73.88733160829096,40.82279612172657],[-73.88706660277637,40.823190276968475],[-73.88645426053077,40.82528631167759],[-73.88609624100911,40.82765577786004],[-73.8878951083526,40.82674318529608],[-73.88997942421675,40.82680999274032],[-73.89293225968738,40.826787036531314],[-73.89483522835758,40.826246841714166],[-73.89515277705604,40.82783429017694],[-73.89511020772522,40.82803689945429],[-73.8954852261021,40.8282485413837],[-73.89979756668548,40.827684354293936],[-73.90093510612638,40.82792810175661],[-73.90164895494351,40.826256978346684],[-73.90050540337992,40.82600762242905],[-73.90198758531274,40.82244042310524],[-73.90061141014671,40.82210880792915],[-73.90129277472668,40.82047544261303],[-73.90300983126015,40.8163177929593],[-73.90346997117642,40.81507578848351],[-73.9044655134437,40.81228196041532],[-73.90418036281334,40.81212482056623],[-73.90341720307501,40.811506882855255],[-73.90324273436086,40.81071288453203],[-73.90308946530327,40.80985639970244],[-73.90155819299291,40.81089217502897],[-73.90086248266802,40.8113969741133],[-73.89912449070974,40.8126952413586],[-73.89786486443029,40.81356667000946],[-73.89733048984407,40.81399633619959],[-73.89587231105996,40.81541270072611],[-73.89542858772433,40.81584467293086],[-73.89704466589791,40.81680185968569],[-73.8929015611023,40.82081122419515],[-73.89283653013439,40.82097405411286],[-73.89161858677713,40.821012849229774],[-73.89132700687347,40.8207381900999],[-73.89082377863907,40.82030648243621],[-73.89011271735993,40.82090094684326],[-73.8892238096355,40.82146589554519],[-73.88842026124503,40.82192060970641],[-73.88833836206837,40.821999684858675],[-73.8878874606846,40.8223630137872]]]},"properties":{"nta":"BX0202","name":"Longwood","boro":"Bronx","households":14677,"owner_hh":1348,"renter_hh":13329,"turnover_all":14.7,"turnover_own":10.8,"turnover_rent":15.1,"churn_annual":6.1,"owner_share":9.2,"moe_all":3,"moe_own":8.2,"moe_rent":3.2,"moe_churn":8.4}},
{"type":"Feature","geometry":{"type":"Polygon","coordinates":[[[-73.89696588930462,40.83434214589405],[-73.90121578298935,40.8354101416905],[-73.90122534899322,40.835499911236795],[-73.90134101105839,40.835441324410205],[-73.90185605724653,40.83462212562779],[-73.90343501385796,40.832216380824065],[-73.90553116630635,40.82910413258929],[-73.9089599022164,40.8302262340487],[-73.90948178293056,40.82959211998187],[-73.91030770254517,40.82877248624752],[-73.911694301724,40.82775871580908],[-73.91179361884595,40.826428155601164],[-73.91130974385186,40.82484855889453],[-73.91192435154005,40.825049759349305],[-73.9131667434886,40.82545645531184],[-73.9135119160979,40.82480494542258],[-73.91475120998606,40.8252004734334],[-73.91541108147266,40.825773909122724],[-73.91618778387283,40.82526834721441],[-73.91661368376236,40.8249923085071],[-73.91615281513177,40.82485694141498],[-73.9167740045355,40.824387087372905],[-73.91587735728943,40.8241037325319],[-73.91621588472752,40.823467930224936],[-73.9118915492167,40.822141481777486],[-73.91163361811967,40.82211500921986],[-73.90990894049723,40.82255110811688],[-73.90645722144208,40.821715365035885],[-73.90565890247814,40.821556532634595],[-73.9026681910878,40.82080315988624],[-73.90129277472668,40.82047544261303],[-73.90061141014671,40.82210880792915],[-73.90198758531274,40.82244042310524],[-73.90050540337992,40.82600762242905],[-73.90164895494351,40.826256978346684],[-73.90093510612638,40.82792810175661],[-73.89979756668548,40.827684354293936],[-73.8954852261021,40.8282485413837],[-73.89639572907834,40.82876287952023],[-73.89669632384079,40.83041450453961],[-73.89717220880983,40.83036883289431],[-73.8969001774289,40.831033336425826],[-73.89647296120866,40.83304756810539],[-73.89630199811194,40.83354321799611],[-73.89696588930462,40.83434214589405]]]},"properties":{"nta":"BX0301","name":"Morrisania","boro":"Bronx","households":14072,"owner_hh":1191,"renter_hh":12881,"turnover_all":17.3,"turnover_own":9.3,"turnover_rent":18,"churn_annual":6.5,"owner_share":8.5,"moe_all":4.1,"moe_own":10,"moe_rent":4.4,"moe_churn":9.6}},
{"type":"Feature","geometry":{"type":"Polygon","coordinates":[[[-73.9013172979867,40.844473941534865],[-73.90483249948313,40.84484207145842],[-73.90483494066312,40.84475261849982],[-73.90501514891653,40.8424046989893],[-73.90515960629514,40.84101163780916],[-73.9054157690002,40.84022013751004],[-73.90570581045682,40.83972280069595],[-73.90538357941077,40.83976898447428],[-73.90597940375552,40.83850519580221],[-73.90740200442593,40.83623228341801],[-73.9086913114116,40.83393834677405],[-73.91049010593304,40.830737373534774],[-73.9089599022164,40.8302262340487],[-73.90553116630635,40.82910413258929],[-73.90343501385796,40.832216380824065],[-73.90185605724653,40.83462212562779],[-73.90134101105839,40.835441324410205],[-73.90122534899322,40.835499911236795],[-73.90056610801842,40.836592508926955],[-73.8974911149022,40.842067089838366],[-73.8966616166718,40.84352460706751],[-73.8959148701052,40.843142919621165],[-73.89537836114475,40.842938779458706],[-73.89479021957922,40.84372032197091],[-73.9013172979867,40.844473941534865]]]},"properties":{"nta":"BX0302","name":"Claremont Village-Claremont (East)","boro":"Bronx","households":8503,"owner_hh":191,"renter_hh":8312,"turnover_all":13.1,"turnover_own":0,"turnover_rent":13.5,"churn_annual":6.6,"owner_share":2.2,"moe_all":3.9,"moe_own":28.7,"moe_rent":3.9,"moe_churn":13.9}},
{"type":"Feature","geometry":{"type":"Polygon","coordinates":[[[-73.88005188415067,40.83470205920019],[-73.882226986618,40.83545245760783],[-73.88205494976867,40.836144796304964],[-73.88213822983263,40.836775006122735],[-73.88200844634898,40.83744382272155],[-73.88213872983219,40.83782854284617],[-73.88246404708562,40.83824724140481],[-73.88285365009212,40.83849533597433],[-73.8827100472669,40.83862612271144],[-73.8834675968393,40.839056795313354],[-73.88356469728534,40.838986365810555],[-73.88418143086983,40.839335307143855],[-73.884648980423,40.839174633102914],[-73.8861843201219,40.84010504497275],[-73.88659802256774,40.8392790507779],[-73.88729743923052,40.83813538903685],[-73.88841187095251,40.83855339156463],[-73.88874067782909,40.83796845987613],[-73.89057363264938,40.836901048030974],[-73.89110124772846,40.836727482141185],[-73.89337676185252,40.83654000894677],[-73.89430313867152,40.836183644421666],[-73.89486310989733,40.83576065380064],[-73.8951391489579,40.83542950447601],[-73.89583107702725,40.83487855122048],[-73.89696588930462,40.83434214589405],[-73.89630199811194,40.83354321799611],[-73.89647296120866,40.83304756810539],[-73.8969001774289,40.831033336425826],[-73.89717220880983,40.83036883289431],[-73.89669632384079,40.83041450453961],[-73.89639572907834,40.82876287952023],[-73.8954852261021,40.8282485413837],[-73.89511020772522,40.82803689945429],[-73.89515277705604,40.82783429017694],[-73.89483522835758,40.826246841714166],[-73.89293225968738,40.826787036531314],[-73.88997942421675,40.82680999274032],[-73.8878951083526,40.82674318529608],[-73.88609624100911,40.82765577786004],[-73.88645426053077,40.82528631167759],[-73.88706660277637,40.823190276968475],[-73.88733160829096,40.82279612172657],[-73.8878874606846,40.8223630137872],[-73.88718471122232,40.8226449828696],[-73.88655439814995,40.82270623976911],[-73.88561280621602,40.82279451897309],[-73.88438503951731,40.82295136949705],[-73.88464450546032,40.823814274202775],[-73.88461335944156,40.825276503821655],[-73.88438705287568,40.82681728353236],[-73.88378414046353,40.82827429246168],[-73.88352018669733,40.829260182491396],[-73.88357411706623,40.8294786466039],[-73.88390094722517,40.82980281690994],[-73.88251202661506,40.831552261126234],[-73.88005188415067,40.83470205920019]]]},"properties":{"nta":"BX0303","name":"Crotona Park East","boro":"Bronx","households":11668,"owner_hh":1041,"renter_hh":10627,"turnover_all":26.7,"turnover_own":14.4,"turnover_rent":27.9,"churn_annual":7.9,"owner_share":8.9,"moe_all":5,"moe_own":9.9,"moe_rent":5.4,"moe_churn":9.4}},
{"type":"Feature","geometry":{"type":"Polygon","coordinates":[[[-73.9086913114116,40.83393834677405],[-73.9093729880731,40.83413887358629],[-73.9103429237901,40.8344304306994],[-73.91379351915597,40.835600309808434],[-73.91567702269099,40.83631852222505],[-73.91587067444023,40.836393594242686],[-73.91647433338241,40.83577903089617],[-73.91841189041679,40.83643922001939],[-73.92047981018476,40.83713953648362],[-73.92001799342097,40.83765612916761],[-73.92036502955952,40.837425706517365],[-73.92071597977093,40.83719846443935],[-73.921882893844,40.83642570219847],[-73.92237223037706,40.83610874281376],[-73.92252103705994,40.835722797076926],[-73.92317149572395,40.83456462811624],[-73.92310406376441,40.83446536460189],[-73.92221736139518,40.834162941071305],[-73.92348771615552,40.83197321223302],[-73.92497185315254,40.82952271512953],[-73.92592785387548,40.827811555307804],[-73.92715291285664,40.825723914841376],[-73.92976069210278,40.826582419483444],[-73.92985605353711,40.826713731370944],[-73.930685614956,40.82706059972692],[-73.93085703589053,40.8280405950437],[-73.93095939214298,40.82833708946133],[-73.93307251001943,40.828156152538625],[-73.93295940241254,40.82692344776903],[-73.93277433272583,40.825612169384534],[-73.93246603452728,40.821577434975595],[-73.93237498371892,40.819590697184154],[-73.93233582201997,40.81763040538437],[-73.93236564094515,40.81503296403683],[-73.93242307595003,40.8141517151758],[-73.93214444401528,40.814126083280854],[-73.93128890521805,40.81377808987876],[-73.93130722793302,40.8136987399088],[-73.93027812596966,40.8132480256553],[-73.92921297888257,40.814381957871404],[-73.92885641986327,40.8148798674807],[-73.92821698823337,40.81653564671182],[-73.92731653000297,40.818559634826904],[-73.92518486375293,40.81801266937714],[-73.92402557153757,40.81928533011037],[-73.92265261107394,40.82049431528034],[-73.92194763991088,40.82103154495854],[-73.92066539132294,40.82183689358983],[-73.92048603210955,40.8219795366135],[-73.9178215150532,40.82371837132908],[-73.91746772633662,40.823946106951894],[-73.91740458983432,40.82398622250512],[-73.91719007307869,40.8241225173306],[-73.91712693624306,40.824162631557975],[-73.91615281513177,40.82485694141498],[-73.91661368376236,40.8249923085071],[-73.91618778387283,40.82526834721441],[-73.91541108147256,40.82577390912276],[-73.91475120998601,40.825200473433426],[-73.91351191609785,40.82480494542258],[-73.91316674348849,40.825456455311894],[-73.91192435154,40.825049759349305],[-73.91130974385182,40.82484855889453],[-73.91179361884583,40.82642815560121],[-73.911694301724,40.82775871580911],[-73.91030770254517,40.82877248624752],[-73.90948178293046,40.8295921199819],[-73.9089599022163,40.83022623404873],[-73.910490105933,40.830737373534774],[-73.9086913114116,40.83393834677405]]]},"properties":{"nta":"BX0401","name":"Concourse-Concourse Village","boro":"Bronx","households":27203,"owner_hh":3116,"renter_hh":24087,"turnover_all":13.4,"turnover_own":9,"turnover_rent":13.9,"churn_annual":7.3,"owner_share":11.5,"moe_all":2.4,"moe_own":5.5,"moe_rent":2.5,"moe_churn":7.2}},
{"type":"Feature","geometry":{"type":"Polygon","coordinates":[[[-73.92285833383762,40.84426606329549],[-73.92330183742038,40.84439230955646],[-73.9239258793672,40.84478678133464],[-73.92474577627499,40.844804427500634],[-73.92592858553057,40.84494895754151],[-73.92674595257346,40.84512315747485],[-73.92804748335654,40.845464595954304],[-73.92827454640535,40.84497576182685],[-73.9286157466785,40.844676865699334],[-73.92918458606833,40.84320375831752],[-73.9291940794094,40.84281841640946],[-73.93036686026805,40.84062002347701],[-73.93051572319851,40.83993364318918],[-73.9307500782749,40.83961582263286],[-73.9318666008455,40.83764005625],[-73.93235564152451,40.8369933361308],[-73.93265620287741,40.836473477195824],[-73.9329963893537,40.83567878985862],[-73.93346235570795,40.833643823071114],[-73.93360591970537,40.83278953052058],[-73.93354606680776,40.83150945400381],[-73.93347556817935,40.83122141107734],[-73.93307251001943,40.828156152538625],[-73.93095939214298,40.82833708946133],[-73.92973793000856,40.828692723428524],[-73.92917196656373,40.8289399597515],[-73.92825730103077,40.829530515359885],[-73.92781189508952,40.82991843225729],[-73.92726316650715,40.83056486791229],[-73.92642499686932,40.831420922032834],[-73.92537539997394,40.83262809617426],[-73.92439355078224,40.834484028117735],[-73.92403156985513,40.8350608737246],[-73.92237223037706,40.83610874281376],[-73.92235935190193,40.83626316974551],[-73.92233026408319,40.83661174059548],[-73.92224417426176,40.83784956494393],[-73.92211018216734,40.83817305725054],[-73.92153408292582,40.839061516599905],[-73.92131476651336,40.83981310050228],[-73.92149911738446,40.840347254463005],[-73.92243564736093,40.84181724086912],[-73.9228187432955,40.84275115602772],[-73.92286081489083,40.84364000750003],[-73.92272699268904,40.84422795789612],[-73.92285833383762,40.84426606329549]]]},"properties":{"nta":"BX0402","name":"Highbridge","boro":"Bronx","households":12162,"owner_hh":638,"renter_hh":11524,"turnover_all":16.2,"turnover_own":9.2,"turnover_rent":16.5,"churn_annual":9.3,"owner_share":5.2,"moe_all":3.9,"moe_own":16,"moe_rent":4,"moe_churn":9.9}},
{"type":"Feature","geometry":{"type":"Polygon","coordinates":[[[-73.90483494066312,40.84475261849982],[-73.90664871747121,40.84487758669126],[-73.91085064275423,40.84508769975922],[-73.91324575391694,40.84514211348755],[-73.91418502222626,40.84513494698841],[-73.91479910955546,40.84512012789707],[-73.9168430944266,40.84507077877203],[-73.91839212286546,40.84500461829179],[-73.9194087229277,40.8449422662373],[-73.92047180724603,40.844886333000275],[-73.92243398487184,40.84475431259137],[-73.92265185267908,40.84474515981747],[-73.92272699268904,40.84422795789612],[-73.92286081489083,40.84364000750003],[-73.9228187432955,40.84275115602772],[-73.92243564736093,40.84181724086912],[-73.92149911738446,40.840347254463005],[-73.92131476651336,40.83981310050228],[-73.92153408292582,40.839061516599905],[-73.9221101821674,40.83817305725054],[-73.92224417426182,40.8378495649439],[-73.92233026408329,40.83661174059544],[-73.92235935190189,40.83626316974547],[-73.92236181780963,40.836233562560054],[-73.92237223037701,40.83610874281372],[-73.92188289384404,40.83642570219847],[-73.92071597977099,40.83719846443931],[-73.92036502955963,40.83742570651733],[-73.92001799342114,40.83765612916761],[-73.92047981018476,40.83713953648362],[-73.91841189041679,40.83643922001939],[-73.91647433338245,40.83577903089612],[-73.91587067444023,40.83639359424264],[-73.91567702269099,40.83631852222505],[-73.91379351915607,40.8356003098084],[-73.9103429237901,40.8344304306994],[-73.9093729880731,40.83413887358629],[-73.9086913114116,40.83393834677405],[-73.90740200442593,40.83623228341801],[-73.90597940375552,40.83850519580221],[-73.90538357941077,40.83976898447428],[-73.90570581045682,40.83972280069595],[-73.9058067172713,40.83950414408234],[-73.90680572324389,40.83825733188889],[-73.90813663725456,40.837149937868396],[-73.90916255795499,40.836964597025414],[-73.90963448943478,40.837125318782576],[-73.90932083470922,40.83732713441331],[-73.90910092087442,40.83773351666882],[-73.90891035670765,40.838376481287],[-73.90889265104313,40.839167217947356],[-73.90898550897168,40.83969092823294],[-73.90962455423002,40.842109625513494],[-73.90953427964574,40.84306281697772],[-73.9086249457097,40.84301716498451],[-73.90865715672258,40.842719370807764],[-73.90596061757195,40.84262870462196],[-73.90514893908845,40.84254719624052],[-73.90501514891653,40.8424046989893],[-73.90483494066312,40.84475261849982]]]},"properties":{"nta":"BX0403","name":"Mount Eden-Claremont (West)","boro":"Bronx","households":17422,"owner_hh":741,"renter_hh":16681,"turnover_all":16.8,"turnover_own":8,"turnover_rent":17.2,"churn_annual":6.6,"owner_share":4.3,"moe_all":3,"moe_own":12.8,"moe_rent":3,"moe_churn":8.4}},
{"type":"Feature","geometry":{"type":"Polygon","coordinates":[[[-73.90526389150375,40.85804717834908],[-73.90486847127254,40.85869322470828],[-73.9067973487594,40.85937358893091],[-73.90725786122077,40.85935343791952],[-73.90777484202549,40.8596095201241],[-73.9096674776471,40.85748494865283],[-73.90987022070667,40.85766971421896],[-73.9102081800614,40.85828878887033],[-73.91088488310591,40.85877618293621],[-73.91328436985144,40.85961860183284],[-73.91542544527437,40.85872864146644],[-73.91508181719456,40.85919179894057],[-73.91615941504116,40.858784566887344],[-73.916931545491,40.85748922945009],[-73.91720801051001,40.85683830041612],[-73.91718821027804,40.855918821827935],[-73.91745233991233,40.856293587777536],[-73.91741842481278,40.85686292620954],[-73.91890655265328,40.857265418574194],[-73.91902368970769,40.857396538412814],[-73.91956620812296,40.85684018368743],[-73.92151543705522,40.85451006389157],[-73.92256178946477,40.853188912030106],[-73.92394789368974,40.85122178578851],[-73.92384778879637,40.851182608715725],[-73.92465379864088,40.8497850440154],[-73.92603310083858,40.84807241529829],[-73.92630425797887,40.84787010144077],[-73.9266268735192,40.847392686499944],[-73.92683023128548,40.84728976018816],[-73.92693545888284,40.84692414475689],[-73.92767073280382,40.846033482483975],[-73.92786869722522,40.845597721702255],[-73.92804748335654,40.845464595954304],[-73.92674595257346,40.84512315747485],[-73.92592858553057,40.84494895754151],[-73.92474577627499,40.844804427500634],[-73.9239258793672,40.84478678133464],[-73.92330183742038,40.84439230955646],[-73.92285833383762,40.84426606329549],[-73.92265185267904,40.84474515981751],[-73.92243398487184,40.84475431259137],[-73.92047180724603,40.844886333000275],[-73.9194087229277,40.8449422662373],[-73.91839212286546,40.84500461829179],[-73.9168430944266,40.84507077877203],[-73.91479910955546,40.84512012789707],[-73.91418502222615,40.845134946988445],[-73.9131507466537,40.846577004663004],[-73.91305693017475,40.846708838575104],[-73.91069463578026,40.85001909904252],[-73.90921545544833,40.85180094556896],[-73.90733289656033,40.85381641506681],[-73.90522169895988,40.856203595304336],[-73.90508613922405,40.85641083070436],[-73.90468371278561,40.85706030172391],[-73.90565953360878,40.85739873466268],[-73.90526389150375,40.85804717834908]]]},"properties":{"nta":"BX0501","name":"University Heights (South)-Morris Heights","boro":"Bronx","households":19333,"owner_hh":1355,"renter_hh":17978,"turnover_all":14.6,"turnover_own":4.1,"turnover_rent":15.4,"churn_annual":6.1,"owner_share":7,"moe_all":2.9,"moe_own":7.5,"moe_rent":3,"moe_churn":8}},
{"type":"Feature","geometry":{"type":"Polygon","coordinates":[[[-73.89644052433917,40.85490775915461],[-73.89709926706911,40.855172291947014],[-73.89831118538353,40.85406115105083],[-73.89863543655886,40.853906975435514],[-73.89816577388366,40.85514637639213],[-73.90077922681346,40.856047109728614],[-73.90185995986776,40.85458615026468],[-73.90396404557903,40.854960102190105],[-73.90557007241134,40.85578732339887],[-73.90733289656043,40.85381641506678],[-73.90921545544833,40.85180094556896],[-73.91069463578026,40.85001909904252],[-73.91305693017475,40.846708838575104],[-73.9131507466537,40.846577004663004],[-73.91418502222626,40.84513494698841],[-73.91324575391694,40.84514211348755],[-73.91085064275423,40.84508769975922],[-73.90664871747121,40.84487758669126],[-73.90483494066312,40.84475261849982],[-73.90483249948313,40.84484207145842],[-73.9013172979867,40.844473941534865],[-73.89967055987927,40.847438024023624],[-73.8956088319166,40.85457037059923],[-73.89644052433917,40.85490775915461]]]},"properties":{"nta":"BX0502","name":"Mount Hope","boro":"Bronx","households":17264,"owner_hh":565,"renter_hh":16699,"turnover_all":17,"turnover_own":0,"turnover_rent":17.6,"churn_annual":7.8,"owner_share":3.3,"moe_all":3.4,"moe_own":12.8,"moe_rent":3.5,"moe_churn":7.8}},
{"type":"Feature","geometry":{"type":"Polygon","coordinates":[[[-73.89177188666727,40.861871717251596],[-73.89285169022902,40.86183219349472],[-73.89482463188222,40.862065074749275],[-73.89693899596872,40.86244292975043],[-73.89798099215484,40.8624025403712],[-73.8994367077421,40.86211691206513],[-73.9010796688533,40.862756383422],[-73.9016278502147,40.86205443508222],[-73.90211720284236,40.86132694852573],[-73.90254479260203,40.86057825533532],[-73.90351390497871,40.86091751065298],[-73.90486847127264,40.85869322470828],[-73.90526389150375,40.85804717834908],[-73.90565953360884,40.857398734662645],[-73.90468371278571,40.85706030172391],[-73.905086139224,40.85641083070436],[-73.9052216989598,40.85620359530429],[-73.90557007241134,40.85578732339887],[-73.90396404557903,40.854960102190105],[-73.90185995986776,40.85458615026468],[-73.90077922681346,40.856047109728614],[-73.89816577388366,40.85514637639213],[-73.89863543655886,40.853906975435514],[-73.89831118538353,40.85406115105083],[-73.89709926706911,40.855172291947014],[-73.89644052433917,40.85490775915461],[-73.89394892946706,40.85877969702648],[-73.89321520691615,40.85987420615524],[-73.8913802322572,40.86170058876435],[-73.89177188666727,40.861871717251596]]]},"properties":{"nta":"BX0503","name":"Fordham Heights","boro":"Bronx","households":10692,"owner_hh":184,"renter_hh":10508,"turnover_all":14.3,"turnover_own":35.3,"turnover_rent":14,"churn_annual":8,"owner_share":1.7,"moe_all":3.5,"moe_own":35.4,"moe_rent":3.5,"moe_churn":10.6}},
{"type":"Feature","geometry":{"type":"Polygon","coordinates":[[[-73.87283453773911,40.839754863891976],[-73.87359713479324,40.83979855643703],[-73.87223024525443,40.841643170680946],[-73.87153346022234,40.84251428217169],[-73.87099518067323,40.843111392043916],[-73.86889258623121,40.84440965879694],[-73.86804200325662,40.84481383930633],[-73.86863721590373,40.845309843266215],[-73.86874186495903,40.84560972858108],[-73.86866197338044,40.84626032418628],[-73.86892652627044,40.84688174060916],[-73.8683546583043,40.84708023338578],[-73.86785992927581,40.84886493189031],[-73.8683738886543,40.84896959824568],[-73.86920944569769,40.84923837337521],[-73.86952362885509,40.84868697758724],[-73.86956258947998,40.84801871390805],[-73.86889243274508,40.84811232262847],[-73.86942321371609,40.84751234518302],[-73.86987431101255,40.846617458088176],[-73.87034601231153,40.84652221564201],[-73.87053966302501,40.84625757462035],[-73.87098734532486,40.845940896527416],[-73.87109671546175,40.84550518013836],[-73.87110286954754,40.84492003035621],[-73.8712930898555,40.84464882289721],[-73.8717026080779,40.84459136836734],[-73.87190373653614,40.844426375164524],[-73.8720849169751,40.843731163612425],[-73.87311149505652,40.84325065171364],[-73.87401468985382,40.842537677818164],[-73.87459175304606,40.84152064753811],[-73.87679871993105,40.842299787946274],[-73.87817546826224,40.84261769654637],[-73.87733907150002,40.84399175505718],[-73.87919408766858,40.84532173439915],[-73.88284445508452,40.847817227456275],[-73.88311982437547,40.84822109237876],[-73.88340402608273,40.84737105971845],[-73.8837897945651,40.84678214810478],[-73.88468394459193,40.84575030670335],[-73.88488036428885,40.84550385623817],[-73.8852028620828,40.84498274060421],[-73.8861843201219,40.84010504497275],[-73.884648980423,40.839174633102914],[-73.88418143086983,40.839335307143855],[-73.88356469728534,40.838986365810555],[-73.8834675968393,40.839056795313354],[-73.8827100472669,40.83862612271144],[-73.88285365009212,40.83849533597433],[-73.88246404708562,40.83824724140481],[-73.88213872983219,40.83782854284617],[-73.88200844634898,40.83744382272155],[-73.88213822983263,40.836775006122735],[-73.88205494976867,40.836144796304964],[-73.882226986618,40.83545245760783],[-73.88005188415067,40.83470205920019],[-73.87925239343423,40.83442478999393],[-73.87838370273337,40.835259032168835],[-73.87783333945768,40.83565261552538],[-73.8767332333955,40.83620561805411],[-73.87392818006091,40.83599031261785],[-73.87370324713895,40.83681745923742],[-73.87322928228721,40.83815590298728],[-73.87283453773911,40.839754863891976]]]},"properties":{"nta":"BX0601","name":"West Farms","boro":"Bronx","households":7156,"owner_hh":358,"renter_hh":6798,"turnover_all":20.1,"turnover_own":0,"turnover_rent":21.1,"churn_annual":6.7,"owner_share":5,"moe_all":4.7,"moe_own":13.4,"moe_rent":4.9,"moe_churn":12.2}},
{"type":"Feature","geometry":{"type":"Polygon","coordinates":[[[-73.88311982437547,40.84822109237876],[-73.88322877579367,40.84834587833688],[-73.88735661937177,40.850873897617575],[-73.8882397396384,40.851035366912924],[-73.8889525624989,40.85144078077252],[-73.88997028334323,40.852103229953144],[-73.88990142128273,40.85266345902264],[-73.88963328236044,40.85317381893969],[-73.88960977945496,40.85362188105023],[-73.89038953921249,40.854689058587084],[-73.89216687314898,40.85276946289262],[-73.89420545309554,40.853854930046374],[-73.89400033417488,40.854251934500546],[-73.89534405647633,40.85469655008911],[-73.8956088319166,40.85457037059923],[-73.89967055987927,40.847438024023624],[-73.9013172979867,40.844473941534865],[-73.89479021957922,40.84372032197091],[-73.89537836114475,40.842938779458706],[-73.8894172471471,40.839422733881484],[-73.88869040742647,40.83915802646732],[-73.88813752093051,40.83986200305439],[-73.88659802256774,40.8392790507779],[-73.8861843201219,40.84010504497275],[-73.8852028620828,40.84498274060421],[-73.88488036428885,40.84550385623817],[-73.88468394459193,40.84575030670335],[-73.8837897945651,40.84678214810478],[-73.88340402608273,40.84737105971845],[-73.88311982437547,40.84822109237876]]]},"properties":{"nta":"BX0602","name":"Tremont","boro":"Bronx","households":12135,"owner_hh":843,"renter_hh":11292,"turnover_all":18.5,"turnover_own":9.5,"turnover_rent":19.1,"churn_annual":9.4,"owner_share":6.9,"moe_all":3.3,"moe_own":11.7,"moe_rent":3.4,"moe_churn":9}},
{"type":"Feature","geometry":{"type":"Polygon","coordinates":[[[-73.88309382372141,40.86660218502387],[-73.88362518063289,40.867257588509084],[-73.88683316977249,40.8653899938601],[-73.88812278687759,40.86425457107954],[-73.88889565944024,40.86475415323609],[-73.89016163568581,40.86347636282298],[-73.89065392871258,40.862954834024215],[-73.89177188666727,40.861871717251596],[-73.8913802322572,40.86170058876435],[-73.89321520691615,40.85987420615524],[-73.89394892946706,40.85877969702648],[-73.89644052433917,40.85490775915461],[-73.8956088319166,40.85457037059923],[-73.89534405647633,40.85469655008911],[-73.89400033417488,40.854251934500546],[-73.89420545309554,40.853854930046374],[-73.89216687314898,40.85276946289262],[-73.89038953921249,40.854689058587084],[-73.88960977945496,40.85362188105023],[-73.88963328236044,40.85317381893969],[-73.88990142128273,40.85266345902264],[-73.88997028334323,40.852103229953144],[-73.8889525624989,40.85144078077252],[-73.8882397396384,40.851035366912924],[-73.88735661937177,40.850873897617575],[-73.88322877579367,40.84834587833688],[-73.88311982437547,40.84822109237876],[-73.88073042731561,40.85667660541284],[-73.8809829365343,40.85788399279269],[-73.88100678893053,40.858268023159084],[-73.88060896789034,40.86035709360914],[-73.88059006152008,40.86087844940333],[-73.88095114640504,40.86133891834067],[-73.88193118721914,40.862094321292],[-73.88200794072172,40.86204685336177],[-73.88379371014452,40.86417157223372],[-73.88397514964349,40.864683998617615],[-73.88384464308814,40.86519681331944],[-73.88344168282597,40.86561633219454],[-73.88267624666986,40.866089142150656],[-73.88309382372141,40.86660218502387]]]},"properties":{"nta":"BX0603","name":"Belmont","boro":"Bronx","households":12802,"owner_hh":276,"renter_hh":12526,"turnover_all":17.9,"turnover_own":12,"turnover_rent":18.1,"churn_annual":10.4,"owner_share":2.2,"moe_all":3.9,"moe_own":24.5,"moe_rent":3.9,"moe_churn":9.7}},
{"type":"Feature","geometry":{"type":"Polygon","coordinates":[[[-73.90614668858372,40.87326020472856],[-73.90746489661895,40.87354735423551],[-73.90774270696284,40.87284595211106],[-73.90846367780055,40.87262079220625],[-73.90872046303105,40.87222866558879],[-73.9089323517538,40.87215734797027],[-73.90864943111376,40.871385783802936],[-73.90893714841624,40.871019840308314],[-73.90927464019198,40.869554132382625],[-73.90949664312318,40.86883115664054],[-73.91035861617472,40.86669786023421],[-73.91091292411953,40.865937946490355],[-73.91267633954186,40.86402111160211],[-73.91227278976977,40.86363214899687],[-73.91276271995396,40.86302917466031],[-73.91341462193655,40.86336749370088],[-73.91462116288959,40.86209669073443],[-73.91472330855282,40.861853182389304],[-73.91576213144742,40.86064463729262],[-73.9158052800855,40.86046973585627],[-73.9172066464705,40.858928922734734],[-73.91776041251106,40.85870809795846],[-73.91902368970769,40.857396538412814],[-73.91890655265338,40.85726541857416],[-73.91741842481274,40.85686292620954],[-73.91745233991233,40.856293587777536],[-73.91718821027804,40.85591882182789],[-73.91720801051007,40.85683830041612],[-73.916931545491,40.85748922945009],[-73.91615941504122,40.85878456688731],[-73.91508181719468,40.859191798940536],[-73.91542544527444,40.85872864146644],[-73.91328436985144,40.85961860183284],[-73.91088488310585,40.85877618293621],[-73.9102081800615,40.8582887888703],[-73.90987022070676,40.85766971421892],[-73.9096674776472,40.85748494865283],[-73.90777484202555,40.8596095201241],[-73.90725786122088,40.85935343791949],[-73.90679734875951,40.85937358893091],[-73.90486847127264,40.85869322470828],[-73.90351390497871,40.86091751065298],[-73.90254479260203,40.86057825533532],[-73.90211720284236,40.86132694852573],[-73.9016278502147,40.86205443508222],[-73.9010796688533,40.862756383422],[-73.8994367077421,40.86211691206513],[-73.89798099215484,40.8624025403712],[-73.89693899596872,40.86244292975043],[-73.89482463188222,40.862065074749275],[-73.89285169022902,40.86183219349472],[-73.89177188666727,40.861871717251596],[-73.89065392871258,40.862954834024215],[-73.89016163568581,40.86347636282298],[-73.89131225725238,40.864132235642906],[-73.89276014210863,40.86502086047749],[-73.8934663803443,40.86538240472803],[-73.8937159844328,40.865293098999736],[-73.89386222548046,40.86575366283763],[-73.89412284957133,40.86594000603248],[-73.8963131566992,40.86703857544419],[-73.8974032314425,40.86747418970997],[-73.89656060531188,40.86856520058654],[-73.89891854209993,40.86965857448607],[-73.89933851106186,40.86922802810437],[-73.89965220207839,40.868554579283725],[-73.89942436099136,40.8678808377156],[-73.90128903248198,40.86833667997812],[-73.90235804780234,40.86869612095305],[-73.90318667333348,40.86914899199276],[-73.90374975805692,40.86959562713954],[-73.90442003077385,40.8703612760002],[-73.90448860401436,40.8705785485471],[-73.90443428644025,40.872245309282214],[-73.90467728208338,40.87261987949854],[-73.90571425230091,40.87313832210087],[-73.90614668858372,40.87326020472856]]]},"properties":{"nta":"BX0701","name":"University Heights (North)-Fordham","boro":"Bronx","households":16160,"owner_hh":1345,"renter_hh":14815,"turnover_all":14.4,"turnover_own":5.4,"turnover_rent":15.2,"churn_annual":6.9,"owner_share":8.3,"moe_all":2.7,"moe_own":6.2,"moe_rent":2.9,"moe_churn":8.2}},
{"type":"Feature","geometry":{"type":"Polygon","coordinates":[[[-73.8871285059633,40.88281542504534],[-73.88796950580894,40.88289675277772],[-73.88859661840543,40.882768337399426],[-73.89163185816034,40.882339110847326],[-73.89221789661273,40.88245149686735],[-73.89274736273123,40.88270232128233],[-73.89315253168046,40.882725456249396],[-73.89381433184246,40.882955747963145],[-73.89433200202281,40.883008532996946],[-73.89552941790907,40.882456156416055],[-73.89637632140169,40.88182132859696],[-73.89657174159646,40.88124926287361],[-73.89668962832503,40.8801559071228],[-73.89702623964925,40.879521274081114],[-73.8973347814769,40.87912726958142],[-73.89826917611045,40.878282499703104],[-73.89904942706983,40.87710717913037],[-73.89981108884004,40.87639882558343],[-73.90010477782569,40.87571474527229],[-73.9003281951618,40.875371231431636],[-73.90043257838994,40.87498508330718],[-73.90030029644275,40.874475086267545],[-73.89985944720226,40.87419866898581],[-73.89900422030074,40.87411261151177],[-73.89873474504451,40.87400605464475],[-73.89837163002062,40.87366103640419],[-73.89792833226787,40.87254046444274],[-73.89779625018443,40.87166870259085],[-73.89778962182203,40.87085664339794],[-73.89891854209993,40.86965857448607],[-73.89656060531188,40.86856520058654],[-73.8974032314425,40.86747418970997],[-73.8963131566992,40.86703857544419],[-73.89412284957133,40.86594000603248],[-73.89386222548046,40.86575366283763],[-73.8937159844328,40.865293098999736],[-73.8934663803443,40.86538240472803],[-73.89276014210863,40.86502086047749],[-73.89131225725238,40.864132235642906],[-73.89016163568581,40.86347636282298],[-73.88889565944024,40.86475415323609],[-73.88812278687759,40.86425457107954],[-73.88683316977249,40.8653899938601],[-73.88362518063289,40.867257588509084],[-73.88146889596376,40.868573646262234],[-73.88255385487574,40.8724571169458],[-73.88319048023186,40.87339327990621],[-73.88340035198799,40.873946627267735],[-73.88345044086357,40.87479483408596],[-73.88345586319285,40.87605625653156],[-73.88383859507692,40.8767979500819],[-73.88505419358935,40.878892876044844],[-73.88527683053233,40.87921766898976],[-73.88567517959456,40.878872510807994],[-73.88595071664201,40.880507412132715],[-73.88706962629267,40.882476896064816],[-73.8871285059633,40.88281542504534]]]},"properties":{"nta":"BX0702","name":"Bedford Park","boro":"Bronx","households":20487,"owner_hh":1715,"renter_hh":18772,"turnover_all":19.2,"turnover_own":11.6,"turnover_rent":19.9,"churn_annual":5.9,"owner_share":8.4,"moe_all":2.6,"moe_own":7.3,"moe_rent":2.8,"moe_churn":7.9}},
{"type":"Feature","geometry":{"type":"Polygon","coordinates":[[[-73.87083567707624,40.880454115283015],[-73.87187100605315,40.8803281209271],[-73.87191661735852,40.880238178685566],[-73.87494589600867,40.87994766996391],[-73.87479240577275,40.88007512955896],[-73.87470255490281,40.88155382355611],[-73.87812575139316,40.88215368597884],[-73.8777281766139,40.883454195754766],[-73.87760676546058,40.88452304479258],[-73.87783125837879,40.88677276068347],[-73.8781494450198,40.886873807866124],[-73.8799579868656,40.88439062896559],[-73.88124422386927,40.88270963367426],[-73.88208623608145,40.883132222413266],[-73.88274833294535,40.88339738747129],[-73.88350810391303,40.883183148094425],[-73.88421671357348,40.88319766582363],[-73.88662412884958,40.8842673037111],[-73.8870514253612,40.88434957584615],[-73.8871285059633,40.88281542504534],[-73.88706962629267,40.882476896064816],[-73.88595071664201,40.880507412132715],[-73.88567517959456,40.878872510807994],[-73.88527683053233,40.87921766898976],[-73.88505419358935,40.878892876044844],[-73.88383859507692,40.8767979500819],[-73.88345586319285,40.87605625653156],[-73.88345044086357,40.87479483408596],[-73.88340035198799,40.873946627267735],[-73.88319048023186,40.87339327990621],[-73.88255385487574,40.8724571169458],[-73.88146889596376,40.868573646262234],[-73.88362518063289,40.867257588509084],[-73.88309382372141,40.86660218502387],[-73.88133855376601,40.867590088760764],[-73.8777275293014,40.869555338658856],[-73.87694351958748,40.86995468224167],[-73.87619257483897,40.870476957203095],[-73.87518850030095,40.871575757313394],[-73.87255250745748,40.87517518382696],[-73.87160718562494,40.87692157317876],[-73.87094414681728,40.87850969608353],[-73.87015318464638,40.880350828061786],[-73.87083567707624,40.880454115283015]]]},"properties":{"nta":"BX0703","name":"Norwood","boro":"Bronx","households":15109,"owner_hh":860,"renter_hh":14249,"turnover_all":22.1,"turnover_own":7.9,"turnover_rent":23,"churn_annual":7.3,"owner_share":5.7,"moe_all":3.5,"moe_own":8.8,"moe_rent":3.6,"moe_churn":8}},
{"type":"Feature","geometry":{"type":"Polygon","coordinates":[[[-73.8870514253612,40.88434957584615],[-73.88758612454241,40.884255620164225],[-73.89288644520438,40.88526430680886],[-73.8929164354628,40.885311434595536],[-73.89453431254789,40.885594064375994],[-73.89508270505122,40.8856415115034],[-73.8966824301458,40.88596459085393],[-73.89782212315404,40.88507677041931],[-73.898404030632,40.884576154402254],[-73.89860056351952,40.88440476607341],[-73.90155658681017,40.88098194458349],[-73.9033943966936,40.878994195373615],[-73.90376570190163,40.878528638055556],[-73.90452794019112,40.877064178108505],[-73.90470764682284,40.876562484275404],[-73.90556295548205,40.874638190788296],[-73.90555230617852,40.87443631524167],[-73.90599269660864,40.87356307661693],[-73.90614668858372,40.87326020472856],[-73.90571425230091,40.87313832210087],[-73.90467728208338,40.87261987949854],[-73.90443428644025,40.872245309282214],[-73.90448860401436,40.8705785485471],[-73.90442003077385,40.8703612760002],[-73.90374975805692,40.86959562713954],[-73.90318667333348,40.86914899199276],[-73.90235804780234,40.86869612095305],[-73.90128903248198,40.86833667997812],[-73.89942436099136,40.8678808377156],[-73.89965220207839,40.868554579283725],[-73.89933851106186,40.86922802810437],[-73.89891854209993,40.86965857448607],[-73.89778962182203,40.87085664339794],[-73.89779625018443,40.87166870259085],[-73.89792833226787,40.87254046444274],[-73.89837163002062,40.87366103640419],[-73.89873474504451,40.87400605464475],[-73.89900422030074,40.87411261151177],[-73.89985944720226,40.87419866898581],[-73.90030029644275,40.874475086267545],[-73.90043257838994,40.87498508330718],[-73.9003281951618,40.875371231431636],[-73.90010477782569,40.87571474527229],[-73.89981108884004,40.87639882558343],[-73.89904942706983,40.87710717913037],[-73.89826917611045,40.878282499703104],[-73.8973347814769,40.87912726958142],[-73.89702623964925,40.879521274081114],[-73.89668962832503,40.8801559071228],[-73.89657174159646,40.88124926287361],[-73.89637632140169,40.88182132859696],[-73.89552941790907,40.882456156416055],[-73.89433200202281,40.883008532996946],[-73.89381433184246,40.882955747963145],[-73.89315253168046,40.882725456249396],[-73.89274736273123,40.88270232128233],[-73.89221789661273,40.88245149686735],[-73.89163185816034,40.882339110847326],[-73.88859661840543,40.882768337399426],[-73.88796950580894,40.88289675277772],[-73.8871285059633,40.88281542504534],[-73.8870514253612,40.88434957584615]]]},"properties":{"nta":"BX0801","name":"Kingsbridge Heights-Van Cortlandt Village","boro":"Bronx","households":13295,"owner_hh":2272,"renter_hh":11023,"turnover_all":17.7,"turnover_own":14.7,"turnover_rent":18.3,"churn_annual":5.9,"owner_share":17.1,"moe_all":3.5,"moe_own":5.9,"moe_rent":4,"moe_churn":9.7}},
{"type":"Feature","geometry":{"type":"Polygon","coordinates":[[[-73.898404030632,40.884576154402254],[-73.89782212315397,40.88507677041931],[-73.89668243014576,40.88596459085393],[-73.89990425479826,40.886559723755184],[-73.89846224408326,40.88947669243995],[-73.89791462599935,40.89054669300346],[-73.89845129533157,40.89070896614849],[-73.89853911837258,40.89038907404253],[-73.89964636503927,40.889797190782765],[-73.90069963500319,40.888988221006834],[-73.90099368200327,40.888896815903365],[-73.90195148553498,40.88915319454817],[-73.90256626315707,40.88909525819244],[-73.90285948929848,40.88916474400481],[-73.9031806410677,40.88847059537619],[-73.90381882530346,40.887479009649184],[-73.90413642296213,40.88708070903117],[-73.90588823277787,40.88558752542492],[-73.90607414825278,40.885632904917344],[-73.90646694223067,40.88512832806044],[-73.90693111108237,40.884749462507884],[-73.90758532732627,40.88438930151335],[-73.90795430819526,40.883330142180796],[-73.90851119709039,40.88266507503793],[-73.90938805801248,40.88145400429778],[-73.91037457703298,40.88066290731243],[-73.9105257598396,40.88047786940489],[-73.91033976224087,40.88005239800708],[-73.90967868322763,40.87951458833859],[-73.91033193478138,40.879038047306764],[-73.91148913102154,40.879018858809026],[-73.91205829963945,40.878119320550915],[-73.91484624090106,40.87666671077878],[-73.915785155056,40.87571694573411],[-73.91294371643909,40.87484933603092],[-73.91167146102214,40.87448786205574],[-73.91080913136288,40.87408502278137],[-73.91035513943523,40.87377785581142],[-73.9096000662193,40.87308761849069],[-73.9089323517537,40.87215734797027],[-73.90872046303092,40.87222866558879],[-73.90846367780055,40.87262079220629],[-73.90774270696268,40.87284595211106],[-73.90746489661895,40.87354735423551],[-73.90614668858372,40.8732602047286],[-73.90599269660864,40.87356307661693],[-73.90555230617841,40.87443631524167],[-73.90556295548195,40.874638190788296],[-73.90470764682284,40.876562484275404],[-73.90452794019112,40.877064178108505],[-73.90376570190159,40.8785286380556],[-73.9033943966935,40.87899419537367],[-73.90155658681007,40.880981944583525],[-73.89860056351952,40.88440476607341],[-73.898404030632,40.884576154402254]]]},"properties":{"nta":"BX0802","name":"Kingsbridge-Marble Hill","boro":"Bronx","households":9303,"owner_hh":1693,"renter_hh":7610,"turnover_all":15.6,"turnover_own":11.9,"turnover_rent":16.4,"churn_annual":11.4,"owner_share":18.2,"moe_all":3.1,"moe_own":4.9,"moe_rent":3.5,"moe_churn":11.8}},
{"type":"Feature","geometry":{"type":"Polygon","coordinates":[[[-73.89791462599935,40.89054669300346],[-73.89738702694115,40.89163596643028],[-73.89728112366102,40.89171068468434],[-73.89675789986525,40.892645444241225],[-73.89643170628695,40.89365528042881],[-73.8967074693478,40.89580502991594],[-73.89709148926173,40.89859331837172],[-73.89715717099095,40.899371827346904],[-73.89707329120387,40.90008389133693],[-73.89687844435785,40.90104058080481],[-73.89635785905134,40.90320013225347],[-73.89654653137876,40.90750665554589],[-73.89663333796986,40.91141737534843],[-73.89725326354962,40.91165551993882],[-73.89810489622417,40.91179060051241],[-73.90060385992209,40.91260726640142],[-73.90245663938697,40.91295893342558],[-73.90851154885108,40.91500226402552],[-73.91011276558851,40.91539873414421],[-73.91033256782728,40.91553277650231],[-73.91071204477043,40.91465916116145],[-73.91110790470486,40.914364578139455],[-73.91165472402199,40.913417851896895],[-73.91143213027841,40.91282382621984],[-73.91227584011655,40.90926351655564],[-73.91264932172878,40.90807081195554],[-73.91311761662175,40.907818758249014],[-73.91286857876598,40.907535475893596],[-73.91388553998648,40.90495776548818],[-73.91418543529805,40.90414039147146],[-73.9145903924332,40.904119002196545],[-73.91501449586045,40.90308129910659],[-73.91543172958416,40.90181268368851],[-73.91518455871676,40.90158428286234],[-73.91667343212868,40.89752705211404],[-73.91694161078398,40.896644551702586],[-73.9176348820742,40.89494190585492],[-73.91789963124585,40.89466901003957],[-73.91781783723799,40.89441642556764],[-73.91800263585222,40.894008616348465],[-73.91888014391608,40.89160572195304],[-73.92058641877335,40.88718267761488],[-73.92182955043396,40.884511600836994],[-73.92380525605554,40.88032490113368],[-73.92490327384792,40.878888367852795],[-73.92453549352331,40.87905106935442],[-73.92330375307765,40.878907722740706],[-73.92279794384856,40.878932092237484],[-73.92248829893055,40.87870664546101],[-73.92206723585673,40.878572414802704],[-73.92025638832581,40.87695199027634],[-73.92015400693715,40.87672386629328],[-73.91978381166518,40.876421437110835],[-73.91908326224589,40.876064881825535],[-73.91775669329705,40.875663627860405],[-73.91726028337288,40.87580900358077],[-73.915785155056,40.87571694573411],[-73.91484624090106,40.87666671077878],[-73.91205829963945,40.878119320550915],[-73.91148913102154,40.879018858809026],[-73.91033193478138,40.879038047306764],[-73.90967868322763,40.87951458833859],[-73.91033976224087,40.88005239800708],[-73.9105257598396,40.88047786940489],[-73.91037457703298,40.88066290731243],[-73.90938805801248,40.88145400429778],[-73.90851119709039,40.88266507503793],[-73.90795430819526,40.883330142180796],[-73.90758532732627,40.88438930151335],[-73.90693111108237,40.884749462507884],[-73.90646694223067,40.88512832806044],[-73.90607414825278,40.885632904917344],[-73.90588823277787,40.88558752542492],[-73.90413642296213,40.88708070903117],[-73.90381882530346,40.887479009649184],[-73.9031806410677,40.88847059537619],[-73.90285948929848,40.88916474400481],[-73.90256626315707,40.88909525819244],[-73.90195148553498,40.88915319454817],[-73.90099368200327,40.888896815903365],[-73.90069963500319,40.888988221006834],[-73.89964636503927,40.889797190782765],[-73.89853911837258,40.89038907404253],[-73.89845129533157,40.89070896614849],[-73.89791462599935,40.89054669300346]]]},"properties":{"nta":"BX0803","name":"Riverdale-Spuyten Duyvil","boro":"Bronx","households":20096,"owner_hh":12261,"renter_hh":7835,"turnover_all":17.8,"turnover_own":14.7,"turnover_rent":22.6,"churn_annual":10.3,"owner_share":61,"moe_all":2.3,"moe_own":2.5,"moe_rent":4.2,"moe_churn":5.8}},
{"type":"Feature","geometry":{"type":"Polygon","coordinates":[[[-73.86272273332911,40.83292068300317],[-73.86295952000422,40.83442032289563],[-73.86393748015207,40.840044565901785],[-73.8644801165161,40.841087797386244],[-73.86546450036447,40.840856891963064],[-73.86782258049,40.84016649901553],[-73.86920766815935,40.839600047213814],[-73.87027638565249,40.839621478807594],[-73.87283453773911,40.839754863891976],[-73.87322928228721,40.83815590298728],[-73.87370324713895,40.83681745923742],[-73.87392818006091,40.83599031261785],[-73.8767332333955,40.83620561805411],[-73.87783333945768,40.83565261552538],[-73.87838370273337,40.835259032168835],[-73.87925239343423,40.83442478999393],[-73.88005188415067,40.83470205920019],[-73.88251202661506,40.831552261126234],[-73.88390094722517,40.82980281690994],[-73.88357411706623,40.8294786466039],[-73.88352018669733,40.829260182491396],[-73.88378414046353,40.82827429246168],[-73.88438705287568,40.82681728353236],[-73.88461335944156,40.825276503821655],[-73.88464450546032,40.823814274202775],[-73.88438503951731,40.82295136949705],[-73.88378786038184,40.82193341427315],[-73.88244779486648,40.81926832301358],[-73.88098029527114,40.81823562312675],[-73.87981464231414,40.819162449262805],[-73.87557940972223,40.819707708186485],[-73.8724683409405,40.8201500915302],[-73.87342238870835,40.82407345466832],[-73.87356808464364,40.82441984696754],[-73.87145992743001,40.82472020883828],[-73.86787899082651,40.82517772068535],[-73.86490949473063,40.825595955234895],[-73.86216687426914,40.825965164235626],[-73.85970333247572,40.82627734853495],[-73.86067324050327,40.82841898633674],[-73.86264225614394,40.82817014526387],[-73.86366561191583,40.83269532457095],[-73.86272273332911,40.83292068300317]]]},"properties":{"nta":"BX0901","name":"Soundview-Bruckner-Bronx River","boro":"Bronx","households":24895,"owner_hh":3385,"renter_hh":21510,"turnover_all":17.2,"turnover_own":10.5,"turnover_rent":18.2,"churn_annual":7.1,"owner_share":13.6,"moe_all":2.2,"moe_own":4.5,"moe_rent":2.4,"moe_churn":6.2}},
{"type":"Feature","geometry":{"type":"Polygon","coordinates":[[[-73.87145992743001,40.82472020883828],[-73.87099944143142,40.822771758559355],[-73.87100161173653,40.8225628454913],[-73.87000559868959,40.81823994375823],[-73.8695448022987,40.81609475381415],[-73.86890864849238,40.815116617187044],[-73.86818218377903,40.81480771851262],[-73.86657742101656,40.814373434763866],[-73.86521735646666,40.814528563962284],[-73.86512837094394,40.81415204692482],[-73.86462322724348,40.81422251568705],[-73.86435846390738,40.813008915112185],[-73.86335197113017,40.81238585497976],[-73.86111126635217,40.811150154574584],[-73.86135706402291,40.81083684257509],[-73.86228604450467,40.80994591122593],[-73.86089171845232,40.80968838100972],[-73.86043981711926,40.80955204418382],[-73.86012695169545,40.80960549938806],[-73.85947161492855,40.80990511426528],[-73.8590766256631,40.809975558604854],[-73.85838996228814,40.80825880914896],[-73.85866505169193,40.806832751495776],[-73.8590822548791,40.806840407324785],[-73.8593660233232,40.80667568320798],[-73.85919545024372,40.806269878332465],[-73.85893471726324,40.806674359168646],[-73.858611919012,40.80669751303537],[-73.85839331448695,40.80640847622152],[-73.85831487707078,40.80599859101236],[-73.85850560039155,40.80581954279294],[-73.85812705699665,40.80546652055204],[-73.85721963864754,40.805238717091754],[-73.85712145614293,40.80533047465635],[-73.85652361926834,40.80523993276274],[-73.85612542563311,40.80528168125097],[-73.85560497039725,40.80506215703507],[-73.85556358433932,40.80478499582994],[-73.85580840784401,40.80467915750726],[-73.856397852059,40.80494683571352],[-73.85662613767603,40.804830304220154],[-73.85585446335388,40.80451464613971],[-73.8553887924516,40.80446442679101],[-73.85460114248228,40.80454764982762],[-73.85407120427061,40.804457462419606],[-73.85204922599488,40.804599116241185],[-73.85147537230506,40.80459837832569],[-73.8511855292584,40.80449258660431],[-73.85014867564311,40.80453421881311],[-73.84997722709296,40.80505959447945],[-73.84921466578403,40.80502086441976],[-73.84894604005882,40.80476216949746],[-73.8487009796508,40.80473178577483],[-73.84807624599267,40.80491964165189],[-73.84766805165975,40.80516644872494],[-73.8474882264191,40.805448909149334],[-73.84753621909455,40.80592640279447],[-73.84811499148802,40.80612858317832],[-73.84837953721414,40.80636018633473],[-73.84828024018182,40.80685240555047],[-73.8484164096165,40.807368775795496],[-73.84877737861603,40.80763587777431],[-73.84938838442243,40.807877532835576],[-73.84996696802818,40.80857801884382],[-73.85004255373181,40.809154334639516],[-73.84980999337276,40.809998443815466],[-73.84952977419134,40.81027822112516],[-73.84917358424852,40.810924340784176],[-73.84937358980423,40.81134415184068],[-73.8490824094228,40.81183103444944],[-73.84903294114531,40.81211891007785],[-73.84945628101732,40.81261798106067],[-73.85041087755909,40.81310093211158],[-73.85089493587381,40.81343338390046],[-73.85206357413176,40.81372606016095],[-73.85255739434929,40.81373533465535],[-73.85265799208943,40.81396339904244],[-73.85261932751581,40.81452203106809],[-73.8521883239583,40.814288973652566],[-73.85159325007994,40.81430438675043],[-73.85060246203848,40.81393020004222],[-73.85041066820116,40.81358402388866],[-73.84938556147976,40.81323686534521],[-73.84876286855344,40.81290468611973],[-73.84821486515594,40.812462909498464],[-73.84746772168272,40.81090394285442],[-73.84719684509648,40.810580487614345],[-73.84688871208347,40.81052132517851],[-73.8461730287217,40.81067666392803],[-73.8457656170211,40.81158227934471],[-73.84632411861651,40.811687423568785],[-73.84646715886365,40.812306040383945],[-73.8461066032555,40.81309998920383],[-73.84663638784004,40.81303308600101],[-73.84705382007239,40.8148264696033],[-73.84909719308625,40.81455052096031],[-73.85092659315521,40.814335960507314],[-73.851144722607,40.8143965488761],[-73.85163543224938,40.81635918918099],[-73.85362025249152,40.816088386202004],[-73.8537868122763,40.816815300440474],[-73.8541421986906,40.81823778929231],[-73.85496743171811,40.821679703616994],[-73.85531220665743,40.823192430614725],[-73.85597162258206,40.8260638777564],[-73.85626925424077,40.82639377787633],[-73.85635677410309,40.82675208646264],[-73.85727871181683,40.82659962458296],[-73.85867194017379,40.82642407777589],[-73.85970333247572,40.82627734853495],[-73.86216687426914,40.825965164235626],[-73.86490949473063,40.825595955234895],[-73.86787899082651,40.82517772068535],[-73.87145992743001,40.82472020883828]]]},"properties":{"nta":"BX0902","name":"Soundview-Clason Point","boro":"Bronx","households":13149,"owner_hh":3749,"renter_hh":9400,"turnover_all":8.3,"turnover_own":7.8,"turnover_rent":8.5,"churn_annual":5.6,"owner_share":28.5,"moe_all":2.3,"moe_own":4.1,"moe_rent":2.7,"moe_churn":8}},
{"type":"Feature","geometry":{"type":"MultiPolygon","coordinates":[[[[-73.84229237322884,40.82869980753232],[-73.84222047999202,40.8283418884466],[-73.84132088542798,40.82676473521866],[-73.8411078091212,40.82615332674894],[-73.84027247787519,40.82476197802382],[-73.8401083499483,40.82428311890183],[-73.83974013877227,40.82411049303689],[-73.83961186638554,40.823863426519246],[-73.83945427382974,40.82292284655822],[-73.83904904481072,40.82268874864862],[-73.83907059472882,40.82225284946034],[-73.83893197127122,40.82132893403125],[-73.83906398857697,40.8198024323409],[-73.83880789876225,40.81974193514197],[-73.83892733295411,40.81900120960474],[-73.83921022101013,40.81888835662444],[-73.8400532371849,40.817921288101395],[-73.84019020523155,40.817188273056594],[-73.83974355899653,40.816406071502385],[-73.8390085328228,40.816353757016216],[-73.83696692423608,40.816366657719605],[-73.83669352134656,40.81734763168624],[-73.83643674714041,40.81781586885862],[-73.83604247482336,40.81778261209739],[-73.83595118194272,40.81888854555973],[-73.83599585189239,40.82350818033467],[-73.83616466391703,40.824992286736546],[-73.83644759129042,40.82640623353371],[-73.8365594532758,40.82722579048285],[-73.83683220352492,40.82844144222098],[-73.83701656738135,40.82905341019239],[-73.83757535669467,40.82897236091873],[-73.84029722994089,40.828869777071134],[-73.84229237322884,40.82869980753232]]],[[[-73.84291548074067,40.82862246917889],[-73.84398668258825,40.8284341430646],[-73.84422370822884,40.82851167242839],[-73.84532022453944,40.828426538815776],[-73.84504569468517,40.82879939869888],[-73.84584967511434,40.82891524490243],[-73.84727881581283,40.829314745684094],[-73.84731840925329,40.82953334409841],[-73.84848615207768,40.834524495833705],[-73.85168459659597,40.83420105234935],[-73.8528137969654,40.8340797624032],[-73.85905672016237,40.83341322528993],[-73.86033845779858,40.83325316698803],[-73.86056800534114,40.83352073552247],[-73.86085019616507,40.83361353809931],[-73.86129183587892,40.833536420997],[-73.86155834792847,40.83333022116175],[-73.86272273332911,40.83292068300322],[-73.86366561191578,40.83269532457095],[-73.86264225614394,40.828170145263904],[-73.86067324050317,40.82841898633674],[-73.85970333247572,40.82627734853495],[-73.85867194017379,40.82642407777589],[-73.85727871181676,40.82659962458296],[-73.85635677410303,40.82675208646264],[-73.85626925424077,40.82639377787633],[-73.85597162258212,40.8260638777564],[-73.85531220665743,40.823192430614725],[-73.85496743171794,40.821679703617036],[-73.8541421986905,40.81823778929231],[-73.8537868122763,40.816815300440474],[-73.85362025249141,40.816088386202004],[-73.85163543224938,40.81635918918103],[-73.8511447226069,40.8143965488761],[-73.85092659315511,40.814335960507314],[-73.84909719308625,40.81455052096031],[-73.84705382007228,40.8148264696033],[-73.84663638784004,40.81303308600106],[-73.8461066032555,40.81309998920383],[-73.84646715886365,40.812306040383945],[-73.84632411861645,40.811687423568785],[-73.84576561702106,40.81158227934476],[-73.8452073688522,40.81188702150716],[-73.84486622624331,40.812751503417054],[-73.84438736896615,40.81364513132989],[-73.84411020155923,40.814513576144115],[-73.84358001433822,40.81546834659744],[-73.84316992763601,40.816051055516134],[-73.84306379033725,40.816558645026895],[-73.84237534420508,40.817489847080836],[-73.84209366311737,40.81805954345434],[-73.84212585817735,40.818458221410864],[-73.84198684767891,40.818774373907466],[-73.84104454654423,40.81923017010187],[-73.84061881495951,40.819549501281195],[-73.84028506253513,40.81962626662916],[-73.83999860407422,40.81993494681325],[-73.8401006913585,40.820322761727894],[-73.83982926241688,40.821571501496216],[-73.84001752995962,40.82219024212052],[-73.84041765335822,40.82299802945595],[-73.84044970316177,40.82334556699945],[-73.84170466295731,40.82576738248983],[-73.84231712480194,40.82718468518303],[-73.84253325731056,40.8275273036461],[-73.84272187785834,40.828275620914646],[-73.84291548074067,40.82862246917889]]]]},"properties":{"nta":"BX0903","name":"Castle Hill-Unionport","boro":"Bronx","households":12870,"owner_hh":4178,"renter_hh":8692,"turnover_all":13.1,"turnover_own":7.3,"turnover_rent":15.9,"churn_annual":7,"owner_share":32.5,"moe_all":2.7,"moe_own":2.9,"moe_rent":3.7,"moe_churn":8.2}},
{"type":"Feature","geometry":{"type":"Polygon","coordinates":[[[-73.8528137969654,40.8340797624032],[-73.85168459659603,40.83420105234935],[-73.85207005864517,40.835625303051636],[-73.85247938873317,40.837784287140224],[-73.85286997769747,40.83985130436984],[-73.85333524942047,40.84247015515494],[-73.86176166439175,40.84151272060352],[-73.86347232312892,40.84130593270664],[-73.8644801165161,40.841087797386244],[-73.86393748015207,40.840044565901785],[-73.86295952000422,40.83442032289563],[-73.86272273332911,40.83292068300317],[-73.86155834792856,40.83333022116175],[-73.86129183587892,40.833536420997],[-73.86085019616507,40.83361353809926],[-73.86056800534124,40.83352073552243],[-73.86033845779872,40.833253166987994],[-73.85905672016247,40.83341322528989],[-73.8528137969654,40.8340797624032]]]},"properties":{"nta":"BX0904","name":"Parkchester","boro":"Bronx","households":12480,"owner_hh":3147,"renter_hh":9333,"turnover_all":19.4,"turnover_own":14.1,"turnover_rent":21.2,"churn_annual":6.1,"owner_share":25.2,"moe_all":3.6,"moe_own":5,"moe_rent":4.4,"moe_churn":10.9}},
{"type":"Feature","geometry":{"type":"Polygon","coordinates":[[[-73.83936794250523,40.84088297398455],[-73.84124052915337,40.84060145482343],[-73.8420182788362,40.84065827887775],[-73.84146101904946,40.84095609612157],[-73.84327655771988,40.84354180661416],[-73.84429152900569,40.84468254929641],[-73.84491034100746,40.84542746141717],[-73.84460522111516,40.84625369761904],[-73.84479920989823,40.8476488204693],[-73.84500013476227,40.848458219254766],[-73.84505506554582,40.84894655976693],[-73.84502056429113,40.850009397999386],[-73.84534656840583,40.84944948845317],[-73.84537026876448,40.84871262905766],[-73.84578350495238,40.8479663578289],[-73.84614592440981,40.847499800913084],[-73.84721040521458,40.84648887184673],[-73.847884919531,40.84598898052518],[-73.8477224252749,40.84583968115672],[-73.84623479939151,40.844490217803454],[-73.84749010497097,40.84356161121126],[-73.84806345327976,40.84306799865136],[-73.85052278082638,40.8427894903043],[-73.85333524942047,40.84247015515494],[-73.85286997769747,40.83985130436984],[-73.85247938873317,40.837784287140224],[-73.85207005864513,40.835625303051636],[-73.85168459659597,40.83420105234935],[-73.84848615207768,40.834524495833705],[-73.84731840925329,40.82953334409841],[-73.84727881581283,40.829314745684094],[-73.84584967511434,40.82891524490243],[-73.84504569468517,40.82879939869888],[-73.84532022453944,40.828426538815776],[-73.84422370822884,40.82851167242839],[-73.84398668258825,40.8284341430646],[-73.84291548074067,40.82862246917889],[-73.84303394542374,40.82893498494027],[-73.84310691599906,40.829794139320036],[-73.84270324854305,40.83074502667007],[-73.84275884293768,40.830818484142995],[-73.84221334664694,40.83155050727739],[-73.84181725823889,40.83172619365365],[-73.84018151698999,40.83304342547392],[-73.83992048390338,40.83332079530102],[-73.8395910845217,40.83404168859336],[-73.83941220244711,40.834600065106656],[-73.83954830741926,40.834862251945275],[-73.83984235556174,40.83611624196665],[-73.83995029818121,40.83758389658776],[-73.83991581404842,40.83778279647426],[-73.84013531533488,40.83861417691765],[-73.8400687997399,40.838752040091016],[-73.84027376887703,40.83920627289531],[-73.8403028253707,40.839524314447786],[-73.83972014449351,40.839565405985425],[-73.83956700266877,40.840547227886674],[-73.83936794250523,40.84088297398455]]]},"properties":{"nta":"BX1001","name":"Westchester Square","boro":"Bronx","households":5148,"owner_hh":1160,"renter_hh":3988,"turnover_all":21.7,"turnover_own":11.3,"turnover_rent":24.8,"churn_annual":10.1,"owner_share":22.5,"moe_all":4.2,"moe_own":6.9,"moe_rent":4.8,"moe_churn":10.1}},
{"type":"Feature","geometry":{"type":"Polygon","coordinates":[[[-73.8259079841268,40.83874481789457],[-73.82598686829098,40.840675752385785],[-73.82624132843662,40.84299359414358],[-73.82611300556735,40.84533869376915],[-73.82757535892995,40.84473187467839],[-73.83043186269853,40.84385798362894],[-73.83108377044032,40.84374456851717],[-73.83294076425469,40.8435191604696],[-73.83682639764969,40.84346244676611],[-73.8369911414205,40.84318256327277],[-73.83767001462611,40.84112190832366],[-73.83762124147182,40.84028356682357],[-73.838390561589,40.84067681413349],[-73.83936794250523,40.84088297398455],[-73.83956700266877,40.840547227886674],[-73.83972014383056,40.839565406487075],[-73.8395895367734,40.83879848632725],[-73.83919255169405,40.83871362855962],[-73.83928671735158,40.838042244630586],[-73.83918642065018,40.83710741642778],[-73.83923392217174,40.836741041764924],[-73.83896515672897,40.835006315758],[-73.83882717280495,40.83381022286525],[-73.83899809143026,40.83338245586089],[-73.84024396244972,40.83220402332036],[-73.84084584525044,40.83174852483179],[-73.84188643774428,40.83071317653467],[-73.84223013648109,40.82983069124914],[-73.84233077410983,40.829073962955555],[-73.84229237322884,40.82869980753232],[-73.84029722994089,40.828869777071134],[-73.83757535669467,40.82897236091873],[-73.83701656738135,40.82905341019239],[-73.83683220352492,40.82844144222098],[-73.83533550530322,40.82819244340195],[-73.83131652582671,40.826718788145726],[-73.83110226702166,40.82682445484047],[-73.82741720101295,40.82563477361846],[-73.82464427913193,40.82476385129356],[-73.82788221374358,40.823175867918366],[-73.82945920735152,40.82237711050037],[-73.82832921538726,40.82104039191178],[-73.8267166142165,40.82181857635124],[-73.82536829601092,40.82021181456548],[-73.82370737091014,40.81764854515685],[-73.82317237375129,40.81667961383229],[-73.82408128198729,40.81635095632741],[-73.82669416377567,40.81547346080033],[-73.82841397073399,40.814875147706914],[-73.82665813294034,40.81195502154357],[-73.8263078460309,40.8112841222068],[-73.82595641099927,40.811474448435305],[-73.82425634238095,40.812110434713645],[-73.8226391838058,40.812576006813735],[-73.82117960695338,40.81295258706871],[-73.82058709143999,40.81301944660828],[-73.82049024326206,40.812836449698324],[-73.82010759340298,40.81286406966558],[-73.81981638454947,40.813179933156086],[-73.8187439158347,40.81342608835109],[-73.81738942091515,40.81357073625084],[-73.81674850706986,40.81370849777144],[-73.81648015546806,40.81385323187898],[-73.81587919093438,40.81376705586658],[-73.8155141636756,40.81350472049094],[-73.81400319066054,40.81355146726609],[-73.81359789818818,40.81338534960184],[-73.81313381796316,40.81333105424325],[-73.81276572662637,40.81315863066598],[-73.8119412707777,40.81302983071754],[-73.81156607359787,40.81305400191424],[-73.81066931287849,40.81276436653773],[-73.81059832209601,40.81293882410124],[-73.8099202908178,40.812929152261944],[-73.80875356780824,40.812288848685185],[-73.80799293417998,40.811682120636],[-73.80759470369257,40.81126928329019],[-73.8071398788404,40.8106616769565],[-73.8062148220505,40.81004741225976],[-73.80536120429377,40.80964190410992],[-73.8045155689707,40.80911216271457],[-73.80375684389536,40.80852259215926],[-73.80359386615068,40.80875717047808],[-73.80278236265666,40.80912012289744],[-73.80241050555422,40.80915495139165],[-73.8016719060132,40.809016572697026],[-73.80053937870998,40.80839721162749],[-73.79884822043994,40.80717719326846],[-73.79791578987583,40.80671223052465],[-73.79702945544376,40.806345377216566],[-73.79636945999799,40.806277202766786],[-73.79650268526339,40.80610443599022],[-73.79601037569107,40.80592103186723],[-73.79577769393846,40.806162949531966],[-73.79518335679572,40.80572935461244],[-73.79451648626257,40.80500321868438],[-73.79401383625986,40.804826861296974],[-73.79400631451523,40.80463795266808],[-73.7933898228672,40.80420433003646],[-73.79259518947468,40.80411356690987],[-73.79224529218997,40.80399636481764],[-73.79103717515419,40.804263032204766],[-73.79028410874012,40.80481710419159],[-73.79006256327877,40.805408942337195],[-73.79012463293932,40.80577156038848],[-73.79042839442921,40.806326649910964],[-73.79073479983785,40.80658882885675],[-73.79086475738721,40.80734113943563],[-73.79144175598789,40.807499749286315],[-73.79132391894427,40.80707527898949],[-73.79166240654693,40.80688291282087],[-73.79228907337423,40.80684900557966],[-73.7937634697596,40.807451168375614],[-73.7985376596495,40.809587075529905],[-73.80010949916787,40.80971095357593],[-73.80146670007328,40.81014171796329],[-73.80115707624903,40.81058776561525],[-73.80135552746763,40.81071084539768],[-73.80212034415298,40.810102240188385],[-73.80235340278853,40.81003705946174],[-73.80293001868921,40.810541861353],[-73.80317383566162,40.81086860159942],[-73.80337276458212,40.811539786699186],[-73.8039118606247,40.81211049788137],[-73.80476488943923,40.81203367756037],[-73.80499834751973,40.812206634063585],[-73.80504209289755,40.81262904673236],[-73.80527019981223,40.8128447714264],[-73.80543963624103,40.813352860122144],[-73.80542559785732,40.81440061323844],[-73.80557414932625,40.81454024535899],[-73.80568442908414,40.81503342491178],[-73.80641254543002,40.81538012414077],[-73.80663156323897,40.81559499146097],[-73.80704600153508,40.816533693875506],[-73.80661216122775,40.81657794543175],[-73.8058461181963,40.816014158147624],[-73.80511465504385,40.81563584940489],[-73.80468696219103,40.81518918474449],[-73.80431466904538,40.81459216048109],[-73.80418033130341,40.81458996281165],[-73.80351667337368,40.8139519636488],[-73.80319870538818,40.81350524057228],[-73.80364013123157,40.812635144801845],[-73.80305792069677,40.812452297890346],[-73.80252657004917,40.81254374600533],[-73.80214777277905,40.81277537914878],[-73.801458005173,40.81294094720333],[-73.80131991856462,40.813260900539206],[-73.80091593237641,40.813761402506735],[-73.8001114686428,40.81402452556079],[-73.7999467818626,40.8144495656896],[-73.79902816314,40.81554113493885],[-73.798642206466,40.81546401593534],[-73.79811945293618,40.81569878450088],[-73.79771465236787,40.81551329274363],[-73.79738112573526,40.81576350489581],[-73.79759032777474,40.81650753156775],[-73.79816667568598,40.81682438736341],[-73.79850007734936,40.816901275035995],[-73.80032540130408,40.817560445663965],[-73.80059027358189,40.8179334359679],[-73.80246811820726,40.81854090702472],[-73.80267407634148,40.81823857509168],[-73.8033684017511,40.818251071676166],[-73.80392467289491,40.81849151017121],[-73.80451800415726,40.818927687513074],[-73.80572802989728,40.8201773386952],[-73.80599159848933,40.82082355849026],[-73.8058623716858,40.82189812884789],[-73.80666166000621,40.823419584237335],[-73.8067904943604,40.823993362191935],[-73.80669402711494,40.82463730859038],[-73.80699654544853,40.825322312309495],[-73.80770957571826,40.8258876244751],[-73.80783421319278,40.82576745480322],[-73.80878493921433,40.82579971898313],[-73.80909234633549,40.8258733981643],[-73.80965481141884,40.82527553511924],[-73.81084728678641,40.824872490965],[-73.81119333024809,40.8246093588369],[-73.81177284871205,40.82433980617299],[-73.81238573444398,40.82444719202387],[-73.81271836302544,40.824777810272536],[-73.81286144482324,40.824278370930365],[-73.81327417398889,40.82396666632235],[-73.81378080191381,40.82399992051855],[-73.81403745843352,40.824483469494105],[-73.81314913018741,40.82487178442547],[-73.81327735515306,40.82516132170772],[-73.81373629018934,40.82526494609033],[-73.8139505407614,40.825729151443774],[-73.81399111587857,40.826069598458375],[-73.81372787850354,40.826261218718166],[-73.81379818057336,40.82683587659853],[-73.81327731605842,40.82721987349503],[-73.81265206400504,40.82755877961498],[-73.81261671506273,40.82784153229352],[-73.81178176957776,40.82799530824983],[-73.81029679194266,40.827990852509664],[-73.81005157648552,40.82825421094347],[-73.81140330778518,40.828295480613754],[-73.81275469994516,40.82824823625153],[-73.81280015000063,40.828592250455294],[-73.81313163648991,40.82869161392347],[-73.81371136287328,40.82958198390364],[-73.81382087385413,40.82996758196528],[-73.81415593309119,40.830210321959896],[-73.81476387691815,40.830816800496265],[-73.81511886641601,40.831709417556894],[-73.81548695785567,40.83229989155929],[-73.81593920982324,40.83367686641571],[-73.81608401401107,40.834590346265415],[-73.81606068234527,40.83603019695964],[-73.81640954595959,40.835929380556095],[-73.81804583410594,40.83554236270017],[-73.82223129938156,40.83455601268029],[-73.8237938310232,40.83430014695847],[-73.82463346336336,40.833855808717615],[-73.82515883780721,40.83461447159582],[-73.82601252570736,40.834020778205506],[-73.8262208771651,40.83435470829211],[-73.82604118447992,40.8345092954471],[-73.82549496419648,40.83521822379074],[-73.82541397328399,40.83581014864206],[-73.82565389128415,40.83644204822497],[-73.82584985894458,40.83706086710225],[-73.8259079841268,40.83874481789457]]]},"properties":{"nta":"BX1002","name":"Throgs Neck-Schuylerville","boro":"Bronx","households":17284,"owner_hh":8568,"renter_hh":8716,"turnover_all":17.3,"turnover_own":11,"turnover_rent":23.5,"churn_annual":8.5,"owner_share":49.6,"moe_all":2.5,"moe_own":2.3,"moe_rent":4.1,"moe_churn":6.6}},
{"type":"Feature","geometry":{"type":"MultiPolygon","coordinates":[[[[-73.78833349834372,40.83466713026211],[-73.78845699948884,40.83530991481694],[-73.78951019872315,40.835364042525896],[-73.78931223606466,40.834464887056185],[-73.78833349834372,40.83466713026211]]],[[[-73.81640954595959,40.835929380556095],[-73.81606068234538,40.83603019695964],[-73.81634259824358,40.83675833535105],[-73.81645257929443,40.83776982592499],[-73.81628378113194,40.83823082908735],[-73.81591903276419,40.83861221146235],[-73.81478277740136,40.83907648846036],[-73.81473018446572,40.83967625109853],[-73.8149733621328,40.84007688469801],[-73.81507398877261,40.84065917086763],[-73.815329696999,40.84149203214234],[-73.81556869858584,40.84175229562172],[-73.81556406036562,40.842105280476055],[-73.81541503896554,40.84239132728102],[-73.81572300132142,40.84253656548452],[-73.81590994535823,40.842869029126064],[-73.81615112347616,40.84300653420642],[-73.8164445195421,40.84367407385225],[-73.81669068165954,40.843974965825446],[-73.81713055266795,40.84390960399556],[-73.81756077382796,40.84424517284442],[-73.81709454904203,40.84426742168723],[-73.8169164419108,40.844086453056725],[-73.8162771603948,40.84415645003282],[-73.81629942644231,40.844402078229216],[-73.81571438885408,40.84442955840137],[-73.81520001112777,40.84404835283005],[-73.81499955039924,40.84350445213947],[-73.8144449485536,40.843465326677475],[-73.81346278880893,40.84365980304946],[-73.81343949836503,40.84421116342736],[-73.8136615023616,40.844443534620844],[-73.81393763048962,40.844463921130156],[-73.81418653212445,40.844725415945945],[-73.81378890814621,40.84497759086492],[-73.81271966889639,40.84491869997872],[-73.8126488933667,40.844659467667476],[-73.81282121937787,40.84425961604966],[-73.81266141349053,40.84420764950098],[-73.81234277106788,40.84512618287237],[-73.81169971823518,40.846681701316385],[-73.81184149221674,40.84671412757367],[-73.81218860345773,40.84595210250342],[-73.81254457815471,40.84497959851104],[-73.81324326351064,40.845235907850174],[-73.8138054452441,40.8453514829674],[-73.81403198219381,40.84558929786809],[-73.81399042132541,40.8458269186914],[-73.81420573129107,40.84601018088854],[-73.8146817077043,40.84586721486097],[-73.81465695793435,40.84620554530155],[-73.81507222380642,40.84654347111372],[-73.81571903834562,40.846293443498986],[-73.81613006048687,40.84652798288476],[-73.81617026812124,40.847015474361974],[-73.8160558923297,40.847587455148336],[-73.81577576231183,40.847730906105774],[-73.81590281420814,40.84801312097932],[-73.8156337811069,40.848183122394374],[-73.81532344002574,40.8485775711954],[-73.81528550608486,40.84896321754739],[-73.8163011915205,40.84857217290626],[-73.82014043614465,40.848020598550825],[-73.82048405462841,40.84850102613052],[-73.82110355633648,40.848198981282046],[-73.82495697574903,40.84610544480085],[-73.8250848915321,40.84469769885736],[-73.8251799893859,40.84270005947733],[-73.8262413284368,40.84299359414358],[-73.82598686829103,40.840675752385785],[-73.8259079841268,40.83874481789457],[-73.82584985894458,40.83706086710221],[-73.82565389128415,40.83644204822497],[-73.82541397328399,40.83581014864206],[-73.82549496419648,40.83521822379071],[-73.82604118447992,40.8345092954471],[-73.82622087716516,40.83435470829211],[-73.82601252570736,40.83402077820548],[-73.82515883780727,40.83461447159582],[-73.82463346336336,40.833855808717615],[-73.8237938310232,40.83430014695847],[-73.82223129938156,40.83455601268029],[-73.81804583410594,40.83554236270017],[-73.81640954595959,40.835929380556095]]],[[[-73.82611300556735,40.84533869376915],[-73.82633899872657,40.846037547402084],[-73.82799994448251,40.84863235104752],[-73.82785535337469,40.849738686471156],[-73.82713133237078,40.85187108152582],[-73.82737835678005,40.8528179596682],[-73.82720400243912,40.853289984425956],[-73.8286019701075,40.855717848095146],[-73.83129157639193,40.85543410585364],[-73.83228148797645,40.855177449608284],[-73.83295928319232,40.85492410735084],[-73.8339057394673,40.85446778091111],[-73.83439574153974,40.85411187093094],[-73.83463970149687,40.85381799426279],[-73.83533589012133,40.85255469879205],[-73.83555900132365,40.851964014450914],[-73.8360693430282,40.84716485009446],[-73.83619907028681,40.84582739571833],[-73.83682639764963,40.84346244676608],[-73.83294076425469,40.843519160469555],[-73.83108377044036,40.843744568517124],[-73.83043186269853,40.84385798362894],[-73.82757535892995,40.84473187467835],[-73.82611300556735,40.84533869376915]]],[[[-73.78922202961881,40.8587425155315],[-73.78998909959597,40.85852279465323],[-73.79044190145542,40.8579165340988],[-73.7907906704719,40.857750350818044],[-73.7912937885231,40.85726323819569],[-73.7916039346147,40.85737531249006],[-73.79184303217399,40.85702870201153],[-73.79170704257521,40.85685184235265],[-73.79205778470713,40.85651308623467],[-73.79201050009056,40.85622512771859],[-73.79230720796741,40.85607235540841],[-73.79250306685451,40.8557886661372],[-73.79207675667554,40.85564516770727],[-73.79129282160805,40.85458402547443],[-73.79133811791577,40.854439011538496],[-73.79191811736386,40.85422235474308],[-73.79179366809416,40.85400482990055],[-73.79129023495192,40.853878722994686],[-73.79111431429385,40.85326445192485],[-73.79042053780171,40.85302297821269],[-73.79144640027788,40.85277157192435],[-73.79113795170932,40.85205585257384],[-73.7901550926101,40.852251285235994],[-73.79045528741837,40.85172337150065],[-73.78972573712082,40.85169267056512],[-73.78951371516169,40.85130077171331],[-73.79012439171673,40.85118991269729],[-73.79003654099127,40.85043486986256],[-73.78975711070451,40.84953146979038],[-73.79024725580845,40.849178847492645],[-73.79088710141187,40.84888656329551],[-73.79124475264103,40.84855222094988],[-73.791362881068,40.84823230239046],[-73.79126708567364,40.84760186735426],[-73.79141738478458,40.84748004656231],[-73.79148034725841,40.846802052211316],[-73.79096069596184,40.84623024627471],[-73.79049642768237,40.84549275421003],[-73.78992895494196,40.8449242380708],[-73.78959737629594,40.84450197311136],[-73.78934690532249,40.844011495592284],[-73.78933708725556,40.843681498558276],[-73.78980449502201,40.84358665578],[-73.78961660328292,40.843112654867745],[-73.78905825501366,40.84323533177022],[-73.78871619613662,40.84265675331438],[-73.78823199262217,40.842196085274836],[-73.78784487499479,40.84147147933342],[-73.78761237716417,40.84119800529479],[-73.78786404049858,40.84108172533249],[-73.78730353132356,40.83967472500378],[-73.78652598496427,40.839723115607164],[-73.78614637767015,40.83958736625329],[-73.7857350929869,40.839234231776],[-73.78553011445189,40.83879827783989],[-73.78557796850949,40.83792711322554],[-73.78527712948421,40.837756718087114],[-73.78516584428664,40.837471334061945],[-73.78485009222503,40.837470489681245],[-73.78431347112782,40.83681282725395],[-73.78410164591475,40.83672552885556],[-73.78338168059172,40.836909272183405],[-73.78302921862898,40.83634585184235],[-73.78268131435591,40.836483677153716],[-73.7827036458365,40.836842801965716],[-73.78290629191042,40.83732000557034],[-73.78272760738827,40.83748795934645],[-73.7823814255608,40.83732410616755],[-73.78188455720445,40.83765027610237],[-73.78200420988878,40.83801557280987],[-73.78172154866671,40.83822356610992],[-73.78132522577035,40.839291781356735],[-73.78135932010674,40.83971170821595],[-73.78154284140986,40.84042295969426],[-73.78154308949465,40.84078478152507],[-73.78183909216312,40.84139567991742],[-73.7818660122127,40.841687364679835],[-73.78221542233341,40.841704017300394],[-73.78237240990937,40.84206661617492],[-73.78236855953504,40.84242849314983],[-73.78286499304919,40.84247810188288],[-73.78319194518802,40.84286786398404],[-73.78347481249254,40.8436547381099],[-73.7827849863566,40.84375454548109],[-73.78306040951999,40.844372063893026],[-73.78297579244168,40.84468094852312],[-73.78307457446685,40.84505636873404],[-73.783050749408,40.84549682317605],[-73.78250088102259,40.845597798301924],[-73.78257932865692,40.84593589302793],[-73.78235702810515,40.845981588332826],[-73.78251345116695,40.84640877205391],[-73.78215667396832,40.84660757811384],[-73.78223364202954,40.8468533721759],[-73.78207848449945,40.8471308084081],[-73.78142920347751,40.84745634585999],[-73.78158418081713,40.848037051537375],[-73.7825040863354,40.84791327376341],[-73.78255877758852,40.848277325976376],[-73.78207041238291,40.848469412494744],[-73.78149386587495,40.84858047582596],[-73.78244952709214,40.84934115401586],[-73.7830353553807,40.849071907625465],[-73.78357825260227,40.84926638730495],[-73.78420047134387,40.85006064424078],[-73.78425785826201,40.8502531806425],[-73.78401710573816,40.850584263375104],[-73.78445463288391,40.850772874357226],[-73.78447953199854,40.85107180299257],[-73.7834449593611,40.85140090922459],[-73.78357767103401,40.85156967744495],[-73.78397932898604,40.85153261744062],[-73.78433474208562,40.85177615757256],[-73.7852921065284,40.85162064997246],[-73.78588186506653,40.85178867244104],[-73.78641733510607,40.85214457697241],[-73.78760502319022,40.85311470853507],[-73.78796264287912,40.85347472143829],[-73.78792821707314,40.85373779738932],[-73.78720845606956,40.85395440328353],[-73.78731450066243,40.85421194272583],[-73.78816813692183,40.8540857789037],[-73.78848260375628,40.85444792872292],[-73.7882941955034,40.85480410393429],[-73.78842551577239,40.85532985288206],[-73.78835943222205,40.85562648965101],[-73.78853687735484,40.85615850378558],[-73.78888830770754,40.85660428361165],[-73.78870485884283,40.85710678667871],[-73.78880761950083,40.85781837751385],[-73.78876651996588,40.85840216757863],[-73.78922202961881,40.8587425155315]]],[[[-73.78457451654576,40.86053199775851],[-73.78520891468827,40.860380696648456],[-73.78542845373842,40.86042160884046],[-73.78602510708411,40.86029644111234],[-73.78691957459718,40.8602671240542],[-73.7871569098543,40.85956570320526],[-73.78759848148141,40.858866044892615],[-73.78669393087262,40.85868606505971],[-73.78660807970745,40.8590361420359],[-73.78607540488369,40.8592746033861],[-73.7857319917326,40.859209636203566],[-73.78514017041906,40.85879261197568],[-73.78471397657277,40.85913607850752],[-73.78440764395583,40.8597335289935],[-73.78457451654576,40.86053199775851]]]]},"properties":{"nta":"BX1003","name":"Pelham Bay-Country Club-City Island","boro":"Bronx","households":11597,"owner_hh":5172,"renter_hh":6425,"turnover_all":19,"turnover_own":6.3,"turnover_rent":29.2,"churn_annual":8.3,"owner_share":44.6,"moe_all":3.3,"moe_own":2.7,"moe_rent":5.1,"moe_churn":9.8}},
{"type":"Feature","geometry":{"type":"Polygon","coordinates":[[[-73.82023958327838,40.88549105235241],[-73.82081880223984,40.88534331743969],[-73.82107546986951,40.88585419437352],[-73.82146031168719,40.88607398690415],[-73.82191773374547,40.88612623777766],[-73.82205817252976,40.88610821918946],[-73.82526100588376,40.88509513738509],[-73.82661159041322,40.88464924486938],[-73.82606308664148,40.88415283671794],[-73.82904936375931,40.8826221548189],[-73.83050087894674,40.881770199751024],[-73.8314448677522,40.88110660880208],[-73.83245983015962,40.880207138608654],[-73.83376910749529,40.878720128785915],[-73.83445170633568,40.87727414171712],[-73.83477909431652,40.87617307765225],[-73.83489248330824,40.87507093688319],[-73.83489228500123,40.87489713802154],[-73.83480217810629,40.873724509592066],[-73.83456586603894,40.872699008880375],[-73.83433720992768,40.87202702303185],[-73.83381363314302,40.8707451623395],[-73.83264403297217,40.86823695629471],[-73.83075292685194,40.86467593660101],[-73.83022388383873,40.86342952883151],[-73.82955552272453,40.862163211186704],[-73.82840758909647,40.860948301200125],[-73.82802069970285,40.86064153970637],[-73.82749933534195,40.85995122793733],[-73.82721769385084,40.8592065770412],[-73.82555438238741,40.8597370843211],[-73.82470826697254,40.85997244325571],[-73.82128096772315,40.86113519843494],[-73.81992161730682,40.86177537338834],[-73.81915596567316,40.862298818425664],[-73.81684495841918,40.86430679330122],[-73.81699760178167,40.864459031141834],[-73.81641455863614,40.865151497606156],[-73.81578763977815,40.86575806143744],[-73.8209161706433,40.86891693537492],[-73.82126543671284,40.86907454348972],[-73.82329599275981,40.873097418177096],[-73.821102684778,40.87896924535943],[-73.82005445513154,40.88211412906771],[-73.82023958327838,40.88549105235241]]]},"properties":{"nta":"BX1004","name":"Co-op City","boro":"Bronx","households":16716,"owner_hh":7233,"renter_hh":9483,"turnover_all":12.8,"turnover_own":13.2,"turnover_rent":12.5,"churn_annual":5.8,"owner_share":43.3,"moe_all":2.4,"moe_own":2.8,"moe_rent":3.6,"moe_churn":11.3}},
{"type":"Feature","geometry":{"type":"Polygon","coordinates":[[[-73.86179069374845,40.85798290436403],[-73.86758752380511,40.85783008965106],[-73.86841539629643,40.85778035864567],[-73.86927391156118,40.85668898323415],[-73.86988842220566,40.85597106815491],[-73.86988939546755,40.85567386169519],[-73.86867184506757,40.852262737113634],[-73.86846906730995,40.851970655249666],[-73.86854755382033,40.85178561155444],[-73.86825077674393,40.85095958673138],[-73.8683219469486,40.85076372065009],[-73.86920944569769,40.84923837337521],[-73.8683738886543,40.84896959824568],[-73.86785992927581,40.84886493189031],[-73.8683546583043,40.84708023338578],[-73.86892652627044,40.84688174060916],[-73.86866197338044,40.84626032418628],[-73.86874186495903,40.84560972858108],[-73.86863721590373,40.845309843266215],[-73.86804200325662,40.84481383930633],[-73.86889258623121,40.84440965879694],[-73.87099518067323,40.843111392043916],[-73.87153346022234,40.84251428217169],[-73.87223024525443,40.841643170680946],[-73.87359713479324,40.83979855643703],[-73.87283453773911,40.839754863891976],[-73.87027638565249,40.839621478807594],[-73.86920766815935,40.839600047213814],[-73.86782258049,40.84016649901553],[-73.86546450036447,40.840856891963064],[-73.8644801165161,40.841087797386244],[-73.86347232312892,40.84130593270664],[-73.86176166439175,40.84151272060352],[-73.85333524942047,40.84247015515494],[-73.85429909935839,40.842670800304475],[-73.85574151989174,40.8431426532944],[-73.85738111355268,40.84371626616853],[-73.85865367202398,40.84528639061413],[-73.85943988845328,40.84665921644493],[-73.86038660402573,40.848235571529656],[-73.86119240841126,40.84860346811175],[-73.86250923687304,40.8483622811716],[-73.86278872747765,40.84923798317117],[-73.86303938073125,40.85061130723248],[-73.86211953830568,40.85080617644738],[-73.86206090157894,40.852307254570114],[-73.8619199588196,40.85678359451849],[-73.86178359562544,40.85738644594953],[-73.86179069374845,40.85798290436403]]]},"properties":{"nta":"BX1101","name":"Pelham Parkway-Van Nest","boro":"Bronx","households":10894,"owner_hh":2432,"renter_hh":8462,"turnover_all":20.1,"turnover_own":15.4,"turnover_rent":21.4,"churn_annual":3.7,"owner_share":22.3,"moe_all":3.1,"moe_own":6.3,"moe_rent":3.4,"moe_churn":8.2}},
{"type":"Feature","geometry":{"type":"Polygon","coordinates":[[[-73.83681918460869,40.85727680959649],[-73.84004614244331,40.85780626939499],[-73.84329553084406,40.85829037562836],[-73.84645853989042,40.858636373702716],[-73.84739746975032,40.85868254585616],[-73.84930893339586,40.858717502857175],[-73.85028234684015,40.85865726624436],[-73.85405423748853,40.85832373156911],[-73.85663664014868,40.85811529395551],[-73.86179069374845,40.85798290436403],[-73.86178359562544,40.85738644594953],[-73.8619199588196,40.85678359451849],[-73.86206090157894,40.852307254570114],[-73.86211953830568,40.85080617644738],[-73.86303938073125,40.85061130723248],[-73.86278872747765,40.84923798317117],[-73.86250923687304,40.8483622811716],[-73.86119240841126,40.84860346811175],[-73.86038660402573,40.848235571529656],[-73.85943988845328,40.84665921644493],[-73.85865367202398,40.84528639061413],[-73.85738111355268,40.84371626616853],[-73.85574151989174,40.8431426532944],[-73.85429909935839,40.842670800304475],[-73.85333524942047,40.84247015515494],[-73.85052278082638,40.8427894903043],[-73.84806345327982,40.84306799865136],[-73.84749010497097,40.84356161121126],[-73.84623479939157,40.844490217803454],[-73.8477224252749,40.84583968115672],[-73.84788491953104,40.84598898052514],[-73.84721040521454,40.8464888718467],[-73.84614592440985,40.847499800913084],[-73.84578350495234,40.847966357828874],[-73.84537026876443,40.84871262905766],[-73.84534656840583,40.84944948845313],[-73.84502056429113,40.850009397999386],[-73.84505506554594,40.84894655976693],[-73.84500013476227,40.848458219254766],[-73.84494053664359,40.84821822152069],[-73.84428070627054,40.8491226995569],[-73.8414916322777,40.85319428630851],[-73.84085832578057,40.853871643698426],[-73.8403143513872,40.854338297419794],[-73.83941580474944,40.854959383765],[-73.8384320683954,40.85546886873778],[-73.83772116690723,40.85573956286968],[-73.83523962183261,40.85649323538413],[-73.83667557198515,40.85665266348028],[-73.83691212692939,40.85700810813968],[-73.83681918460869,40.85727680959649]]]},"properties":{"nta":"BX1102","name":"Morris Park","boro":"Bronx","households":8815,"owner_hh":3035,"renter_hh":5780,"turnover_all":25.5,"turnover_own":13.7,"turnover_rent":31.6,"churn_annual":8.4,"owner_share":34.4,"moe_all":3.6,"moe_own":4,"moe_rent":4.8,"moe_churn":9}},
{"type":"Feature","geometry":{"type":"Polygon","coordinates":[[[-73.8536363872702,40.87330059920912],[-73.85651292255208,40.87421779315791],[-73.85661382450314,40.87125016748486],[-73.85848731634543,40.87128406011891],[-73.85867298096294,40.865494958216686],[-73.85961281182996,40.865512718615136],[-73.85890956658274,40.864636926124476],[-73.85806098498932,40.86304236026541],[-73.85771028234441,40.862278230995685],[-73.8573131056839,40.859454500573186],[-73.85722128839758,40.859205160811605],[-73.85713237459639,40.85904620478244],[-73.85663664014868,40.85811529395551],[-73.85405423748853,40.85832373156911],[-73.85028234684015,40.85865726624436],[-73.84930893339586,40.858717502857175],[-73.84739746975032,40.85868254585616],[-73.84645853989042,40.858636373702716],[-73.84329553084406,40.85829037562836],[-73.84004614244331,40.85780626939499],[-73.83681918460869,40.85727680959649],[-73.83308051861306,40.858679019640064],[-73.82987488517269,40.85974042012536],[-73.82960951700268,40.85988842149188],[-73.82840758909647,40.860948301200125],[-73.82955552272453,40.862163211186704],[-73.8308168814219,40.86242982661619],[-73.83159619877482,40.8626447044223],[-73.83578436657568,40.8650160119998],[-73.83697021063762,40.865643136401054],[-73.84122362465428,40.867858151350795],[-73.84280443401491,40.868680752570704],[-73.84792613980848,40.87134223357949],[-73.84859676002684,40.87167078513566],[-73.84987645059806,40.87210188139058],[-73.8536363872702,40.87330059920912]]]},"properties":{"nta":"BX1103","name":"Pelham Gardens","boro":"Bronx","households":9181,"owner_hh":5093,"renter_hh":4088,"turnover_all":12.4,"turnover_own":9.3,"turnover_rent":16.2,"churn_annual":7.5,"owner_share":55.5,"moe_all":2.5,"moe_own":2.7,"moe_rent":4.3,"moe_churn":9.6}},
{"type":"Feature","geometry":{"type":"Polygon","coordinates":[[[-73.85848731634543,40.87128406011891],[-73.86426604390132,40.87138965023632],[-73.86432616493701,40.86965632371706],[-73.86653818721264,40.86969815578558],[-73.87053738586062,40.86967403208248],[-73.87039742770422,40.86431550908529],[-73.8704211201418,40.86361854600294],[-73.8705793752399,40.86140455442912],[-73.87108262512692,40.85737704063793],[-73.87094462113991,40.85726608100376],[-73.86954868016306,40.8577260303491],[-73.86841539629643,40.85778035864567],[-73.86758752380511,40.85783008965106],[-73.86179069374845,40.85798290436403],[-73.85663664014868,40.85811529395551],[-73.85713237459639,40.85904620478244],[-73.85722128839758,40.859205160811605],[-73.8573131056839,40.859454500573186],[-73.85771028234441,40.862278230995685],[-73.85806098498932,40.86304236026541],[-73.85890956658274,40.864636926124476],[-73.85961281182996,40.865512718615136],[-73.85867298096294,40.865494958216686],[-73.85848731634543,40.87128406011891]]]},"properties":{"nta":"BX1104","name":"Allerton","boro":"Bronx","households":14011,"owner_hh":2301,"renter_hh":11710,"turnover_all":20.5,"turnover_own":19.1,"turnover_rent":20.8,"churn_annual":9.8,"owner_share":16.4,"moe_all":3.2,"moe_own":6.8,"moe_rent":3.6,"moe_churn":7.6}},
{"type":"Feature","geometry":{"type":"Polygon","coordinates":[[[-73.84744396752198,40.88697853116563],[-73.85990952692244,40.890947857019775],[-73.86273972099802,40.8918388928246],[-73.8619822942821,40.89316126278545],[-73.861359278643,40.89466231935567],[-73.86355915622757,40.89537701770613],[-73.86368527749876,40.89432459751947],[-73.86656052862888,40.88975320131999],[-73.86700465377983,40.889073882152694],[-73.8674253674895,40.888086919642284],[-73.86778203613572,40.887084889826305],[-73.86838653947297,40.88514080858037],[-73.86876632494774,40.88422386016842],[-73.86921104987294,40.88332465258204],[-73.87001731653702,40.88234447256421],[-73.87083567707624,40.880454115283015],[-73.87015318464638,40.880350828061786],[-73.87094414681728,40.87850969608353],[-73.869361486625,40.87811174632339],[-73.87019106857842,40.8760532578497],[-73.87031508267007,40.87561752340171],[-73.87037667093458,40.87328437266375],[-73.87056192370083,40.871510778954736],[-73.87053738586062,40.86967403208248],[-73.86653818721264,40.86969815578558],[-73.86432616493701,40.86965632371706],[-73.86426604390132,40.87138965023632],[-73.85848731634543,40.87128406011891],[-73.85661382450314,40.87125016748486],[-73.85651292255208,40.87421779315791],[-73.8536363872702,40.87330059920912],[-73.85143247897098,40.87498727198478],[-73.85068955598965,40.87548667888787],[-73.85093186658378,40.87583001492198],[-73.85172236070235,40.87684337066242],[-73.85254854030978,40.877091586763704],[-73.85091896017336,40.87789344063441],[-73.85186563635438,40.879058865105165],[-73.85207011654009,40.87929765708492],[-73.85248305745532,40.87946370504011],[-73.85156600559458,40.88082536377026],[-73.84798701912715,40.88617211823445],[-73.84744396752198,40.88697853116563]]]},"properties":{"nta":"BX1201","name":"Williamsbridge-Olinville","boro":"Bronx","households":21433,"owner_hh":6548,"renter_hh":14885,"turnover_all":19,"turnover_own":11.7,"turnover_rent":22.2,"churn_annual":9.7,"owner_share":30.6,"moe_all":2.3,"moe_own":3.1,"moe_rent":2.9,"moe_churn":6.3}},
{"type":"Feature","geometry":{"type":"Polygon","coordinates":[[[-73.82023958327838,40.88549105235241],[-73.81683896492486,40.88638794026251],[-73.81519457843602,40.886665676777284],[-73.8140819927236,40.88673402025206],[-73.81276886793779,40.886683973781075],[-73.81101579878748,40.88639612978039],[-73.80850204133272,40.88587122668298],[-73.8079021707881,40.8857804602845],[-73.80675927812123,40.88575400505413],[-73.80604904781619,40.88582272775187],[-73.80520113603046,40.885999956853716],[-73.80328682004375,40.88541555316961],[-73.79937520349799,40.88435197032279],[-73.79449254305852,40.88306825107191],[-73.79322870882001,40.88282259590981],[-73.79300652560885,40.883358737381556],[-73.79385527076472,40.88364331183391],[-73.79628181415382,40.88429088352182],[-73.79732759252047,40.88454106116702],[-73.7993020614586,40.885069054856594],[-73.80192449861639,40.88571296802302],[-73.80290946354833,40.8860306808372],[-73.80755944104463,40.88710889159965],[-73.80872105991985,40.88748059837562],[-73.80989822296443,40.88774054250836],[-73.81126834744677,40.88809890647418],[-73.81516854793065,40.88903776225856],[-73.81601699425887,40.889323833842155],[-73.81661400881315,40.88943342750451],[-73.81827737967693,40.88984713102911],[-73.81948724311633,40.8902899803584],[-73.82061223546845,40.89061328940004],[-73.82285334940228,40.891206829094344],[-73.82337003841566,40.89096729587616],[-73.82347354612,40.8906637609531],[-73.8232946529293,40.89039231075643],[-73.8233818016728,40.889975504906594],[-73.82313461177645,40.889766397130536],[-73.82274972372608,40.88985413470685],[-73.82241637477102,40.88965789464405],[-73.82252377578457,40.88942882441799],[-73.82366848120671,40.889903740295516],[-73.82722429718076,40.89091023355098],[-73.82866341084762,40.89136748488737],[-73.83095773979002,40.89203015890031],[-73.83184500996342,40.89235428002253],[-73.8326780861135,40.89260182633507],[-73.83356849636303,40.892806426846136],[-73.83525790570003,40.89339164405592],[-73.83630541692517,40.89359916638452],[-73.83804277219701,40.89414233138703],[-73.84895037837143,40.89173853135472],[-73.85069084014877,40.89130277212739],[-73.84874153312823,40.89064771486541],[-73.84590568479918,40.88974136988266],[-73.84645600789779,40.88874843469734],[-73.84744396752198,40.88697853116563],[-73.84798701912715,40.88617211823445],[-73.85156600559458,40.88082536377026],[-73.85248305745532,40.87946370504015],[-73.85207011653999,40.87929765708492],[-73.85186563635438,40.879058865105165],[-73.8509189601733,40.87789344063441],[-73.85254854030967,40.87709158676373],[-73.85172236070231,40.876843370662456],[-73.85093186658378,40.87583001492198],[-73.85068955598965,40.87548667888787],[-73.85143247897088,40.87498727198478],[-73.85363638727009,40.87330059920912],[-73.84987645059795,40.87210188139061],[-73.8485967600268,40.87167078513566],[-73.84792613980842,40.871342233579526],[-73.84280443401491,40.868680752570704],[-73.84122362465428,40.867858151350795],[-73.83697021063762,40.865643136401054],[-73.83578436657562,40.8650160119998],[-73.83159619877478,40.862644704422344],[-73.8308168814219,40.86242982661619],[-73.82955552272446,40.862163211186704],[-73.83022388383856,40.86342952883151],[-73.83075292685189,40.86467593660106],[-73.83264403297201,40.86823695629476],[-73.83381363314302,40.8707451623395],[-73.83433720992757,40.87202702303185],[-73.83456586603894,40.872699008880375],[-73.83480217810622,40.8737245095921],[-73.83489228500123,40.87489713802154],[-73.83489248330824,40.87507093688319],[-73.83477909431652,40.87617307765225],[-73.83445170633568,40.877274141717166],[-73.83376910749529,40.878720128785915],[-73.83245983015956,40.8802071386087],[-73.8314448677522,40.881106608802114],[-73.83050087894662,40.881770199751024],[-73.82904936375921,40.8826221548189],[-73.82606308664143,40.88415283671794],[-73.82661159041312,40.884649244869415],[-73.82526100588376,40.88509513738509],[-73.82205817252984,40.88610821918949],[-73.82191773374547,40.88612623777766],[-73.82146031168719,40.88607398690415],[-73.82107546986947,40.88585419437352],[-73.82081880223967,40.885343317439734],[-73.82023958327838,40.88549105235241]]]},"properties":{"nta":"BX1202","name":"Eastchester-Edenwald-Baychester","boro":"Bronx","households":17506,"owner_hh":7743,"renter_hh":9763,"turnover_all":13.2,"turnover_own":12.7,"turnover_rent":13.6,"churn_annual":7.9,"owner_share":44.2,"moe_all":2.6,"moe_own":4,"moe_rent":3.2,"moe_churn":9.1}},
{"type":"Feature","geometry":{"type":"Polygon","coordinates":[[[-73.84895037837143,40.89173853135472],[-73.83839199057287,40.894067008047344],[-73.83964812680534,40.897330535338995],[-73.83966433123406,40.8978855156072],[-73.83927240410054,40.898660546075135],[-73.83918148153383,40.898986818088076],[-73.83924604675511,40.899501154550975],[-73.8406532745744,40.90140351285537],[-73.8408654604904,40.90186243376127],[-73.84113152789418,40.90350372839728],[-73.84138689238422,40.904172741533245],[-73.84441319466502,40.904171330550824],[-73.84489264842898,40.90419086729802],[-73.84492921919707,40.90466300376901],[-73.84481886918655,40.90552995017652],[-73.84538061050861,40.9056558080873],[-73.84708032914374,40.906156732530505],[-73.84863913131755,40.90680652266817],[-73.85017317419612,40.90750786564983],[-73.8509205929659,40.90661649448888],[-73.85228059578894,40.90708126662437],[-73.85347522267351,40.907530293525184],[-73.85107116095503,40.91037152022097],[-73.85149242370102,40.910271640498124],[-73.8522745155013,40.909854100145076],[-73.85266035825745,40.91001519416266],[-73.85258474662083,40.91031061706313],[-73.85295618355188,40.91035304417856],[-73.85335351798606,40.9100431407514],[-73.85360061654038,40.90960674145013],[-73.85391645962615,40.90946560394374],[-73.85458940455754,40.90893949929683],[-73.85491109585308,40.90835486983326],[-73.85471078184983,40.90800631044377],[-73.85383360911264,40.90797434981867],[-73.85374103564406,40.90778791723747],[-73.85423776598559,40.90703286825344],[-73.85513792016846,40.906866889140346],[-73.85552697672837,40.906380251458486],[-73.85595622555839,40.90621850373748],[-73.85655732456593,40.90626203284515],[-73.85692398113837,40.9059741701104],[-73.85650251628125,40.90556384879512],[-73.85601160773105,40.90548208344005],[-73.8560102332303,40.90530598362625],[-73.85665436756425,40.905055000781694],[-73.85717765921405,40.90528654165973],[-73.85743457529816,40.904841544202085],[-73.85699157280402,40.90458421006768],[-73.85717176236315,40.90408206543563],[-73.85711090413734,40.9036495326953],[-73.85755967591301,40.90291779646053],[-73.85796932195889,40.902850907686215],[-73.85816460144906,40.90259586105979],[-73.8581599991654,40.90230571020182],[-73.85872824700877,40.90228897107134],[-73.85910498683553,40.902644455434],[-73.85957882881917,40.902440843273325],[-73.85946389891883,40.90193387763297],[-73.85886401228039,40.901711695048654],[-73.8590270408588,40.90144491025542],[-73.85941984002902,40.90139312551417],[-73.85907692208467,40.90100799360179],[-73.85946778634425,40.90051720976883],[-73.86134100746007,40.90111157030059],[-73.86202342451993,40.90118777668974],[-73.8627985057914,40.90153552272544],[-73.8630508557648,40.901508084037964],[-73.86477258151059,40.902012441872415],[-73.86565794237514,40.90224320753958],[-73.86789798496261,40.90294017690395],[-73.86820270216893,40.90235538344287],[-73.86901098032162,40.901559326391386],[-73.86962979012482,40.90106418845221],[-73.87024855517153,40.900652992441834],[-73.8711426760178,40.90014277193726],[-73.87174910158618,40.89985232936463],[-73.8737246152797,40.899056354429355],[-73.8743271367086,40.89874523461792],[-73.87505703937408,40.898272456392434],[-73.87567578422369,40.897751158870165],[-73.87643742976617,40.89687059396146],[-73.87683446000793,40.896185286047846],[-73.8771197401737,40.89546866431286],[-73.87480618048552,40.89572568830844],[-73.87048672487636,40.89664021168233],[-73.87006981038462,40.8965907374179],[-73.86491632411,40.895749496035734],[-73.86355915622757,40.89537701770613],[-73.861359278643,40.89466231935567],[-73.8619822942821,40.89316126278545],[-73.86273972099802,40.8918388928246],[-73.85990952692244,40.890947857019775],[-73.84744396752198,40.88697853116563],[-73.84645600789779,40.88874843469734],[-73.84590568479933,40.88974136988266],[-73.84874153312819,40.89064771486541],[-73.85069084014889,40.89130277212733],[-73.84895037837143,40.89173853135472]]]},"properties":{"nta":"BX1203","name":"Wakefield-Woodlawn","boro":"Bronx","households":18594,"owner_hh":8483,"renter_hh":10111,"turnover_all":18.9,"turnover_own":12.6,"turnover_rent":24.1,"churn_annual":7.4,"owner_share":45.6,"moe_all":2.5,"moe_own":3.3,"moe_rent":3.5,"moe_churn":8}},
{"type":"Feature","geometry":{"type":"MultiPolygon","coordinates":[[[[-74.00095868350955,40.6940690835824],[-74.00026872245725,40.69496580308072],[-74.00239802583796,40.69571165536724],[-74.00301393697016,40.694777844479354],[-74.00095868350955,40.6940690835824]]],[[[-73.99837760531686,40.698063296146245],[-74.00048768562517,40.6987577781373],[-74.00104903057519,40.69790823569245],[-73.99887117053628,40.69715757704475],[-73.99837760531686,40.698063296146245]]],[[[-73.99799957452076,40.69879768554446],[-73.99749898221943,40.6996388693214],[-73.99947463838915,40.70032277751597],[-74.00001840433615,40.69946604807386],[-73.99802102681083,40.69876173657396],[-73.99799957452076,40.69879768554446]]],[[[-73.99669768931422,40.700876976917264],[-73.99513826774651,40.70297411472304],[-73.9961922722873,40.70337714136688],[-73.99813879899439,40.7015187882486],[-73.99780162786301,40.70131939476647],[-73.9968218908586,40.70099078282804],[-73.99669768931422,40.700876976917264]]],[[[-73.99480038186812,40.7032919586447],[-73.99529346700928,40.7035540658982],[-73.99544564312066,40.70327530597453],[-73.99502134495074,40.70314786924685],[-73.99480038186812,40.7032919586447]]],[[[-74.01232543587778,40.71887245341174],[-74.01255468765247,40.719069863026185],[-74.01270167874436,40.719091775326994],[-74.0130306812643,40.71913145581929],[-74.01321322719193,40.718315719895976],[-74.01494515549345,40.71854353557991],[-74.01500060682395,40.718449235552605],[-74.01662996338204,40.71866536895299],[-74.01671018605823,40.718624176058164],[-74.01757952508993,40.71359549038384],[-74.01632006627594,40.71340798298106],[-74.01661840078312,40.712756150532435],[-74.01662424425272,40.71215731849296],[-74.01780037888389,40.71234512415872],[-74.01811057789187,40.71102962871723],[-74.01885500911968,40.708047534447644],[-74.01819029259627,40.70782162560752],[-74.0185303375209,40.7069507329132],[-74.01876193971357,40.707075784862056],[-74.01912275963426,40.70697581484019],[-74.01934155704542,40.70607053820422],[-74.01892572382424,40.70477376307302],[-74.01811302905885,40.704553602333924],[-74.01865886498037,40.70442877929029],[-74.01844704604943,40.704162354962186],[-74.01784441018671,40.70424203993822],[-74.01757035573978,40.70418388098684],[-74.01713123827543,40.70428253640634],[-74.01662761095643,40.704799431339794],[-74.01565756552223,40.7048330880534],[-74.01428922860929,40.7045490758554],[-74.01425523881004,40.70442547234246],[-74.01442983104556,40.70315064778921],[-74.01431188417205,40.70286433263709],[-74.01383440917506,40.70240570154095],[-74.01380832851315,40.70213884250962],[-74.01401128818107,40.70197612433082],[-74.0139791258922,40.70153107161297],[-74.01355826959482,40.700939870830716],[-74.01348560832749,40.700478223411174],[-74.0123916003227,40.70062052759165],[-74.01208842091677,40.70008658368967],[-74.01185672556994,40.70010710340862],[-74.01208668148655,40.700681308739476],[-74.01110886351545,40.70090142010393],[-74.01128983905515,40.701249981741896],[-74.01105603841502,40.70145418141226],[-74.00958483017598,40.70183738506087],[-74.00862036163858,40.70055216321093],[-74.00834927559107,40.70066934889101],[-74.00853611510774,40.70091969574527],[-74.00759136204209,40.70132808054572],[-74.00775549084597,40.701548001672066],[-74.00869964313567,40.701139867542445],[-74.00929072600606,40.701930071822154],[-74.00911037361753,40.70198387101384],[-74.00769798694172,40.70284927854697],[-74.00752714979265,40.70311498141635],[-74.00678502191037,40.70356812690033],[-74.00549427805096,40.70243138095063],[-74.00530412596079,40.70255986563326],[-74.00659591913875,40.70368590245202],[-74.00614106753558,40.703980973938194],[-74.00602048555055,40.703874900102086],[-74.0040566643926,40.70514736343912],[-74.00286689781494,40.7040752255118],[-74.00262896407828,40.70422295278164],[-74.00383327532255,40.70530324352915],[-74.00332307270787,40.70562859522028],[-74.00217184941894,40.70460659646387],[-74.00197070397945,40.70473786748226],[-74.00241573476919,40.705129311282704],[-74.00256965059467,40.70552357952368],[-74.00206142563806,40.70541700463581],[-74.0014543741884,40.70487330292971],[-74.0005924020935,40.70541007840852],[-74.00140666691954,40.70617938802082],[-74.00098276691729,40.706416713495734],[-74.0011868526283,40.70685982526937],[-74.00023380459713,40.707347142989605],[-73.99994855949784,40.7075914963712],[-73.99913434786868,40.707982396946136],[-73.99937681738193,40.70817992532228],[-74.0000648350309,40.708723431340076],[-74.00271374252866,40.71082827564056],[-74.00373096653595,40.711656729480936],[-74.003971259322,40.71182237061822],[-74.00400706295,40.711851415541034],[-74.00441668908871,40.71219387327817],[-74.00448924609401,40.71254672281624],[-74.00441150286781,40.71269773328911],[-74.00527561892594,40.71224944049555],[-74.00574044602706,40.71208875804177],[-74.00701799899997,40.711783953321195],[-74.00750661107317,40.71166896363562],[-74.00790474731294,40.711736919390006],[-74.00820388204622,40.71149548055672],[-74.00796787713409,40.71144733312347],[-74.00834760912973,40.7113585455542],[-74.00883879468182,40.7115039593422],[-74.01167912848746,40.71278054809791],[-74.01254692332137,40.713166857218624],[-74.01372415026891,40.71367830965943],[-74.01343897464177,40.71443041946658],[-74.01321811586261,40.71520821640237],[-74.01268806087677,40.71729809555804],[-74.01232543587778,40.71887245341174]]]]},"properties":{"nta":"MN0101","name":"Financial District-Battery Park City","boro":"Manhattan","households":23144,"owner_hh":6311,"renter_hh":16833,"turnover_all":46.1,"turnover_own":20.7,"turnover_rent":55.6,"churn_annual":22.9,"owner_share":27.3,"moe_all":3.3,"moe_own":4.6,"moe_rent":3.9,"moe_churn":8.6}},
{"type":"Feature","geometry":{"type":"Polygon","coordinates":[[[-73.99931241612073,40.71755024177758],[-74.00127273274153,40.718961426446135],[-74.0046351609051,40.721353633240945],[-74.005227160865,40.72174410356568],[-74.00629841644647,40.72254950366819],[-74.0093176035701,40.724701551891805],[-74.01081238106582,40.7257898025561],[-74.0109227719211,40.725794151348516],[-74.01123470847256,40.72426563295224],[-74.01196432049132,40.724329864742494],[-74.01253875807262,40.72150317657655],[-74.0131037691495,40.721554595973934],[-74.0131606660723,40.72125396319485],[-74.01562245781948,40.7215434536739],[-74.0156947190724,40.72120642537813],[-74.01289730270861,40.72086804547342],[-74.01299980679079,40.720333090750216],[-74.0163057327678,40.72072702003839],[-74.01637848291469,40.72037660832847],[-74.0155736409659,40.7202432939624],[-74.0134137651288,40.72001948251695],[-74.01345505633182,40.719801707426384],[-74.01290892764018,40.71973485170661],[-74.01303068126435,40.71913145581929],[-74.01270167874436,40.719091775326994],[-74.01255468765247,40.719069863026185],[-74.01232543587778,40.71887245341174],[-74.01268806087677,40.71729809555804],[-74.01321811586261,40.71520821640237],[-74.01343897464182,40.71443041946654],[-74.01372415026891,40.71367830965943],[-74.01254692332137,40.713166857218624],[-74.01167912848746,40.71278054809791],[-74.00883879468182,40.7115039593422],[-74.00834760912973,40.7113585455542],[-74.00796787713409,40.71144733312347],[-74.00820388204622,40.71149548055672],[-74.00790474731294,40.711736919390006],[-74.00750661107321,40.71166896363562],[-74.00701799899997,40.711783953321195],[-74.0057404460271,40.71208875804174],[-74.00527561892599,40.71224944049555],[-74.00441150286781,40.71269773328911],[-74.00448924609401,40.71254672281624],[-74.00441668908871,40.71219387327814],[-74.00400706295,40.711851415541034],[-74.003971259322,40.71182237061822],[-74.00373096653595,40.711656729480936],[-74.00141934562184,40.709814795772104],[-74.0005098596514,40.71098427045357],[-74.00072594131632,40.71124711768066],[-74.00087276307242,40.71169696831581],[-74.00093174200283,40.713263253045476],[-74.00156635547326,40.71368306399954],[-74.00096840382477,40.713905596114685],[-74.00074652283325,40.714510353738596],[-74.00045462977894,40.71436504759906],[-74.00052734788574,40.715170059365484],[-74.00078955054066,40.71529096840161],[-74.00013820907833,40.716199730562494],[-73.99931241612073,40.71755024177758]]]},"properties":{"nta":"MN0102","name":"Tribeca-Civic Center","boro":"Manhattan","households":9638,"owner_hh":3865,"renter_hh":5773,"turnover_all":33.6,"turnover_own":18.4,"turnover_rent":43.8,"churn_annual":26,"owner_share":40.1,"moe_all":3.2,"moe_own":5,"moe_rent":4.2,"moe_churn":10.1}},
{"type":"Feature","geometry":{"type":"Polygon","coordinates":[[[-74.00281726484997,40.72836312980689],[-74.01054872124601,40.72910068335097],[-74.01064289761028,40.728172108377805],[-74.01138323516679,40.728229272870024],[-74.01154201897604,40.72644734692726],[-74.01512356549462,40.726793942564726],[-74.01516324118435,40.726319712439555],[-74.01231588417463,40.72603384278297],[-74.01165326569942,40.725871761851536],[-74.01196432049132,40.724329864742494],[-74.01123470847256,40.72426563295224],[-74.0109227719211,40.725794151348516],[-74.01081238106582,40.7257898025561],[-74.0093176035701,40.724701551891805],[-74.00629841644647,40.72254950366819],[-74.005227160865,40.72174410356568],[-74.0046351609051,40.721353633240945],[-74.00127273274153,40.718961426446135],[-73.99931241612073,40.71755024177758],[-73.9985892550198,40.71709951153728],[-73.99605872612268,40.71623164071364],[-73.99542875812696,40.71727924304803],[-73.99480778889196,40.71845742685302],[-73.99407263067107,40.72024349190821],[-73.99333917242919,40.72214114067458],[-73.99263254954289,40.724056865655164],[-73.99260322198438,40.72413644968358],[-73.99532907805332,40.725083740231476],[-73.99677175711443,40.725431943502805],[-73.99761019459693,40.72579713910515],[-74.00281726484997,40.72836312980689]]]},"properties":{"nta":"MN0201","name":"SoHo-Little Italy-Hudson Square","boro":"Manhattan","households":11840,"owner_hh":2687,"renter_hh":9153,"turnover_all":34.3,"turnover_own":23.7,"turnover_rent":37.4,"churn_annual":18.9,"owner_share":22.7,"moe_all":3.1,"moe_own":8.3,"moe_rent":2.7,"moe_churn":13.2}},
{"type":"Feature","geometry":{"type":"Polygon","coordinates":[[[-73.9899029597005,40.73443479013707],[-73.99075396728541,40.734839155076365],[-73.99171498619222,40.735215301169255],[-73.99683993860414,40.73736088990093],[-74.00141242386637,40.73106525649165],[-74.00215659160689,40.72975679045379],[-74.00281726484997,40.72836312980689],[-73.99761019459693,40.72579713910515],[-73.99677175711443,40.725431943502805],[-73.99532907805332,40.725083740231476],[-73.99260322198438,40.72413644968358],[-73.99179396131375,40.72639179586429],[-73.99138898249227,40.72749770114226],[-73.99097394420761,40.729195707209264],[-73.9905055844942,40.730564957742956],[-73.99039009870532,40.73128852433012],[-73.98986852051472,40.733527114554995],[-73.9899029597005,40.73443479013707]]]},"properties":{"nta":"MN0202","name":"Greenwich Village","boro":"Manhattan","households":15537,"owner_hh":6311,"renter_hh":9226,"turnover_all":28.3,"turnover_own":13.6,"turnover_rent":38.4,"churn_annual":27.8,"owner_share":40.6,"moe_all":2.6,"moe_own":3.2,"moe_rent":3.5,"moe_churn":7.4}},
{"type":"Feature","geometry":{"type":"Polygon","coordinates":[[[-74.00915345103353,40.742496188058894],[-74.00932113973238,40.74224424271675],[-74.01012563710833,40.742575831777195],[-74.01029100591911,40.74235852514237],[-74.01083987411933,40.742596734022634],[-74.01139609242074,40.741822813235274],[-74.0103835807221,40.741397854029344],[-74.01020818993538,40.74160753792842],[-74.0096192344045,40.74136361101753],[-74.00941140266131,40.74115409331305],[-74.00963145571748,40.74064536687183],[-74.01137438820497,40.74072394814408],[-74.01146073955348,40.74058421525526],[-74.01158818724899,40.73927159489523],[-74.0103930306848,40.73917429605941],[-74.01045432864593,40.73836450522317],[-74.01105126196646,40.73839642625337],[-74.0110870663594,40.738092749578875],[-74.0104765981442,40.73806394059523],[-74.0106429201788,40.73604869770505],[-74.01081359479102,40.73428344314517],[-74.01200124222385,40.734338400663795],[-74.01201791944403,40.73406374445656],[-74.01083284563205,40.73400709350859],[-74.01090389883285,40.73329761713975],[-74.01399957240966,40.73333227751791],[-74.01400220214607,40.73306800179563],[-74.0109411822674,40.733007762766924],[-74.01116195696476,40.730450676349214],[-74.01401552295431,40.73068283965627],[-74.01407741391151,40.730640409690636],[-74.01434461474166,40.72862218378165],[-74.01439069866335,40.72846304802296],[-74.01138323516679,40.728229272870024],[-74.01064289761028,40.728172108377805],[-74.01054872124601,40.72910068335097],[-74.00281726484997,40.72836312980689],[-74.00215659160689,40.72975679045379],[-74.00141242386637,40.73106525649165],[-73.99683993860414,40.73736088990093],[-73.99968422973271,40.738552474318816],[-74.00869902208262,40.74236172446615],[-74.00915345103353,40.742496188058894]],[[-74.00937125244927,40.742185150284826],[-74.00923779939568,40.74207162766066],[-74.00936174828301,40.7414236242446],[-74.00956912252538,40.741422703061644],[-74.01016559689424,40.7416723485763],[-74.0098223415751,40.74216605205829],[-74.00937125244927,40.742185150284826]]]},"properties":{"nta":"MN0203","name":"West Village","boro":"Manhattan","households":18404,"owner_hh":5533,"renter_hh":12871,"turnover_all":34.3,"turnover_own":13.9,"turnover_rent":43.1,"churn_annual":19.2,"owner_share":30.1,"moe_all":3.1,"moe_own":3.8,"moe_rent":3.6,"moe_churn":8.5}},
{"type":"Feature","geometry":{"type":"Polygon","coordinates":[[[-73.99937681738193,40.70817992532228],[-73.99913434786863,40.70798239694609],[-73.99880846276645,40.708200134490276],[-73.99808351186998,40.708509615869886],[-73.99728287195578,40.708731619843086],[-73.99517577369834,40.70903429381047],[-73.99414063200345,40.70923326740011],[-73.99374012862224,40.7092461209381],[-73.9913510923706,40.7096203327035],[-73.98873681707516,40.70997074234784],[-73.98863658005804,40.7099120615164],[-73.98849727173871,40.70917630579592],[-73.98814626172096,40.70915916701502],[-73.98449647010706,40.7095096644421],[-73.98470278689686,40.71070201588442],[-73.98511380650824,40.713351257026694],[-73.98522844623366,40.71379292643618],[-73.98534404351345,40.714461578232836],[-73.98585437560017,40.714420135766616],[-73.9871662796891,40.714312057545854],[-73.98840468949098,40.71421005195973],[-73.98933656444504,40.71413337601421],[-73.99022012603876,40.71440493989813],[-73.99020235909222,40.714664430893045],[-73.98915463750744,40.716708646771785],[-73.9899501906863,40.7169719755547],[-73.99382785532453,40.71814447755253],[-73.99480778889196,40.71845742685302],[-73.99542875812696,40.71727924304803],[-73.99605872612268,40.71623164071364],[-73.9985892550198,40.71709951153728],[-73.99931241612073,40.71755024177758],[-74.00013820907833,40.716199730562494],[-74.00078955054066,40.71529096840161],[-74.00052734788574,40.715170059365484],[-74.00045462977894,40.71436504759906],[-74.00074652283325,40.714510353738596],[-74.00096840382477,40.713905596114685],[-74.00156635547326,40.71368306399954],[-74.00093174200283,40.713263253045476],[-74.00087276307242,40.71169696831581],[-74.00072594131632,40.71124711768066],[-74.0005098596514,40.71098427045357],[-74.00141934562184,40.709814795772104],[-74.0000648350309,40.708723431340076],[-73.99937681738193,40.70817992532228]]]},"properties":{"nta":"MN0301","name":"Chinatown-Two Bridges","boro":"Manhattan","households":18246,"owner_hh":1989,"renter_hh":16257,"turnover_all":14.1,"turnover_own":10.6,"turnover_rent":14.5,"churn_annual":7.2,"owner_share":10.9,"moe_all":2.6,"moe_own":6.8,"moe_rent":2.9,"moe_churn":11}},
{"type":"Feature","geometry":{"type":"MultiPolygon","coordinates":[[[[-73.98232944150546,40.7055520336641],[-73.98230205183854,40.705736979902404],[-73.9810173390096,40.70579750596535],[-73.98102390618274,40.70589891389373],[-73.9824228717988,40.70582205494961],[-73.98237340439913,40.70554335043761],[-73.98232944150546,40.7055520336641]]],[[[-73.97357185653394,40.71859722992405],[-73.97474239882223,40.71884079474656],[-73.97506051050303,40.718785451244116],[-73.97545167479797,40.718946559928376],[-73.97722379174816,40.719309775859564],[-73.97875234830163,40.71993370711215],[-73.9871358474217,40.722469811623306],[-73.9893921810376,40.72317405899775],[-73.99260322198428,40.72413644968361],[-73.99263254954289,40.724056865655164],[-73.99333917242919,40.72214114067458],[-73.99407263067107,40.72024349190821],[-73.99480778889186,40.71845742685302],[-73.99382785532457,40.71814447755253],[-73.98995019068624,40.71697197555474],[-73.9891546375074,40.71670864677182],[-73.99020235909205,40.714664430893045],[-73.99022012603865,40.71440493989818],[-73.98933656444504,40.714133376014246],[-73.98840468949098,40.71421005195973],[-73.9871662796891,40.714312057545854],[-73.98585437560017,40.714420135766616],[-73.9853440435134,40.714461578232864],[-73.98522844623366,40.71379292643618],[-73.9851138065082,40.713351257026694],[-73.98470278689686,40.71070201588442],[-73.98449647010712,40.7095096644421],[-73.98124579569932,40.709826215104044],[-73.98128647552548,40.71021834788182],[-73.98033652490477,40.710359200212295],[-73.97825557749216,40.71049790905548],[-73.97789949619433,40.71059986620255],[-73.97705659401758,40.71119762596446],[-73.97642872514517,40.71190903250389],[-73.9760498138943,40.71260419428054],[-73.97490904076973,40.71511219192409],[-73.97410129682494,40.71709401364574],[-73.97357185653394,40.71859722992405]]]]},"properties":{"nta":"MN0302","name":"Lower East Side","boro":"Manhattan","households":22062,"owner_hh":5555,"renter_hh":16507,"turnover_all":21.6,"turnover_own":10.4,"turnover_rent":25.4,"churn_annual":9.8,"owner_share":25.2,"moe_all":2.3,"moe_own":3,"moe_rent":2.8,"moe_churn":6.5}},
{"type":"Feature","geometry":{"type":"MultiPolygon","coordinates":[[[[-73.96427462409184,40.720575767593864],[-73.96420193010492,40.72065389425693],[-73.96484284863446,40.721464176094834],[-73.96495059736658,40.72142418210708],[-73.96427462409184,40.720575767593864]]],[[[-73.97357185653394,40.71859722992405],[-73.97314808331096,40.71999057325979],[-73.97203666966882,40.72468407002028],[-73.97162697271706,40.726628453499636],[-73.97205015281106,40.72688094679736],[-73.97566782459063,40.728462532509226],[-73.97802697796664,40.72943306011242],[-73.98034007500232,40.73044246137657],[-73.98255629231726,40.7313501345547],[-73.98990295970046,40.73443479013707],[-73.9898685205146,40.733527114554995],[-73.9903900987052,40.731288524330154],[-73.9905055844942,40.730564957743006],[-73.99097394420757,40.729195707209264],[-73.99138898249227,40.72749770114226],[-73.99179396131375,40.72639179586429],[-73.99260322198428,40.72413644968361],[-73.9893921810376,40.72317405899775],[-73.9871358474217,40.722469811623306],[-73.97875234830163,40.71993370711215],[-73.97722379174816,40.719309775859564],[-73.97545167479797,40.718946559928376],[-73.97506051050303,40.718785451244116],[-73.97474239882223,40.71884079474656],[-73.97357185653394,40.71859722992405]]]]},"properties":{"nta":"MN0303","name":"East Village","boro":"Manhattan","households":33560,"owner_hh":5115,"renter_hh":28445,"turnover_all":32.7,"turnover_own":13,"turnover_rent":36.3,"churn_annual":21.8,"owner_share":15.2,"moe_all":2.5,"moe_own":4.2,"moe_rent":2.8,"moe_churn":6.5}},
{"type":"Feature","geometry":{"type":"Polygon","coordinates":[[[-74.00178824022314,40.76229452014182],[-74.00220082073271,40.76172843272924],[-74.00439976203518,40.76267135909899],[-74.00454520983429,40.76249280144242],[-74.0023352806396,40.761543727001815],[-74.00278691552613,40.76092896970349],[-74.00313338991401,40.76107834509648],[-74.00392854933564,40.76000301972061],[-74.00414863814689,40.759835914170964],[-74.00420629125391,40.759501707688564],[-74.00450483093915,40.75908499705544],[-74.00631515935251,40.75984282204481],[-74.00652959987846,40.75987475174394],[-74.0070035890402,40.759231870843806],[-74.0069642874931,40.75916005756179],[-74.00503105070543,40.75835701597075],[-74.00527894797891,40.75802855492844],[-74.00480392560185,40.75780984316488],[-74.00521187705777,40.757231999042666],[-74.00541885841011,40.75732314085194],[-74.00761949611847,40.75428184127169],[-74.00847895572794,40.75201857141748],[-74.00905774009662,40.75221435124337],[-74.00914082120002,40.75209759409922],[-74.00853256925016,40.75188360880192],[-74.00900098259461,40.750648184285346],[-74.01056463476449,40.751321462604054],[-74.01067737532622,40.75102267497965],[-74.00910453215725,40.750371069730505],[-74.00925340917924,40.749985206224686],[-74.0095617474735,40.749969974696896],[-74.00994817938037,40.748931988508446],[-74.01107797059215,40.749051643117426],[-74.01116687561544,40.74864504676633],[-74.00894606502322,40.74841189316889],[-74.00905847901343,40.74778564533301],[-74.01126611253964,40.74801371918134],[-74.01135675337719,40.7475924178444],[-74.00913736259926,40.74735976280317],[-74.00924314658668,40.746762790251324],[-74.01144491250467,40.74698628502863],[-74.01153382764755,40.74656775420988],[-74.00936362734237,40.74633560247998],[-74.00946389855972,40.74575014365962],[-74.01012821388653,40.74585723943174],[-74.01163451251723,40.74597839430372],[-74.01173958552825,40.74551991869295],[-74.00955832929749,40.74528882529887],[-74.00961227858333,40.744997903150754],[-74.00872986359421,40.74488153782985],[-74.00890032962842,40.7439179270962],[-74.00943800870859,40.743971254970646],[-74.0095120176736,40.74367609325786],[-74.01202085006399,40.743939770208996],[-74.0121194002866,40.74351661218273],[-74.00958464345696,40.74326351998068],[-74.00962015348905,40.74295124788734],[-74.00909156846187,40.74288614856998],[-74.00915345103353,40.742496188058894],[-74.00869902208262,40.74236172446615],[-73.99968422973271,40.738552474318816],[-73.99683993860414,40.73736088990093],[-73.99416078183029,40.74102882279613],[-73.99141858494612,40.74480268299892],[-73.99709902854308,40.747205102042415],[-73.99346417670151,40.75219005526781],[-73.99163271156428,40.75470680500966],[-73.99729876461934,40.75710704073607],[-73.99692177805065,40.75763758219793],[-73.99547450167069,40.759626857017714],[-73.9983121118473,40.76082206902151],[-74.00178824022314,40.76229452014182]]]},"properties":{"nta":"MN0401","name":"Chelsea-Hudson Yards","boro":"Manhattan","households":35994,"owner_hh":9225,"renter_hh":26769,"turnover_all":34.6,"turnover_own":12.4,"turnover_rent":42.2,"churn_annual":16.7,"owner_share":25.6,"moe_all":2.3,"moe_own":3.3,"moe_rent":2.7,"moe_churn":5.9}},
{"type":"Feature","geometry":{"type":"Polygon","coordinates":[[[-73.99383108136979,40.77293178835342],[-73.99416328456314,40.772487190518916],[-73.99434191991611,40.77252478244623],[-73.99612087994674,40.773275391093215],[-73.99622972001933,40.77312897454292],[-73.99444501293378,40.77237712658852],[-73.99477407930827,40.77192954753038],[-73.99687291449135,40.77281748122877],[-73.99707328103203,40.772542868399555],[-73.99497688494722,40.77165877542609],[-73.99530566365347,40.771196004909726],[-73.99582805886232,40.77142166722263],[-73.99600175749052,40.77130746533075],[-73.99542474436292,40.771031615168134],[-73.99631327022085,40.769798836336626],[-73.99876206848202,40.77082505670939],[-73.99902682832892,40.770463272982276],[-73.9965712643956,40.769424568274005],[-73.99707176039315,40.76873264357708],[-73.99947253734007,40.76976421496932],[-73.999728191901,40.769473506633915],[-73.9964571540504,40.76809881579582],[-73.99715588949206,40.76712869617297],[-74.00038586489072,40.7685041954295],[-74.00062837395299,40.76820311105892],[-73.99737808447956,40.76682338537458],[-73.99806675905349,40.765871881638446],[-73.99815678438965,40.7658940353743],[-74.00129391014995,40.76724145874433],[-74.00154217871203,40.76694470253285],[-73.99828160709531,40.76556777443239],[-73.998695730373,40.765174765679774],[-73.99857638530527,40.764998607270996],[-73.99888473174973,40.76456937755128],[-74.00202454330329,40.765893266570565],[-74.00227436576267,40.76552518109978],[-73.99915098087908,40.76420525958292],[-73.99962263458175,40.76355908121067],[-73.99992712367724,40.76340652847956],[-74.00294809515715,40.76461683542896],[-74.00314976988986,40.76433288818485],[-74.0009730802201,40.763420271725884],[-74.00138603698596,40.762850095002065],[-74.00361214794175,40.7637770439099],[-74.00375735037694,40.76358224164074],[-74.00153309066982,40.7626445986304],[-74.00178824022314,40.76229452014182],[-73.9983121118473,40.76082206902151],[-73.99547450167074,40.759626857017714],[-73.99692177805065,40.75763758219793],[-73.99729876461925,40.75710704073607],[-73.99163271156424,40.75470680500966],[-73.98979085269418,40.75723313191893],[-73.98313166741198,40.76636698305537],[-73.98236353955835,40.7673880741734],[-73.98521720261179,40.76859463045802],[-73.99378189746184,40.772199091447774],[-73.99332519689008,40.77283148004022],[-73.99383108136979,40.77293178835342]]]},"properties":{"nta":"MN0402","name":"Hell's Kitchen","boro":"Manhattan","households":32736,"owner_hh":5181,"renter_hh":27555,"turnover_all":35.7,"turnover_own":26.2,"turnover_rent":37.6,"churn_annual":19.1,"owner_share":15.8,"moe_all":2.5,"moe_own":5.7,"moe_rent":2.7,"moe_churn":7.3}},
{"type":"Feature","geometry":{"type":"Polygon","coordinates":[[[-73.98085054350298,40.74775037037825],[-73.98729376963958,40.750451609326205],[-73.98776905879744,40.74978702944447],[-73.99346417670151,40.75219005526781],[-73.99709902854308,40.747205102042415],[-73.99141858494612,40.74480268299892],[-73.99416078183029,40.74102882279613],[-73.99683993860414,40.73736088990093],[-73.99171498619222,40.735215301169255],[-73.99075396728541,40.734839155076365],[-73.9899029597005,40.73443479013707],[-73.98995101378516,40.73502840188908],[-73.98987421282683,40.73540825891736],[-73.98817910247622,40.73773074905847],[-73.9873015480288,40.73890302603654],[-73.98407485194073,40.743324718416666],[-73.98134068661598,40.747078663682586],[-73.98085054350298,40.74775037037825]]]},"properties":{"nta":"MN0501","name":"Midtown South-Flatiron-Union Square","boro":"Manhattan","households":15619,"owner_hh":4620,"renter_hh":10999,"turnover_all":41.3,"turnover_own":16,"turnover_rent":51.9,"churn_annual":27.7,"owner_share":29.6,"moe_all":2.8,"moe_own":4.4,"moe_rent":2.9,"moe_churn":6.9}},
{"type":"Feature","geometry":{"type":"Polygon","coordinates":[[[-73.97301487176121,40.76427887944539],[-73.97363584544792,40.76456991427832],[-73.97907658623869,40.76687608680492],[-73.98149121360566,40.767881199603515],[-73.9815712087372,40.76780705709449],[-73.98167269768982,40.767750116530216],[-73.98172960220704,40.76772923372397],[-73.98178946751986,40.767713863520996],[-73.98211061400892,40.767744476546305],[-73.9823635395584,40.76738807417335],[-73.98313166741198,40.76636698305537],[-73.98979085269418,40.75723313191893],[-73.99163271156428,40.75470680500966],[-73.99346417670151,40.75219005526781],[-73.98776905879744,40.74978702944447],[-73.98729376963958,40.750451609326205],[-73.98085054350298,40.74775037037825],[-73.97767660455384,40.752118937380985],[-73.97834876909162,40.752410130141755],[-73.97651569358025,40.754974263345105],[-73.97580739271987,40.75467727461167],[-73.96980028759536,40.762913512630256],[-73.97301487176121,40.76427887944539]]]},"properties":{"nta":"MN0502","name":"Midtown-Times Square","boro":"Manhattan","households":13384,"owner_hh":3664,"renter_hh":9720,"turnover_all":37.6,"turnover_own":19.6,"turnover_rent":44.4,"churn_annual":19,"owner_share":27.4,"moe_all":4.1,"moe_own":7.1,"moe_rent":4.8,"moe_churn":9.2}},
{"type":"Feature","geometry":{"type":"Polygon","coordinates":[[[-73.97444064950444,40.73531677190043],[-73.9750736174147,40.73536962854286],[-73.97636373273296,40.735867977808276],[-73.97833820564574,40.73672147104454],[-73.97854094493694,40.736887659360356],[-73.97857449689259,40.736677281906566],[-73.97890917295847,40.736164125965274],[-73.98064498826052,40.73377931950949],[-73.98088975663019,40.733437071428106],[-73.98232282456816,40.73149789086889],[-73.98255629231726,40.7313501345547],[-73.98034007500232,40.73044246137657],[-73.97802697796664,40.72943306011242],[-73.97566782459063,40.728462532509226],[-73.97205015281106,40.72688094679736],[-73.97162697271706,40.726628453499636],[-73.97149039092838,40.72735009811009],[-73.97157278760149,40.72764591976786],[-73.97142718443577,40.72848582538255],[-73.97147994841174,40.729249576693256],[-73.97174822290934,40.72974201454457],[-73.9720891859024,40.730118357041825],[-73.97300605975387,40.7308231319107],[-73.97341321730873,40.73128241592624],[-73.97444064950444,40.73531677190043]]]},"properties":{"nta":"MN0601","name":"Stuyvesant Town-Peter Cooper Village","boro":"Manhattan","households":10527,"owner_hh":0,"renter_hh":10527,"turnover_all":26.8,"turnover_own":null,"turnover_rent":26.8,"churn_annual":19.2,"owner_share":0,"moe_all":5.7,"moe_own":null,"moe_rent":5.7,"moe_churn":14.2}},
{"type":"Feature","geometry":{"type":"Polygon","coordinates":[[[-73.98064498826052,40.73377931950949],[-73.97890917295852,40.73616412596522],[-73.97857449689259,40.73667728190652],[-73.978540944937,40.736887659360356],[-73.97805226409517,40.7375539536562],[-73.98219046759937,40.73929736935941],[-73.9826675979102,40.739498439778224],[-73.98085965324304,40.74196976808196],[-73.98407485194073,40.743324718416666],[-73.9873015480288,40.73890302603654],[-73.98817910247622,40.73773074905847],[-73.98987421282683,40.73540825891736],[-73.98995101378516,40.73502840188908],[-73.9899029597005,40.73443479013707],[-73.98255629231735,40.73135013455466],[-73.98232282456816,40.73149789086889],[-73.98088975663019,40.733437071428106],[-73.98064498826052,40.73377931950949]]]},"properties":{"nta":"MN0602","name":"Gramercy","boro":"Manhattan","households":13459,"owner_hh":5545,"renter_hh":7914,"turnover_all":33.1,"turnover_own":20.1,"turnover_rent":42.2,"churn_annual":22.8,"owner_share":41.2,"moe_all":3.8,"moe_own":5.5,"moe_rent":4.5,"moe_churn":9.5}},
{"type":"Feature","geometry":{"type":"Polygon","coordinates":[[[-73.97604824796775,40.75144139387808],[-73.97710781072453,40.75188340656466],[-73.97754284922765,40.752063556416275],[-73.97767660455372,40.75211893738103],[-73.97806635527856,40.7515721807124],[-73.97815316973644,40.75145174780754],[-73.98085054350298,40.74775037037825],[-73.98134068661598,40.747078663682586],[-73.98407485194069,40.7433247184167],[-73.98085965324293,40.74196976808199],[-73.98266759791014,40.739498439778224],[-73.98219046759937,40.73929736935941],[-73.97805226409511,40.73755395365624],[-73.97854094493694,40.736887659360356],[-73.97833820564574,40.73672147104454],[-73.97636373273296,40.735867977808276],[-73.9750736174147,40.73536962854286],[-73.97444064950444,40.73531677190043],[-73.97354472795836,40.73494432660406],[-73.97332929043593,40.735010877391886],[-73.97341869582557,40.73536773730036],[-73.97419233708442,40.73568012679831],[-73.97451459772584,40.735894598913994],[-73.97441385816532,40.736414393859185],[-73.97286939178447,40.735770861788325],[-73.97248994174741,40.735803280107795],[-73.97259038224705,40.73676965433984],[-73.97265743803044,40.73922275427715],[-73.97243888981437,40.740021749470884],[-73.97229979590853,40.74003496274316],[-73.97216477368673,40.74067572162674],[-73.97228992099203,40.740721039534534],[-73.97188888913038,40.74272482035568],[-73.97120546301963,40.74377151030149],[-73.97135752941857,40.74383845535967],[-73.97094062960392,40.744471444528195],[-73.97078834776615,40.74440621819312],[-73.96997377026268,40.74549574743079],[-73.9698756140306,40.7454447891378],[-73.96823171715793,40.747368476489434],[-73.96836519324144,40.74743349462033],[-73.96791272906268,40.74797093564212],[-73.96846164115897,40.74829237930537],[-73.96974960064186,40.74882682426008],[-73.96954460583608,40.74920504593271],[-73.96890797166554,40.75011244375033],[-73.96895616037153,40.75013124346107],[-73.97126234383126,40.75112224129957],[-73.9735025572896,40.75206493265777],[-73.97444451493509,40.75076469299489],[-73.97604824796775,40.75144139387808]]]},"properties":{"nta":"MN0603","name":"Murray Hill-Kips Bay","boro":"Manhattan","households":30641,"owner_hh":8072,"renter_hh":22569,"turnover_all":40.5,"turnover_own":15.7,"turnover_rent":49.4,"churn_annual":23.2,"owner_share":26.3,"moe_all":2.8,"moe_own":3.7,"moe_rent":3.3,"moe_churn":8.1}},
{"type":"Feature","geometry":{"type":"Polygon","coordinates":[[[-73.96658338334103,40.76155093607907],[-73.96980028759536,40.762913512630256],[-73.97580739271987,40.75467727461167],[-73.97651569358025,40.754974263345105],[-73.97834876909162,40.752410130141755],[-73.97767660455384,40.752118937380985],[-73.97754284922765,40.75206355641623],[-73.97710781072453,40.75188340656466],[-73.97604824796775,40.75144139387808],[-73.9744445149352,40.75076469299489],[-73.97350255728973,40.75206493265777],[-73.97126234383133,40.75112224129957],[-73.96895616037153,40.75013124346101],[-73.96890797166566,40.7501124437503],[-73.96842681180959,40.75076366842843],[-73.96777705473687,40.75162597108275],[-73.96769834585133,40.752040803227715],[-73.96722654996013,40.75268822384287],[-73.96541528541687,40.75194995958367],[-73.96486224877107,40.75201110205952],[-73.96470952774996,40.75171941559831],[-73.96316073983628,40.753412207830685],[-73.96289729202545,40.753765517094486],[-73.96162927534917,40.7551523842593],[-73.96065638180474,40.75592314955037],[-73.96036455140823,40.75626941113357],[-73.95918103286087,40.75785611105263],[-73.95849119453524,40.75854590383034],[-73.95871908094715,40.758640233115855],[-73.95893448513704,40.75833515544863],[-73.9590368100845,40.75838378260468],[-73.96658338334103,40.76155093607907]]]},"properties":{"nta":"MN0604","name":"East Midtown-Turtle Bay","boro":"Manhattan","households":23587,"owner_hh":11101,"renter_hh":12486,"turnover_all":30.3,"turnover_own":15.7,"turnover_rent":43.3,"churn_annual":15.1,"owner_share":47.1,"moe_all":2.8,"moe_own":3.5,"moe_rent":3.4,"moe_churn":10}},
{"type":"Feature","geometry":{"type":"Polygon","coordinates":[[[-73.98236353955835,40.7673880741734],[-73.98211061400887,40.76774447654634],[-73.98195351354983,40.76770811220989],[-73.98184374318448,40.767707205875915],[-73.98178946751976,40.767713863521045],[-73.98172960220695,40.76772923372394],[-73.98157120873722,40.76780705709449],[-73.9814499368221,40.76795816685911],[-73.98142870556221,40.768081519454874],[-73.98167943551228,40.768390131606346],[-73.9750011183182,40.77752777991658],[-73.97926136519479,40.77933136760841],[-73.97944815819352,40.77940990983266],[-73.9816278729492,40.78032893547243],[-73.9823419491434,40.78063043442353],[-73.9835260137889,40.781130011022775],[-73.98507184256836,40.781779681471896],[-73.98536952545112,40.781078373367755],[-73.9856793602949,40.780312633335036],[-73.986488532618,40.780635905541935],[-73.98730772788198,40.78104130328792],[-73.98812746069495,40.78140179694496],[-73.98891926146824,40.78022609484644],[-73.98888614411685,40.77987889853295],[-73.99141982585954,40.779755280287276],[-73.9909616722243,40.779639683751945],[-73.98940905418,40.779737706974714],[-73.98886861739992,40.77969292291159],[-73.99039616003645,40.77758506567927],[-73.99092717414973,40.77756687876315],[-73.99238604296035,40.77555717941971],[-73.99205908493721,40.77549759819248],[-73.99226708903534,40.77511603385877],[-73.9926226638654,40.77497405653968],[-73.99335894150738,40.77392688065742],[-73.99376791399207,40.77348399400542],[-73.993936941822,40.773179510967104],[-73.9960952439039,40.77408618694039],[-73.99624065101737,40.77378979190044],[-73.99505028469918,40.773297153190036],[-73.9950232758608,40.77348119657636],[-73.99429402894232,40.77315624449453],[-73.99430134084847,40.772970029166615],[-73.99383108136979,40.77293178835342],[-73.99332519689008,40.77283148004022],[-73.99378189746184,40.772199091447774],[-73.98521720261179,40.76859463045802],[-73.98236353955835,40.7673880741734]]]},"properties":{"nta":"MN0701","name":"Upper West Side-Lincoln Square","boro":"Manhattan","households":37142,"owner_hh":14063,"renter_hh":23079,"turnover_all":33.2,"turnover_own":13.8,"turnover_rent":45,"churn_annual":17.4,"owner_share":37.9,"moe_all":2.6,"moe_own":2.7,"moe_rent":3.6,"moe_churn":7.2}},
{"type":"Feature","geometry":{"type":"Polygon","coordinates":[[[-73.96417598455193,40.792362045027716],[-73.96543410377306,40.79287668686671],[-73.96701559079894,40.793556967201745],[-73.96987063171011,40.79473520505714],[-73.96941543722124,40.79536077907437],[-73.97082734180017,40.79595859955887],[-73.97365145266349,40.797148318619264],[-73.97507069937068,40.797713350063184],[-73.9763995193054,40.79827321119528],[-73.97779475437075,40.79628462977197],[-73.98013222578663,40.79299376538334],[-73.980537679464,40.79245681262518],[-73.98796079284213,40.78177098703173],[-73.98812746036442,40.7814017974475],[-73.98730772788198,40.78104130328792],[-73.986488532618,40.780635905541935],[-73.9856793602949,40.780312633334994],[-73.98536952545118,40.781078373367755],[-73.98507184256847,40.78177968147185],[-73.98352601378895,40.781130011022775],[-73.9823419491434,40.78063043442353],[-73.9816278729492,40.78032893547243],[-73.97944815819352,40.77940990983266],[-73.97926136519479,40.77933136760841],[-73.9750011183183,40.77752777991658],[-73.97357117357147,40.779477862291245],[-73.96885036817855,40.7859740529882],[-73.96700976919085,40.78847679124453],[-73.96417598455193,40.792362045027716]]]},"properties":{"nta":"MN0702","name":"Upper West Side (Central)","boro":"Manhattan","households":48748,"owner_hh":17760,"renter_hh":30988,"turnover_all":29.1,"turnover_own":14,"turnover_rent":37.7,"churn_annual":15.3,"owner_share":36.4,"moe_all":2.2,"moe_own":2.8,"moe_rent":2.7,"moe_churn":6.9}},
{"type":"Feature","geometry":{"type":"Polygon","coordinates":[[[-73.95964685334928,40.80115642375894],[-73.96107793869854,40.80180035772015],[-73.96670106824132,40.80416847743972],[-73.97098767871225,40.80574290292903],[-73.97110765808215,40.80579013942548],[-73.9718184948358,40.80471754219954],[-73.97217237241772,40.80431907746188],[-73.97414361823463,40.801516895341386],[-73.97466556722719,40.800813514734344],[-73.97639951930529,40.79827321119533],[-73.97507069937068,40.797713350063184],[-73.97365145266343,40.797148318619264],[-73.97082734180017,40.79595859955887],[-73.96941543722113,40.79536077907441],[-73.96987063171011,40.79473520505714],[-73.96701559079894,40.79355696720178],[-73.96543410377306,40.79287668686671],[-73.96417598455193,40.792362045027716],[-73.95817296971535,40.80058254195962],[-73.95848111409947,40.80067047859116],[-73.95964685334928,40.80115642375894]]]},"properties":{"nta":"MN0703","name":"Upper West Side-Manhattan Valley","boro":"Manhattan","households":22777,"owner_hh":6544,"renter_hh":16233,"turnover_all":27.5,"turnover_own":14,"turnover_rent":33,"churn_annual":16.4,"owner_share":28.7,"moe_all":3.4,"moe_own":4.9,"moe_rent":4.2,"moe_churn":9.8}},
{"type":"Feature","geometry":{"type":"MultiPolygon","coordinates":[[[[-73.94180032729415,40.76904692662492],[-73.9411177871802,40.76941440857483],[-73.94082605300332,40.76991215626317],[-73.94035533477506,40.770496574371286],[-73.94020021779653,40.77112830566291],[-73.94028207924185,40.7723014069914],[-73.94001157258303,40.77284236105534],[-73.94027460921212,40.772947437395764],[-73.94088707123443,40.77237251678093],[-73.9413699061019,40.77230915082727],[-73.94212674580714,40.77203470050927],[-73.94257830168748,40.77170185722063],[-73.9432041411417,40.770992400251366],[-73.94400423868233,40.77029398164801],[-73.94472353132527,40.76973405888376],[-73.94515704133364,40.76911831775147],[-73.94524510341354,40.768773268310575],[-73.9458445142377,40.76832122875417],[-73.94655273893149,40.7673682045617],[-73.94770109012747,40.766022397827946],[-73.94908628791565,40.76426402727516],[-73.94920376022783,40.76426964383299],[-73.9499719168419,40.76364602981438],[-73.95097191594407,40.762494507507746],[-73.95162504907874,40.761678863605695],[-73.95208632266538,40.76086215440504],[-73.95297788216074,40.759962107877065],[-73.95366241810737,40.7594797336111],[-73.95559286207379,40.7572228001735],[-73.95565513098005,40.75709510622831],[-73.9584583680566,40.75394923650511],[-73.95901616627437,40.753595060460135],[-73.95950079929003,40.75295638219569],[-73.96001132329779,40.75183151783759],[-73.96068557870034,40.75120193747044],[-73.96111060141841,40.75060047040352],[-73.96153855464473,40.749723119840674],[-73.9613284548104,40.74960095762467],[-73.96095994786542,40.749766412637754],[-73.96039170572524,40.75025618611752],[-73.95955875930795,40.75081459776215],[-73.95902757442518,40.751297369348556],[-73.95791452493181,40.75210985452551],[-73.95692404304639,40.75296115989134],[-73.95519503117477,40.75477452347613],[-73.95507326928144,40.75479868255497],[-73.95322009963193,40.75642684131528],[-73.9525407933683,40.75709531504002],[-73.95221146342024,40.757583640335696],[-73.95209233022592,40.75799314084761],[-73.95177822026001,40.75840254987715],[-73.95126005908729,40.75881011687451],[-73.95033358814476,40.75985675555379],[-73.94943175563233,40.760548616859104],[-73.94662141408685,40.76386277208116],[-73.9448402665221,40.76582362839103],[-73.94381427322762,40.767220912050064],[-73.94285528620647,40.76830349491207],[-73.94180032729415,40.76904692662492]]],[[[-73.95871908094715,40.758640233115855],[-73.9584911945351,40.75854590383034],[-73.95587222339061,40.76090471211576],[-73.954418260786,40.762184104951274],[-73.95122497666563,40.76577119897365],[-73.95006979303095,40.767025087880945],[-73.94937332131504,40.76788219105455],[-73.94866416477957,40.76885762339446],[-73.9474897536819,40.77011515452139],[-73.9480738787856,40.77039439516794],[-73.95729409955628,40.77428355557777],[-73.95779380404115,40.77359989745671],[-73.9611099699185,40.7690644088078],[-73.96154785451905,40.76843158184929],[-73.96201412965428,40.76781230949783],[-73.96658338334092,40.7615509360791],[-73.9590368100845,40.75838378260468],[-73.95893448513704,40.75833515544863],[-73.95871908094715,40.758640233115855]]]]},"properties":{"nta":"MN0801","name":"Upper East Side-Lenox Hill-Roosevelt Island","boro":"Manhattan","households":40586,"owner_hh":12296,"renter_hh":28290,"turnover_all":34.7,"turnover_own":16.9,"turnover_rent":42.4,"churn_annual":19.8,"owner_share":30.3,"moe_all":2.4,"moe_own":3.7,"moe_rent":2.8,"moe_churn":6.6}},
{"type":"Feature","geometry":{"type":"Polygon","coordinates":[[[-73.95165920682966,40.78200767416527],[-73.94933170560955,40.785193126557786],[-73.95092812655976,40.78586538067487],[-73.95577735758036,40.78791392447064],[-73.95716243258384,40.785979638761916],[-73.95856809945384,40.78408344454221],[-73.96041430521686,40.781524268474705],[-73.9637260260802,40.777005718569974],[-73.96560968533342,40.77440720211544],[-73.96703947447702,40.77246121948631],[-73.96844155867254,40.77051632737561],[-73.97028165436144,40.76802503293228],[-73.97072777348453,40.76739372342133],[-73.97301487176121,40.76427887944539],[-73.96980028759536,40.762913512630256],[-73.96658338334103,40.76155093607907],[-73.96201412965428,40.76781230949777],[-73.96154785451905,40.76843158184929],[-73.9611099699185,40.769064408807765],[-73.95779380404115,40.77359989745671],[-73.95679748994272,40.77496631066803],[-73.95257421783995,40.78075303402252],[-73.95212203183532,40.78138671022063],[-73.95165920682966,40.78200767416527]]]},"properties":{"nta":"MN0802","name":"Upper East Side-Carnegie Hill","boro":"Manhattan","households":27366,"owner_hh":15872,"renter_hh":11494,"turnover_all":23.4,"turnover_own":12.7,"turnover_rent":38.3,"churn_annual":11.8,"owner_share":58,"moe_all":2.1,"moe_own":2.3,"moe_rent":3.1,"moe_churn":6.4}},
{"type":"Feature","geometry":{"type":"MultiPolygon","coordinates":[[[[-73.93804640603422,40.78082954427574],[-73.93796757721594,40.78128933456301],[-73.93830097951646,40.781362084365234],[-73.93874423089268,40.78104387604246],[-73.93883951845037,40.78059924980004],[-73.93861200821945,40.78033895586917],[-73.9382377350939,40.780259079465516],[-73.93759894622616,40.78046784086168],[-73.937794486603,40.78078125875526],[-73.93804640603422,40.78082954427574]]],[[[-73.9474897536819,40.77011515452139],[-73.94640418919063,40.77126904561942],[-73.94487889596742,40.77256956150487],[-73.9436643174873,40.77384076367413],[-73.94293043715292,40.7746762680357],[-73.94258769640638,40.77521895703082],[-73.94240100949001,40.77572692802888],[-73.94208160457381,40.77595701631722],[-73.94200266722274,40.7761853173829],[-73.94207418737722,40.7769178474795],[-73.94245741056957,40.77740747334814],[-73.9426553074297,40.77812496557434],[-73.94300246547277,40.77885287951766],[-73.94272973395677,40.779257248158274],[-73.94214300768843,40.77940153737606],[-73.9424642534702,40.780032500044406],[-73.94343876735945,40.779763242468604],[-73.94360047475412,40.78015909946638],[-73.94387075922585,40.78127302657144],[-73.94388068102498,40.781532042862004],[-73.94364823450802,40.78265616183563],[-73.94405439380174,40.7829643585487],[-73.9493317056096,40.785193126557786],[-73.95165920682966,40.78200767416527],[-73.95212203183532,40.78138671022063],[-73.9525742178399,40.78075303402252],[-73.95679748994272,40.77496631066803],[-73.95729409955628,40.77428355557777],[-73.9480738787856,40.77039439516794],[-73.9474897536819,40.77011515452139]]]]},"properties":{"nta":"MN0803","name":"Upper East Side-Yorkville","boro":"Manhattan","households":43013,"owner_hh":13048,"renter_hh":29965,"turnover_all":34.2,"turnover_own":15.3,"turnover_rent":42.4,"churn_annual":15.9,"owner_share":30.3,"moe_all":2.2,"moe_own":3.2,"moe_rent":2.4,"moe_churn":7.5}},
{"type":"Feature","geometry":{"type":"Polygon","coordinates":[[[-73.95210125149217,40.811442853501475],[-73.95408058341555,40.812280112895714],[-73.95570689991116,40.81414396054259],[-73.95625889682282,40.81338943442838],[-73.95707628339936,40.81429482935257],[-73.95822677449533,40.815612089287455],[-73.95949328737717,40.817007473778844],[-73.96203105751877,40.81808633097919],[-73.96340395102334,40.81668419693534],[-73.96432483391338,40.81551273751341],[-73.96510784267484,40.814275475527374],[-73.96663300760136,40.812153969783054],[-73.96740185312343,40.8110221558999],[-73.96772160095219,40.81043416111112],[-73.9684247350703,40.809394060333226],[-73.96855747771212,40.809072893821174],[-73.96885218645349,40.8087519856122],[-73.97021400799245,40.806935705650986],[-73.97110765764116,40.80579013967667],[-73.97098767871225,40.80574290292903],[-73.96670106824132,40.80416847743972],[-73.96107793869854,40.80180035772015],[-73.95964685334928,40.80115642375894],[-73.9586883921315,40.802469794868244],[-73.9582487817548,40.80310648647079],[-73.95820300718935,40.80389427150131],[-73.95824272320102,40.80452248107084],[-73.95828559167313,40.80515894346914],[-73.95818962106898,40.80560880369037],[-73.95772175927723,40.80629098862718],[-73.9554297470212,40.80942915340627],[-73.95496657106287,40.81006455520624],[-73.95357577722126,40.809476698162094],[-73.95307869907204,40.810094085409496],[-73.95210125149217,40.811442853501475]]]},"properties":{"nta":"MN0901","name":"Morningside Heights","boro":"Manhattan","households":12431,"owner_hh":2815,"renter_hh":9616,"turnover_all":27.1,"turnover_own":5.6,"turnover_rent":33.4,"churn_annual":36.7,"owner_share":22.6,"moe_all":2.5,"moe_own":3.3,"moe_rent":2.7,"moe_churn":7}},
{"type":"Feature","geometry":{"type":"Polygon","coordinates":[[[-73.94607828608069,40.8212632160618],[-73.94808289749476,40.82210802201343],[-73.94854029702124,40.82148762331544],[-73.94992194321388,40.82207231473013],[-73.9508287990319,40.82082793759966],[-73.95569660777309,40.82287647687132],[-73.95634010375615,40.82309232750727],[-73.95741069280895,40.823273474634696],[-73.95914038137627,40.82431759020488],[-73.95955575493863,40.823693797768954],[-73.95949747410923,40.82358681678865],[-73.95814312769234,40.823020721769026],[-73.95793904909091,40.82277435405003],[-73.95820019354012,40.82228313691829],[-73.958645850815,40.82190436963172],[-73.95892614718271,40.82271175594409],[-73.9596033246028,40.8229946867835],[-73.95990999378239,40.82257111982193],[-73.95922976213465,40.8222869101325],[-73.95896360094639,40.822373794142294],[-73.958745236605,40.82180551197381],[-73.95881892233997,40.82151852484693],[-73.95981462674587,40.82029787419898],[-73.95999892229345,40.82038294480247],[-73.96203105707758,40.81808633148163],[-73.95949328737711,40.817007473778816],[-73.95822677449533,40.815612089287455],[-73.95707628339936,40.81429482935257],[-73.95625889682282,40.81338943442833],[-73.95570689991122,40.814143960542545],[-73.95408058341565,40.812280112895714],[-73.95210125149221,40.81144285350143],[-73.95098203327805,40.81252162978963],[-73.95035019209078,40.813159389290014],[-73.94963702038646,40.81408629724479],[-73.94963688376123,40.81408647844661],[-73.94901859639863,40.815025754824894],[-73.94867681741358,40.81569228651986],[-73.94640289781525,40.82057204268724],[-73.94607828608069,40.8212632160618]]]},"properties":{"nta":"MN0902","name":"Manhattanville-West Harlem","boro":"Manhattan","households":8346,"owner_hh":694,"renter_hh":7652,"turnover_all":22.3,"turnover_own":27.2,"turnover_rent":21.8,"churn_annual":13.4,"owner_share":8.3,"moe_all":4.7,"moe_own":26.2,"moe_rent":4.4,"moe_churn":11.1}},
{"type":"Feature","geometry":{"type":"Polygon","coordinates":[[[-73.93968952732978,40.827656574227724],[-73.93924885616293,40.82829635121206],[-73.93864026605648,40.82973887442024],[-73.94592558095874,40.83280648970217],[-73.94827676702778,40.83386545609754],[-73.94897390483271,40.834052228652375],[-73.9493412262308,40.83398211496196],[-73.95021218560015,40.83430311995851],[-73.95095307082967,40.83328358033254],[-73.95119183012169,40.83263915178259],[-73.95218597296554,40.83127711791929],[-73.95297619362583,40.83009020377378],[-73.95359128626757,40.829097721151484],[-73.95454188062094,40.827861476868264],[-73.954697366195,40.82791838551438],[-73.95503912978361,40.82741343241461],[-73.9563178451031,40.827944215388754],[-73.95694866354306,40.82700055393494],[-73.95725896977147,40.82711730987327],[-73.95899582803376,40.82449642742526],[-73.95914038137627,40.82431759020488],[-73.95741069280895,40.823273474634696],[-73.95634010375615,40.82309232750727],[-73.95569660777309,40.82287647687132],[-73.9508287990319,40.82082793759966],[-73.94992194321388,40.82207231473013],[-73.94854029702124,40.82148762331544],[-73.94808289749476,40.82210802201343],[-73.94607828608069,40.8212632160618],[-73.94516004829619,40.82087904397875],[-73.94460364515598,40.821461981187966],[-73.94292366846379,40.82326058775286],[-73.94242953890151,40.82390915693532],[-73.93968952732978,40.827656574227724]]]},"properties":{"nta":"MN0903","name":"Hamilton Heights-Sugar Hill","boro":"Manhattan","households":20276,"owner_hh":3172,"renter_hh":17104,"turnover_all":22.1,"turnover_own":11.7,"turnover_rent":24.1,"churn_annual":9.6,"owner_share":15.6,"moe_all":3,"moe_own":6.1,"moe_rent":3.3,"moe_churn":8.1}},
{"type":"Feature","geometry":{"type":"Polygon","coordinates":[[[-73.94275367162054,40.80574401279446],[-73.94177140103845,40.8070890008521],[-73.94792306676732,40.809676922967405],[-73.95210125149221,40.81144285350143],[-73.95307869907211,40.81009408540946],[-73.95357577722136,40.809476698162065],[-73.95496657106287,40.81006455520624],[-73.9554297470212,40.80942915340627],[-73.95772175927739,40.80629098862718],[-73.95818962106898,40.80560880369037],[-73.95828559167313,40.80515894346914],[-73.95824272320102,40.80452248107084],[-73.95820300718947,40.80389427150126],[-73.95824878175492,40.80310648647076],[-73.95868839213162,40.802469794868216],[-73.95914741049171,40.80184376013707],[-73.9596468533494,40.801156423758904],[-73.95848111409947,40.800670478591115],[-73.95786499207041,40.80051527294146],[-73.95237418996642,40.79820977124773],[-73.94923327016367,40.7968719999053],[-73.94646133719719,40.800665306384424],[-73.94459915208044,40.803225048342576],[-73.94620045768923,40.80390652243222],[-73.9443558695654,40.806413587911365],[-73.94377476780275,40.80617059265475],[-73.94275367162054,40.80574401279446]]]},"properties":{"nta":"MN1001","name":"Harlem (South)","boro":"Manhattan","households":21253,"owner_hh":4895,"renter_hh":16358,"turnover_all":26.5,"turnover_own":14.9,"turnover_rent":29.9,"churn_annual":12.4,"owner_share":23,"moe_all":2.9,"moe_own":4.6,"moe_rent":3.5,"moe_churn":7.3}},
{"type":"Feature","geometry":{"type":"Polygon","coordinates":[[[-73.93383000629757,40.81949109558749],[-73.93397241531093,40.819729574765844],[-73.93412126165063,40.822647252741916],[-73.93429530732718,40.82464923172552],[-73.93442396339046,40.82704289397231],[-73.93460834555331,40.8283635575392],[-73.93469412707404,40.82941645521619],[-73.93483087208486,40.82980843705196],[-73.93508783728582,40.8318591983502],[-73.9351672529468,40.832874991773515],[-73.9349153357865,40.83523082193901],[-73.93445239353248,40.83598096014984],[-73.93467393002148,40.83606490323896],[-73.93530787937625,40.83547772543572],[-73.93660364645432,40.83451301667631],[-73.93818807523276,40.83326993002771],[-73.9385804997354,40.832898676008305],[-73.93910667017161,40.832161233540376],[-73.93939397719073,40.831526133667126],[-73.9398236755727,40.83105124478678],[-73.94014131121864,40.83037198888044],[-73.93864026605654,40.82973887442024],[-73.93924885616283,40.82829635121206],[-73.93968952732978,40.827656574227724],[-73.94242953890146,40.82390915693536],[-73.94292366846379,40.82326058775289],[-73.94460364515598,40.821461981187966],[-73.94516004829607,40.82087904397875],[-73.94607828608069,40.821263216061844],[-73.94640289781525,40.82057204268724],[-73.94867681741353,40.81569228651993],[-73.94901859639869,40.81502575482493],[-73.94963688376123,40.81408647844661],[-73.94963702038646,40.81408629724479],[-73.95035019209067,40.813159389290014],[-73.95098203327805,40.81252162978963],[-73.95210125149217,40.811442853501475],[-73.9479230667672,40.809676922967405],[-73.94177140103841,40.8070890008521],[-73.93714398336014,40.81342104144431],[-73.93622962288423,40.814647390967515],[-73.93487343768776,40.816527848019994],[-73.93407463845418,40.81782651394801],[-73.93429487719855,40.81890498677659],[-73.9344362759638,40.8191522369075],[-73.93447523610446,40.81969749639639],[-73.93383000629757,40.81949109558749]]]},"properties":{"nta":"MN1002","name":"Harlem (North)","boro":"Manhattan","households":37462,"owner_hh":4735,"renter_hh":32727,"turnover_all":17.7,"turnover_own":13.2,"turnover_rent":18.3,"churn_annual":11.4,"owner_share":12.6,"moe_all":2,"moe_own":5.1,"moe_rent":2.1,"moe_churn":5.9}},
{"type":"Feature","geometry":{"type":"Polygon","coordinates":[[[-73.93505405969788,40.79168623135817],[-73.93555312751045,40.79184222557399],[-73.93773611991232,40.79281580410147],[-73.93864883146107,40.79155775480549],[-73.94327251058219,40.793488103940284],[-73.9418760457263,40.79540586955281],[-73.94348323961806,40.79607299357228],[-73.9483112532211,40.79812921756641],[-73.94968682842153,40.796216985882914],[-73.95062885387499,40.79495959204631],[-73.95343683772941,40.79108514204173],[-73.95577735758026,40.78791392447064],[-73.95092812655976,40.78586538067487],[-73.9493317056096,40.785193126557786],[-73.94405439380174,40.7829643585487],[-73.94364823450802,40.78265616183563],[-73.94320565536934,40.783369842987895],[-73.94246970378653,40.78389646094691],[-73.93982619696507,40.78525655191311],[-73.93811570089716,40.78718476275656],[-73.93781722692903,40.78768846868105],[-73.93714965461052,40.78916844956227],[-73.93624303324994,40.78879577465485],[-73.9361407331407,40.788949073913244],[-73.93707246262223,40.78934584188634],[-73.93706168747107,40.78941358971109],[-73.93583106788897,40.79109470487044],[-73.93519039296174,40.79147116012929],[-73.93505405969788,40.79168623135817]]]},"properties":{"nta":"MN1101","name":"East Harlem (South)","boro":"Manhattan","households":26904,"owner_hh":2008,"renter_hh":24896,"turnover_all":22.5,"turnover_own":12.3,"turnover_rent":23.3,"churn_annual":13.3,"owner_share":7.5,"moe_all":2.3,"moe_own":5.8,"moe_rent":2.4,"moe_churn":7.5}},
{"type":"Feature","geometry":{"type":"Polygon","coordinates":[[[-73.93505405969788,40.79168623135817],[-73.93348489644694,40.792774170830164],[-73.93267239130842,40.793248233275655],[-73.93019664392948,40.79459322384986],[-73.92927936741167,40.79585313952083],[-73.92903640113434,40.79676259460364],[-73.92890152344229,40.79985521416033],[-73.92903490240303,40.801080903852046],[-73.92920817595964,40.80114752061144],[-73.92935435998567,40.80167125043805],[-73.92997373618633,40.8031964674717],[-73.93030876458822,40.803786014865715],[-73.93115949987322,40.804966940262624],[-73.93308471749702,40.807026914702284],[-73.93356119245327,40.80760067738646],[-73.93412073484292,40.808656451977626],[-73.9343386458468,40.80956221433414],[-73.93428227801445,40.81082305000624],[-73.93398178986824,40.812814635545415],[-73.93385652572606,40.814481474921614],[-73.93396620950391,40.814565210749066],[-73.93394608825335,40.81558762473934],[-73.93382900884613,40.8155853601877],[-73.93378997399208,40.81715137370182],[-73.93383000629757,40.81949109558749],[-73.93447523610446,40.81969749639639],[-73.9344362759638,40.8191522369075],[-73.93429487719855,40.81890498677659],[-73.93407463845418,40.81782651394801],[-73.93487343768776,40.816527848019994],[-73.93622962288423,40.814647390967515],[-73.93714398336014,40.81342104144431],[-73.94177140103841,40.8070890008521],[-73.94275367162054,40.80574401279446],[-73.94377476780275,40.80617059265475],[-73.9443558695654,40.8064135879114],[-73.94620045768927,40.80390652243227],[-73.9445991520805,40.80322504834261],[-73.94646133719719,40.800665306384424],[-73.9483112532211,40.79812921756641],[-73.94348323961806,40.79607299357228],[-73.9418760457263,40.79540586955281],[-73.94327251058219,40.793488103940284],[-73.93864883146107,40.79155775480549],[-73.93773611991232,40.79281580410147],[-73.93555312751045,40.79184222557399],[-73.93505405969788,40.79168623135817]]]},"properties":{"nta":"MN1102","name":"East Harlem (North)","boro":"Manhattan","households":28197,"owner_hh":2740,"renter_hh":25457,"turnover_all":23.1,"turnover_own":8.9,"turnover_rent":24.6,"churn_annual":9.3,"owner_share":9.7,"moe_all":2.7,"moe_own":4.9,"moe_rent":2.9,"moe_churn":6.7}},
{"type":"Feature","geometry":{"type":"Polygon","coordinates":[[[-73.94592558095874,40.83280648970217],[-73.94034643247466,40.830457843352235],[-73.94036875609723,40.83155613019526],[-73.94021914473171,40.8318838346847],[-73.93976104123519,40.83250964710598],[-73.93952960549396,40.832952440086636],[-73.93831777962812,40.833977325133176],[-73.93803791450115,40.83428659124487],[-73.93638316770861,40.83785012505289],[-73.93580416610631,40.838504977044],[-73.93521772912962,40.83901586733942],[-73.93501119207399,40.83950397313492],[-73.93510666548438,40.84018372733794],[-73.93559506228495,40.8411734005961],[-73.93556697174414,40.84171252755808],[-73.93139355315752,40.84742823140969],[-73.93639683069712,40.849541195841915],[-73.93748661556532,40.84856903509862],[-73.93767236845285,40.848392728976485],[-73.93803616045412,40.8475577549185],[-73.94205395049835,40.84831673359212],[-73.94287516217103,40.84827960986945],[-73.94389000191137,40.848202911438925],[-73.94340331235185,40.8491785976854],[-73.94318719330808,40.84975484263654],[-73.94593853674975,40.85026829046072],[-73.94696441693404,40.850465525818066],[-73.94704980259199,40.850223349228585],[-73.94683872036457,40.84938282135117],[-73.94672051176093,40.84923178291444],[-73.94661949998924,40.8482784254096],[-73.94678956849305,40.8469967493455],[-73.94647353057941,40.84652861766109],[-73.94634839393164,40.846156448606685],[-73.94651730200566,40.845995184403925],[-73.94617174983877,40.84539289158086],[-73.94607880557088,40.844597670328504],[-73.94612416421772,40.843892496557295],[-73.94645858066659,40.843254383261],[-73.94738322154296,40.841940825299524],[-73.94823352622083,40.84011759627016],[-73.94842860791535,40.83986085415088],[-73.94900459767892,40.83842558853372],[-73.94954210438263,40.83687963242816],[-73.94954600729329,40.83660437200455],[-73.94974257885995,40.83562808832762],[-73.95021218560021,40.83430311995857],[-73.94934122623076,40.83398211496196],[-73.94897390483271,40.834052228652375],[-73.94827676702766,40.83386545609754],[-73.94592558095874,40.83280648970217]]]},"properties":{"nta":"MN1201","name":"Washington Heights (South)","boro":"Manhattan","households":27997,"owner_hh":2028,"renter_hh":25969,"turnover_all":19.8,"turnover_own":14.4,"turnover_rent":20.2,"churn_annual":13.5,"owner_share":7.2,"moe_all":2.4,"moe_own":7.2,"moe_rent":2.5,"moe_churn":7.1}},
{"type":"Feature","geometry":{"type":"Polygon","coordinates":[[[-73.92476434078536,40.86163089268802],[-73.9272691502576,40.86553455981874],[-73.92872643114075,40.86674142822069],[-73.93091942301164,40.8685710014899],[-73.93150384484605,40.8690352215693],[-73.93156536939784,40.86958215843725],[-73.93205343781557,40.86960075024158],[-73.93229327623715,40.869199501439475],[-73.9322739712801,40.86847715248061],[-73.93242538215391,40.867568247921255],[-73.93325688879867,40.866241785083744],[-73.93340182700804,40.86613564684008],[-73.93401664426648,40.865035548794346],[-73.93435568513524,40.86473290706858],[-73.93443446851109,40.86450373173396],[-73.93559460797825,40.86296505185224],[-73.93647561664896,40.86192659117092],[-73.93704223142136,40.861057533481656],[-73.93713577511515,40.8607836366998],[-73.93758054206499,40.860203206651384],[-73.93755734318461,40.86008135682798],[-73.93830957434339,40.85938052310572],[-73.9386568056547,40.85873403092198],[-73.93911094164396,40.858040911225906],[-73.93968482410261,40.85728932103617],[-73.94029347497165,40.85664177015522],[-73.94048831269315,40.856204628320306],[-73.94095704472458,40.85552033389211],[-73.94186996360527,40.853867738940075],[-73.9424736592582,40.85317127730681],[-73.9430264437118,40.852626177871144],[-73.94347978545711,40.85228188194213],[-73.94388153574954,40.85217237720762],[-73.94401323950726,40.85199984366455],[-73.94450381945983,40.851957079452774],[-73.94497798395632,40.851731648003096],[-73.94576726165661,40.85116946515477],[-73.9461365365532,40.85115472606474],[-73.9465159021617,40.850968338578106],[-73.94696441627184,40.85046552632033],[-73.94593853674975,40.85026829046072],[-73.94318719330808,40.84975484263654],[-73.94340331235179,40.8491785976854],[-73.94389000191148,40.84820291143888],[-73.94287516217103,40.84827960986945],[-73.94205395049835,40.84831673359212],[-73.93803616045417,40.847557754918455],[-73.93767236845285,40.848392728976485],[-73.93748661556532,40.84856903509862],[-73.93639683069723,40.849541195841915],[-73.93139355315762,40.84742823140965],[-73.93062107886001,40.84848097743913],[-73.92977312775169,40.84811546118508],[-73.92898242633322,40.84925612249162],[-73.92866655364963,40.84957552930135],[-73.92824918846773,40.84983985458199],[-73.92747680397204,40.850694370799026],[-73.92707982277773,40.85143234338436],[-73.92703315604321,40.852200775102126],[-73.92769565671857,40.85248778277556],[-73.92469199898966,40.85664199791952],[-73.92469765022813,40.857292283513345],[-73.92500175450839,40.85787746520017],[-73.92539924424668,40.85816218713285],[-73.9261084129051,40.85818769773536],[-73.92641850269419,40.85804597097048],[-73.92691117424916,40.85750876152573],[-73.92712221983454,40.858109611880515],[-73.92705257822142,40.858441586574344],[-73.92676602517321,40.85891354134082],[-73.92592136928327,40.85949958923531],[-73.92528690101587,40.860124899778626],[-73.92508675836145,40.860499766838906],[-73.92492832926601,40.86128683504595],[-73.92476434078536,40.86163089268802]]]},"properties":{"nta":"MN1202","name":"Washington Heights (North)","boro":"Manhattan","households":29009,"owner_hh":5527,"renter_hh":23482,"turnover_all":20.8,"turnover_own":12.8,"turnover_rent":22.7,"churn_annual":10.3,"owner_share":19.1,"moe_all":2.4,"moe_own":3.9,"moe_rent":2.7,"moe_churn":7.4}},
{"type":"Feature","geometry":{"type":"Polygon","coordinates":[[[-73.92234459241664,40.85568233648424],[-73.92237695742358,40.856583569625016],[-73.92159242598983,40.85726341560287],[-73.92114396588988,40.85755122456042],[-73.92093869016881,40.85812067496422],[-73.9212391392648,40.85881451254559],[-73.92187159464888,40.85920002807952],[-73.92159014848224,40.860072800027055],[-73.92132187073445,40.860214110517],[-73.92107166676891,40.85993630055127],[-73.92065316209771,40.859263265996624],[-73.91950213660932,40.85879113379065],[-73.91877796600149,40.85954675031154],[-73.9184343925178,40.860221533395496],[-73.91788387387669,40.86080222076824],[-73.91782702380144,40.86104278280547],[-73.91709135961965,40.86186030823967],[-73.91679534822482,40.86197760126747],[-73.91610517927835,40.86248814430624],[-73.91534506689483,40.86316454177247],[-73.91547682444252,40.86334610729697],[-73.91517556429645,40.863680434253666],[-73.91534579110105,40.86407312930833],[-73.91579009737853,40.86410300712218],[-73.91589911645785,40.864308038085234],[-73.91508583854264,40.86444814392011],[-73.91454037626015,40.86441235162355],[-73.91431200712566,40.86462502219344],[-73.9139186313323,40.86474558440381],[-73.91254775064014,40.866514943506566],[-73.91273173919579,40.866605212208924],[-73.91184774580607,40.867672520472155],[-73.9117116303813,40.8681002840556],[-73.91150538755193,40.86830338456419],[-73.91128256772056,40.86884767287156],[-73.91103057950191,40.86915540349872],[-73.91076966625782,40.8702333604669],[-73.91072355879952,40.87094883563964],[-73.91043363570444,40.87138081638449],[-73.91064877277806,40.87229624846081],[-73.91122441407721,40.87302775243476],[-73.91151516034965,40.87323663012734],[-73.9123729836904,40.8724268098096],[-73.91400985416992,40.871160593864666],[-73.91717258083182,40.87249664231401],[-73.91842924397557,40.873009778733596],[-73.91969887531994,40.872063531039],[-73.91925481601531,40.87100784280284],[-73.92153136401495,40.86945006948451],[-73.92214152520687,40.86914779664342],[-73.92234360638932,40.86945904067072],[-73.92382143365798,40.86901838166732],[-73.92619847735759,40.86851350036838],[-73.92872643114075,40.86674142822075],[-73.92726915025756,40.86553455981874],[-73.92476434078536,40.86163089268802],[-73.92408161014636,40.86055507480938],[-73.92295854084045,40.858913893707225],[-73.92288794949759,40.85885694124603],[-73.9227683734476,40.856587481635295],[-73.9228792161941,40.85587725939027],[-73.92234459241664,40.85568233648424]]]},"properties":{"nta":"MN1203","name":"Inwood","boro":"Manhattan","households":15041,"owner_hh":1721,"renter_hh":13320,"turnover_all":20.3,"turnover_own":11.4,"turnover_rent":21.5,"churn_annual":9.3,"owner_share":11.4,"moe_all":3.7,"moe_own":5.7,"moe_rent":4,"moe_churn":11}},
{"type":"Feature","geometry":{"type":"Polygon","coordinates":[[[-73.89401015999918,40.76637948586706],[-73.89183523520296,40.766280417981896],[-73.8910902771304,40.766336635602826],[-73.89089043605875,40.76585819861232],[-73.88918520463123,40.76629769192876],[-73.8887731048613,40.76651132717323],[-73.88834201745365,40.766596800355174],[-73.88836546335685,40.76676959313515],[-73.88772988070615,40.76691443487077],[-73.88822093545016,40.768621415668065],[-73.88868841148641,40.76897759712269],[-73.88941280657707,40.77298524223084],[-73.88945486771429,40.773532951628674],[-73.88975035089761,40.77371739651968],[-73.88988671541367,40.77401734957617],[-73.88961448685693,40.774845687811585],[-73.88947105399582,40.77553555197257],[-73.8895164438089,40.77593671511594],[-73.890023690951,40.77724712707662],[-73.8900872941696,40.7777841926019],[-73.89046537306977,40.77770321928642],[-73.89056250595347,40.777403920964474],[-73.89112044207172,40.77712470023755],[-73.89145185712407,40.77651276977363],[-73.89177229652451,40.77659352182361],[-73.89213229037036,40.7770909363802],[-73.8925225986081,40.77740462949181],[-73.89119589704309,40.77856328838987],[-73.89129658525302,40.77891576497175],[-73.89150718848587,40.77909786616588],[-73.89166859702924,40.77949253890751],[-73.89254394736938,40.77957559624933],[-73.89253484564897,40.779770519588666],[-73.89158431346821,40.78059799774997],[-73.89171657957684,40.780893781042145],[-73.89381672968695,40.78238280427847],[-73.89421102745601,40.78245841649637],[-73.89477429053531,40.78225359249442],[-73.89606377738343,40.78315720230798],[-73.89462095777223,40.783956433356394],[-73.89471407574628,40.78405218282775],[-73.89711384184493,40.78272307423825],[-73.89718604765989,40.78280720996373],[-73.89865437844033,40.78199542032102],[-73.8994794775269,40.78216988593748],[-73.90034960780264,40.78216441053015],[-73.90034572667946,40.78206605501401],[-73.9012912761892,40.78185841927053],[-73.90203565790105,40.78120310196316],[-73.90218303706733,40.780359366147096],[-73.90234303882599,40.78018724530735],[-73.90267677081138,40.780352571544306],[-73.90251248041855,40.78110825085826],[-73.90217132811898,40.7817896965919],[-73.90172373164513,40.78212925463805],[-73.90114577552033,40.78271110659338],[-73.89885620331688,40.782804305106175],[-73.89876162661416,40.78274894638468],[-73.89767518069621,40.78358427275554],[-73.89781043874567,40.783684461545285],[-73.8958291437706,40.78522152738371],[-73.8969399356256,40.786624668969914],[-73.89725536651015,40.786750956944125],[-73.89783180103451,40.787182170393656],[-73.89961637941789,40.78840049623662],[-73.90032629743816,40.78900766282588],[-73.90169686089959,40.78932032382413],[-73.90239936084132,40.7895516201835],[-73.90251173701,40.78947208402328],[-73.90647314610091,40.7901811752083],[-73.90677991420837,40.790375108150826],[-73.90985862925706,40.79094549428462],[-73.91022215695882,40.790465207781814],[-73.91090486966488,40.79004068496204],[-73.91094297412123,40.789755043755875],[-73.91169342283841,40.789572638609364],[-73.91222952426367,40.78917927996633],[-73.91259985845355,40.78937632963354],[-73.91423947898434,40.7878562095631],[-73.91558710139692,40.78642963166858],[-73.91526013935966,40.78619221764684],[-73.9157517280639,40.786107578577635],[-73.91683276950292,40.785191392487086],[-73.91718200591444,40.7845520636815],[-73.91717118646426,40.7841934843716],[-73.91818862872982,40.78393296678346],[-73.9190903460843,40.78336764600375],[-73.91996458704803,40.78263506903863],[-73.91796581369779,40.781256291967296],[-73.92331041438598,40.7768832959525],[-73.92375761264192,40.77654701252131],[-73.92302571392955,40.7753843098885],[-73.92398142850007,40.77461511268854],[-73.92279264385557,40.7739622958467],[-73.9214687837298,40.77305130769123],[-73.91870527754173,40.77107888239208],[-73.91770217216161,40.770393111588085],[-73.91807875178455,40.7700619958955],[-73.9172571472928,40.76985353036546],[-73.91094174829392,40.76885247317221],[-73.90708728835247,40.76823623153259],[-73.90554847949568,40.76797657989102],[-73.90531717784724,40.76789865071792],[-73.90418895200064,40.76753028543625],[-73.9025110402065,40.76748594137081],[-73.90065874975889,40.767211434031054],[-73.89595958462806,40.766431034160114],[-73.89432371955363,40.766146471735006],[-73.89408253409208,40.76632965619758],[-73.89401015999918,40.76637948586706]]]},"properties":{"nta":"QN0101","name":"Astoria (North)-Ditmars-Steinway","boro":"Queens","households":20521,"owner_hh":5871,"renter_hh":14650,"turnover_all":25.8,"turnover_own":10,"turnover_rent":32.2,"churn_annual":9.3,"owner_share":28.6,"moe_all":2.1,"moe_own":3.3,"moe_rent":2.5,"moe_churn":6.5}},
{"type":"Feature","geometry":{"type":"Polygon","coordinates":[[[-73.92398142850024,40.77461511268849],[-73.92784636998898,40.77672664738794],[-73.92827730766551,40.776898975826754],[-73.92860514935201,40.7765926751006],[-73.92988058500086,40.776221631902025],[-73.93062856466015,40.77659090274922],[-73.93107377058605,40.77726059439778],[-73.93104964232832,40.77744189731182],[-73.93178834239043,40.777870607104624],[-73.93272210387853,40.77803476711775],[-73.93277477801554,40.777922388777704],[-73.93381132771214,40.77810045473825],[-73.93474352945171,40.7780763353768],[-73.93508232426035,40.777944233727574],[-73.93585452641504,40.77721168462437],[-73.93638022751426,40.77692145656245],[-73.93704702087582,40.775866487041206],[-73.93765483024703,40.77508568538347],[-73.93785811756666,40.77408756897285],[-73.93781335903354,40.77356289515033],[-73.93746638537077,40.772531495125364],[-73.93480681344211,40.7717341383875],[-73.93443525743177,40.771462362333594],[-73.93452730021298,40.77117677510306],[-73.9342460961504,40.77102927567435],[-73.93447448991427,40.77041159718816],[-73.93503989744535,40.76968230223328],[-73.93577133991252,40.76905001004526],[-73.93593176970903,40.76778370276497],[-73.93618379675429,40.76769180216499],[-73.93036545982827,40.7644907508823],[-73.92647341110653,40.769271396247966],[-73.92780678506122,40.769889038658164],[-73.92590026968253,40.77226208786926],[-73.92448650692235,40.774049856204385],[-73.92398142850024,40.77461511268849]]]},"properties":{"nta":"QN0102","name":"Old Astoria-Hallets Point","boro":"Queens","households":6641,"owner_hh":1337,"renter_hh":5304,"turnover_all":26.3,"turnover_own":15.3,"turnover_rent":29.1,"churn_annual":9.3,"owner_share":20.1,"moe_all":3.8,"moe_own":6.2,"moe_rent":4.4,"moe_churn":11.2}},
{"type":"Feature","geometry":{"type":"Polygon","coordinates":[[[-73.91194025916087,40.76901015311978],[-73.91725714729296,40.76985353036546],[-73.91807875178459,40.77006199589546],[-73.91770217216155,40.77039311158805],[-73.91870527754173,40.77107888239208],[-73.9214687837298,40.77305130769123],[-73.92279264385564,40.77396229584666],[-73.92398142850024,40.77461511268849],[-73.92448650692235,40.774049856204385],[-73.92590026968253,40.77226208786926],[-73.92780678506122,40.769889038658164],[-73.92647341110653,40.769271396247966],[-73.93036545982827,40.7644907508823],[-73.93133626072911,40.76327644170063],[-73.92943440756808,40.762380093350565],[-73.93054963851196,40.76122060130232],[-73.92965061901405,40.760797762089204],[-73.93215200209738,40.75771038532681],[-73.92415699977637,40.75396114233148],[-73.91979922170717,40.75934944532388],[-73.91579117314488,40.76426777112949],[-73.91499211485011,40.76389230453765],[-73.91370071321843,40.76548023943927],[-73.9144990235603,40.76585640001886],[-73.91194025916087,40.76901015311978]]]},"properties":{"nta":"QN0103","name":"Astoria (Central)","boro":"Queens","households":24001,"owner_hh":2737,"renter_hh":21264,"turnover_all":35,"turnover_own":14.4,"turnover_rent":37.6,"churn_annual":13.4,"owner_share":11.4,"moe_all":2.6,"moe_own":4.6,"moe_rent":2.8,"moe_churn":6.7}},
{"type":"Feature","geometry":{"type":"Polygon","coordinates":[[[-73.8987725072315,40.75991557716743],[-73.90152851497294,40.759627895683224],[-73.90181874059411,40.76075936713814],[-73.90166369491614,40.76078911365228],[-73.90199595361521,40.762121964369534],[-73.90217422410001,40.762658527972235],[-73.90351227686666,40.7658494601136],[-73.90301399067448,40.76644507963807],[-73.90217951656335,40.7673158415008],[-73.90251104020655,40.767485941370765],[-73.90418895200064,40.76753028543625],[-73.90531717784724,40.76789865071792],[-73.90554847949568,40.76797657989102],[-73.90708728835253,40.76823623153259],[-73.91094174829392,40.76885247317221],[-73.91194025916087,40.76901015311978],[-73.9144990235603,40.76585640001886],[-73.91370071321843,40.76548023943927],[-73.91499211485011,40.76389230453765],[-73.91579117314488,40.76426777112949],[-73.91979922170717,40.75934944532388],[-73.92415699977637,40.75396114233148],[-73.92562743725453,40.752137244755154],[-73.91892348031973,40.75363612491372],[-73.91763192835664,40.75385784877941],[-73.91650534553833,40.75389159079408],[-73.91446450712553,40.75367641223835],[-73.91354183383778,40.75346871509312],[-73.91067474764874,40.75299507682656],[-73.9102312460241,40.752976523975086],[-73.9066854586157,40.75330794285217],[-73.9012134788526,40.75390221108614],[-73.89873816340153,40.75415367093812],[-73.89854223045789,40.75417011243211],[-73.89886270467464,40.75471183528134],[-73.89922500707291,40.75554205025467],[-73.89959167121798,40.756555608131734],[-73.89974051474815,40.75744865943222],[-73.89957780497083,40.75829443336695],[-73.89945019324345,40.758597726633354],[-73.89855492905029,40.7599241041633],[-73.8987725072315,40.75991557716743]]]},"properties":{"nta":"QN0104","name":"Astoria (East)-Woodside (North)","boro":"Queens","households":16717,"owner_hh":3621,"renter_hh":13096,"turnover_all":27.2,"turnover_own":10.4,"turnover_rent":31.8,"churn_annual":10.1,"owner_share":21.7,"moe_all":2.5,"moe_own":3.2,"moe_rent":3,"moe_churn":6.4}},
{"type":"Feature","geometry":{"type":"Polygon","coordinates":[[[-73.93452730021298,40.77117677510306],[-73.93500813872274,40.771162394364154],[-73.93514715336494,40.77054195605819],[-73.9346949906708,40.770425337520145],[-73.93489533894557,40.7700418628897],[-73.93524016831186,40.76967932546315],[-73.93574021432576,40.7693672303693],[-73.93616913919516,40.76951611515726],[-73.93670737989143,40.769252609576895],[-73.93681460588624,40.76890394747822],[-73.93747109116914,40.76895155808664],[-73.93819730754757,40.76869974435682],[-73.93895502453354,40.76795818621723],[-73.9393658722389,40.768159701377186],[-73.93983559216916,40.7679880059388],[-73.94131174875348,40.76691800476947],[-73.94350281966635,40.764499040743665],[-73.94471460803074,40.762878840426765],[-73.94570525552606,40.76148815705637],[-73.94596424131723,40.761292606610034],[-73.94783189450807,40.7589891933042],[-73.95083917075976,40.75521808361636],[-73.94678172755161,40.75345762816768],[-73.94638405952918,40.75328234100341],[-73.94555102171275,40.75290870855078],[-73.9446068828404,40.75249460251721],[-73.94401823315748,40.75234992117889],[-73.94202874933686,40.75150480428069],[-73.94040405850501,40.75078291561313],[-73.93811714651464,40.749832708626116],[-73.93798927725729,40.749688522972804],[-73.93804586445255,40.74945326478057],[-73.93791069264601,40.749366208728276],[-73.93749221967825,40.748969810817954],[-73.93739653627907,40.74891644046525],[-73.93686355580832,40.7484212636472],[-73.93538685189334,40.74941193365533],[-73.93609498888914,40.74973153087829],[-73.9347425902156,40.75097904474172],[-73.93383269252406,40.7516047019395],[-73.93227623247458,40.75195388670734],[-73.9312650668396,40.75199252271192],[-73.92646866843006,40.75206856890791],[-73.92562743725453,40.752137244755154],[-73.92415699977637,40.75396114233148],[-73.93215200209738,40.75771038532681],[-73.92965061901405,40.760797762089204],[-73.93054963851196,40.76122060130232],[-73.92943440756808,40.762380093350565],[-73.93133626072911,40.76327644170063],[-73.93036545982827,40.7644907508823],[-73.93618379675429,40.76769180216499],[-73.93593176970903,40.76778370276497],[-73.93577133991252,40.76905001004526],[-73.93503989744535,40.76968230223328],[-73.93447448991427,40.77041159718816],[-73.9342460961504,40.77102927567435],[-73.93452730021298,40.77117677510306]]]},"properties":{"nta":"QN0105","name":"Queensbridge-Ravenswood-Dutch Kills","boro":"Queens","households":13688,"owner_hh":1883,"renter_hh":11805,"turnover_all":32.8,"turnover_own":19.3,"turnover_rent":35,"churn_annual":16.7,"owner_share":13.8,"moe_all":2.9,"moe_own":7.2,"moe_rent":3.1,"moe_churn":8.2}},
{"type":"Feature","geometry":{"type":"Polygon","coordinates":[[[-73.96056856726295,40.744029666585185],[-73.95970598360807,40.74385865006141],[-73.95977470797789,40.74350468420323],[-73.96013964905637,40.74354740078653],[-73.96064602180344,40.74339270626334],[-73.96097168385474,40.742754054263905],[-73.96109548654543,40.742781947731594],[-73.96155253168952,40.741993261407345],[-73.96117277851107,40.74188633464389],[-73.96107358624114,40.7416259285767],[-73.96121862785935,40.74110786013018],[-73.96180397423018,40.7410976734722],[-73.96182638910636,40.74063163419439],[-73.96131588281197,40.74047064006752],[-73.96179048263058,40.740013130919586],[-73.96220916425703,40.74000617549806],[-73.9624307900523,40.739671481088116],[-73.96262015810564,40.73903266212594],[-73.96251691303667,40.73866288460562],[-73.96212537122537,40.73844110786401],[-73.96216769092663,40.738275393104416],[-73.96072580373679,40.73808017017932],[-73.95746607442815,40.739543419014225],[-73.95714889104126,40.73961686243031],[-73.9554944182279,40.73977956143369],[-73.95379878808706,40.73981986527213],[-73.95221537377104,40.73950345675032],[-73.95192208192266,40.73948730542557],[-73.95033626203423,40.739006986346226],[-73.94715087181176,40.73790012334491],[-73.9454823659007,40.73820703179651],[-73.94523862072653,40.738356823142816],[-73.9432902686676,40.739008622895945],[-73.94290141828805,40.73900380200718],[-73.94257045548731,40.739406206553646],[-73.94237973008305,40.739430471969804],[-73.94159470030033,40.73986412616913],[-73.94118816630176,40.74029021728921],[-73.93965301521378,40.74273108709586],[-73.9401485852122,40.74283244146026],[-73.9400192297566,40.743208272210936],[-73.9385878697674,40.74293088319027],[-73.93866991753184,40.742534082025145],[-73.93910874138139,40.742617035176856],[-73.94028230242236,40.740799282916385],[-73.9405614496907,40.74041832293436],[-73.94036159218972,40.74033534565808],[-73.94146173397083,40.739248583627024],[-73.93996324499645,40.73864135689819],[-73.93965506696713,40.738537383228035],[-73.9386796880221,40.73820830246165],[-73.93862452686636,40.738404780900275],[-73.93765115736961,40.74330513508975],[-73.93726110650226,40.745176490733606],[-73.93769681500208,40.745238575264274],[-73.94031559689029,40.7444044985513],[-73.94174116703483,40.74385915209969],[-73.94419561612075,40.74288214660561],[-73.94401030271291,40.7436394546211],[-73.94342742773829,40.74423117299754],[-73.94272343003047,40.74457686346523],[-73.94184736394081,40.74490369037659],[-73.94032695991926,40.74541314372137],[-73.93996463372972,40.74574558499478],[-73.93812286565526,40.747059955362936],[-73.93663681803018,40.74820409438761],[-73.93686355580832,40.74842126364724],[-73.93739653627895,40.74891644046529],[-73.93791069264601,40.74936620872831],[-73.93804586445255,40.74945326478063],[-73.93798307784596,40.74962386157594],[-73.93798927725723,40.74968852297283],[-73.93811714651454,40.749832708626116],[-73.94040405850491,40.75078291561313],[-73.94202874933676,40.751504804280735],[-73.94401823315738,40.75234992117893],[-73.9446068828404,40.75249460251721],[-73.94555102171275,40.75290870855078],[-73.94638405952918,40.75328234100341],[-73.94678172755161,40.75345762816768],[-73.95083917075965,40.755218083616406],[-73.95101792666415,40.75508691972492],[-73.95131438087363,40.75457955114472],[-73.95201001834825,40.75383501329036],[-73.95292970939114,40.752763649906754],[-73.95449858097594,40.75122583574061],[-73.95465000413118,40.75083104095966],[-73.95451584573348,40.75058669947954],[-73.9550665256012,40.74963273087819],[-73.95576039140944,40.749596659530376],[-73.95632162509689,40.74908155342994],[-73.95478387803723,40.74842768777317],[-73.95305375571401,40.74808748722947],[-73.95318382492817,40.74773481246369],[-73.95485394268042,40.748040794641135],[-73.95704097276808,40.7489203513766],[-73.957493440047,40.74833646476311],[-73.95751889188831,40.74830361959195],[-73.95845316661337,40.74709794629869],[-73.9584069333275,40.74688730730461],[-73.95872036326739,40.74664630211694],[-73.95914371692966,40.7460006031761],[-73.95896746083429,40.745775077365714],[-73.95933786844711,40.74550760689611],[-73.95925084238476,40.745315529632585],[-73.95845252269677,40.74511901131977],[-73.95875854768678,40.74494500575542],[-73.95903404087011,40.74443521582179],[-73.95963225023921,40.74393463241688],[-73.96051732536237,40.74410534158377],[-73.96056856726295,40.744029666585185]]]},"properties":{"nta":"QN0201","name":"Long Island City-Hunters Point","boro":"Queens","households":15844,"owner_hh":3358,"renter_hh":12486,"turnover_all":51.6,"turnover_own":22.8,"turnover_rent":59.3,"churn_annual":19.9,"owner_share":21.2,"moe_all":3.9,"moe_own":5.4,"moe_rent":4.4,"moe_churn":8}},
{"type":"Feature","geometry":{"type":"Polygon","coordinates":[[[-73.90971148153095,40.74975470947739],[-73.9134843501198,40.750199312179916],[-73.91477162500075,40.75019385192476],[-73.91540599852912,40.75011107614551],[-73.92034233070606,40.74915896087421],[-73.92079784667062,40.74689069172745],[-73.92677093824727,40.747592428305616],[-73.92933461853895,40.74706203795862],[-73.93029096119591,40.74689704467237],[-73.9332639151262,40.74628839696878],[-73.93439987185602,40.74603455675956],[-73.93769681500213,40.745238575264224],[-73.93726110650238,40.745176490733535],[-73.93765115736973,40.743305135089706],[-73.93862452686648,40.73840478090023],[-73.93866464535692,40.73826815968343],[-73.9386796880222,40.73820830246161],[-73.93996324499645,40.738641356898164],[-73.94146173397093,40.73924858362698],[-73.94255612673099,40.73902086624873],[-73.94257885812154,40.73881602077128],[-73.94539673388455,40.73777422441213],[-73.94592866792097,40.73749626391894],[-73.94377941508338,40.73677548535802],[-73.94229951025831,40.73621056764786],[-73.94180143973267,40.73596257820148],[-73.94086498592704,40.735070409091236],[-73.94006709327039,40.73376215298028],[-73.94016538640956,40.73348637434488],[-73.93986983153849,40.73316151878739],[-73.9395419671346,40.73250702879652],[-73.9394097369902,40.73193481236089],[-73.93911054508747,40.731379806525375],[-73.93804478507167,40.73050996784624],[-73.93725405595586,40.73013460491848],[-73.93648138613977,40.72968652034431],[-73.93588751333314,40.72946511537483],[-73.93453176375739,40.729104806032566],[-73.93129800153272,40.72872544161537],[-73.93119267796705,40.728642987274334],[-73.93043971043068,40.728563137284674],[-73.92910283484845,40.728197679188476],[-73.9284859115421,40.72775858067109],[-73.9279089274922,40.72825331631524],[-73.92652759438836,40.727955307335485],[-73.92645216867697,40.728124281874365],[-73.92479726239083,40.72753628889049],[-73.92333200351011,40.72687398865128],[-73.92256702846129,40.7265999017787],[-73.92176246974316,40.72639218632523],[-73.92093354401482,40.726255147470845],[-73.91942471353599,40.7260988640267],[-73.91836395128227,40.72593088310013],[-73.91796696574369,40.728500770628514],[-73.91752107479319,40.7310027052582],[-73.91731464144377,40.731441749355795],[-73.91853700352657,40.73186185602579],[-73.91902180336837,40.73208783911261],[-73.91881437666355,40.73320765485049],[-73.91835109071796,40.73315255900704],[-73.91759250680492,40.73523944219152],[-73.91749307542328,40.73542134601308],[-73.91689741755664,40.73544470881869],[-73.91651522687403,40.736757346510196],[-73.91717737969705,40.73689787074112],[-73.91651190505102,40.73894475796462],[-73.91630108384548,40.73906911846315],[-73.91573535607311,40.74079155985525],[-73.91443483151015,40.74053105397926],[-73.91382781904143,40.742413689124284],[-73.9119870407896,40.74218897978199],[-73.91124722195144,40.74578399353917],[-73.91244853783171,40.7459204027123],[-73.91187503994644,40.748220796606795],[-73.91164202633128,40.74868457627928],[-73.9101499308649,40.748521572909254],[-73.90989961382927,40.74908727558486],[-73.90971148153095,40.74975470947739]]]},"properties":{"nta":"QN0202","name":"Sunnyside","boro":"Queens","households":21055,"owner_hh":4469,"renter_hh":16586,"turnover_all":25.4,"turnover_own":13.5,"turnover_rent":28.6,"churn_annual":10.6,"owner_share":21.2,"moe_all":2.5,"moe_own":4.1,"moe_rent":2.9,"moe_churn":6.7}},
{"type":"Feature","geometry":{"type":"Polygon","coordinates":[[[-73.89564469726287,40.74847370607988],[-73.8963586964246,40.74877029023691],[-73.89707488590454,40.74994481255301],[-73.89730930494295,40.75045856602082],[-73.89747916670072,40.751149198003525],[-73.89760618105902,40.752114699013454],[-73.89793191964755,40.75293917022699],[-73.89873816340153,40.75415367093812],[-73.9012134788526,40.75390221108614],[-73.9066854586157,40.75330794285217],[-73.9102312460241,40.752976523975086],[-73.9103411180095,40.75267681551927],[-73.90944330814898,40.75075513303515],[-73.90971148153095,40.74975470947739],[-73.90989961382927,40.74908727558486],[-73.9101499308649,40.748521572909254],[-73.91164202633128,40.74868457627928],[-73.91187503994644,40.748220796606795],[-73.91244853783171,40.7459204027123],[-73.91124722195144,40.74578399353917],[-73.9119870407896,40.74218897978199],[-73.90755490341012,40.7416645644079],[-73.90832327505652,40.73863053952618],[-73.9085550145402,40.737930425251506],[-73.90991066443478,40.73499734140045],[-73.91068876335082,40.73347108174243],[-73.90628903408064,40.73240075153316],[-73.90598353197372,40.73326568478602],[-73.90568645850745,40.73391582530949],[-73.90601830248995,40.73401073974847],[-73.90516948771564,40.73585964312785],[-73.90470297518344,40.735679903776095],[-73.90286649478521,40.73476746084312],[-73.90107970834157,40.733914635281465],[-73.90060814855137,40.7344838550728],[-73.9003411520535,40.73469754276577],[-73.90018211104973,40.73478232846151],[-73.89943348465943,40.73506259066804],[-73.89830812676674,40.735194184440594],[-73.8960293150264,40.735017891608294],[-73.895101334044,40.735021183089586],[-73.89440759522095,40.734899323650424],[-73.89347408234022,40.734602178551015],[-73.89232643901519,40.734470140761026],[-73.88910318916383,40.73459239646196],[-73.88852285901477,40.734531160015514],[-73.88901641551915,40.735231458320065],[-73.88936177643157,40.73583833771049],[-73.889608278037,40.73593866502983],[-73.89137858997476,40.735918312996155],[-73.89136855506156,40.73606133167993],[-73.88753539950608,40.73676254300579],[-73.88730666605856,40.73864422754559],[-73.88725300716398,40.73883597461871],[-73.8896685189322,40.73930150893015],[-73.89420164755525,40.740123044797556],[-73.89469075852743,40.740232139182204],[-73.89088670228641,40.74068724516353],[-73.89168988464833,40.742144844700114],[-73.89217865619052,40.74287277803833],[-73.89344313730554,40.74495795514108],[-73.89444688662238,40.746535270812174],[-73.89564469726287,40.74847370607988]]]},"properties":{"nta":"QN0203","name":"Woodside","boro":"Queens","households":18812,"owner_hh":5709,"renter_hh":13103,"turnover_all":20.2,"turnover_own":13.4,"turnover_rent":23.2,"churn_annual":8.4,"owner_share":30.3,"moe_all":2.4,"moe_own":4,"moe_rent":2.8,"moe_churn":8.4}},
{"type":"Feature","geometry":{"type":"Polygon","coordinates":[[[-73.8736572171208,40.756803485602184],[-73.87513874233443,40.75663381606016],[-73.87601371794547,40.761443732138886],[-73.87895382666481,40.761983981983406],[-73.87988806305664,40.76190591384075],[-73.88639712234833,40.76121645324452],[-73.88708963943286,40.76501345524443],[-73.88772988070632,40.76691443487074],[-73.8883654633568,40.76676959313512],[-73.88834201745371,40.766596800355174],[-73.8887731048614,40.766511327173184],[-73.88918520463135,40.76629769192876],[-73.89089043605885,40.76585819861232],[-73.89109027713035,40.766336635602826],[-73.89183523520302,40.766280417981896],[-73.89401015999918,40.76637948586706],[-73.89408253409208,40.76632965619758],[-73.89432371955363,40.76614647173497],[-73.89460627351048,40.765709354606706],[-73.89503469404436,40.7644659877029],[-73.89519992917742,40.764229665807996],[-73.8963182716928,40.76334717430967],[-73.89714924466978,40.762259256735305],[-73.8987725072315,40.75991557716743],[-73.89855492905029,40.7599241041633],[-73.89945019324345,40.758597726633354],[-73.89957780497083,40.75829443336695],[-73.89974051474815,40.75744865943222],[-73.89959167121798,40.756555608131734],[-73.89922500707291,40.75554205025467],[-73.89886270467464,40.75471183528134],[-73.89854223045789,40.75417011243211],[-73.89873816340153,40.75415367093812],[-73.89793191964755,40.75293917022699],[-73.89760618105902,40.752114699013454],[-73.89747916670072,40.751149198003525],[-73.89730930494295,40.75045856602082],[-73.89707488590454,40.74994481255301],[-73.8963586964246,40.74877029023691],[-73.89564469726287,40.74847370607988],[-73.8937970868113,40.74769150085299],[-73.89240906549652,40.74713532888779],[-73.89175048638339,40.74681172763542],[-73.88299918156632,40.74773440242251],[-73.8762518014697,40.748438850112734],[-73.87370098217563,40.7487173194796],[-73.8694245844896,40.74915685151845],[-73.87084215574664,40.751544693088924],[-73.8726924055272,40.75502993973598],[-73.8736572171208,40.756803485602184]]]},"properties":{"nta":"QN0301","name":"Jackson Heights","boro":"Queens","households":35581,"owner_hh":14211,"renter_hh":21370,"turnover_all":17.6,"turnover_own":11.4,"turnover_rent":21.7,"churn_annual":6.4,"owner_share":39.9,"moe_all":1.9,"moe_own":2.3,"moe_rent":2.6,"moe_churn":6.1}},
{"type":"Feature","geometry":{"type":"Polygon","coordinates":[[[-73.85463995663274,40.758466157765206],[-73.8552514001428,40.75914753134192],[-73.85603980807308,40.759725788082655],[-73.85638216116355,40.75990664015344],[-73.85792420065133,40.7605460182326],[-73.85846498838745,40.760832989385655],[-73.85912375729214,40.76127549915759],[-73.859756288603,40.761835800163446],[-73.85956252243186,40.76197196766705],[-73.86093691422919,40.7637286154913],[-73.86293134292123,40.766104482203374],[-73.86427231280356,40.76743285892282],[-73.86483996040387,40.7679384848905],[-73.86598349192941,40.76886012712934],[-73.86720931914174,40.76973298260387],[-73.86800281688815,40.77025516934752],[-73.8688306699114,40.770733202081985],[-73.87026142648355,40.77135696228379],[-73.871285712,40.77164418290575],[-73.87259590943476,40.771830944829325],[-73.87383200892604,40.77187090978045],[-73.87552725449224,40.77172981678103],[-73.87699426181423,40.77142266038266],[-73.87806069562686,40.77107609508241],[-73.87951823048357,40.7704270129739],[-73.88238366245855,40.76885740484817],[-73.88431910348122,40.767981661495526],[-73.88622657871517,40.76732718318856],[-73.88772988070632,40.76691443487074],[-73.88708963943286,40.76501345524443],[-73.88639712234833,40.76121645324452],[-73.87988806305664,40.76190591384075],[-73.87895382666481,40.761983981983406],[-73.87601371794547,40.761443732138886],[-73.87513874233443,40.75663381606016],[-73.8736572171208,40.756803485602184],[-73.87311054699747,40.756850882142885],[-73.86567436887039,40.75762958285565],[-73.86461956560132,40.75769371643525],[-73.85856138902115,40.75791243685632],[-73.85560819814121,40.75830541117791],[-73.85463995663274,40.758466157765206]]]},"properties":{"nta":"QN0302","name":"East Elmhurst","boro":"Queens","households":8647,"owner_hh":3919,"renter_hh":4728,"turnover_all":17.1,"turnover_own":4.9,"turnover_rent":27.3,"churn_annual":6.3,"owner_share":45.3,"moe_all":3,"moe_own":2.7,"moe_rent":4.6,"moe_churn":8.7}},
{"type":"Feature","geometry":{"type":"Polygon","coordinates":[[[-73.85220450477739,40.752660682361785],[-73.85261725264013,40.75340506602956],[-73.85300762267897,40.75455456602295],[-73.85318689821895,40.75539843021676],[-73.8535382197099,40.75655506950846],[-73.85413907086394,40.75776624473521],[-73.85463995663274,40.758466157765206],[-73.85560819814121,40.75830541117791],[-73.85856138902115,40.75791243685632],[-73.86461956560132,40.75769371643525],[-73.86567436887039,40.75762958285565],[-73.87311054699747,40.756850882142885],[-73.8736572171208,40.756803485602184],[-73.8726924055272,40.75502993973598],[-73.87084215574664,40.751544693088924],[-73.8694245844896,40.74915685151845],[-73.86751412791752,40.749375707481214],[-73.86111707530164,40.75002422886752],[-73.85583495477829,40.75157727296056],[-73.85220450477739,40.752660682361785]]]},"properties":{"nta":"QN0303","name":"North Corona","boro":"Queens","households":9738,"owner_hh":2042,"renter_hh":7696,"turnover_all":19,"turnover_own":11.7,"turnover_rent":20.9,"churn_annual":4.8,"owner_share":21,"moe_all":3.6,"moe_own":5.9,"moe_rent":4.2,"moe_churn":9.6}},
{"type":"Feature","geometry":{"type":"Polygon","coordinates":[[[-73.86462193356107,40.73428169011493],[-73.86582955951802,40.73664322351373],[-73.86609463583902,40.73725143014899],[-73.86731779324921,40.740261345190696],[-73.86756253362448,40.740941889595774],[-73.86755729400578,40.74167769782747],[-73.86747169101561,40.74209572251828],[-73.8674913490406,40.74330204795835],[-73.86843750874685,40.747031197314236],[-73.86852925170723,40.74758830224446],[-73.86891395713191,40.748368877040946],[-73.8694245844896,40.74915685151845],[-73.87370098217563,40.7487173194796],[-73.8762518014697,40.748438850112734],[-73.88299918156632,40.74773440242251],[-73.89175048638339,40.74681172763542],[-73.89240906549652,40.74713532888779],[-73.8937970868113,40.74769150085299],[-73.89564469726287,40.74847370607988],[-73.89444688662238,40.746535270812174],[-73.89344313730554,40.74495795514108],[-73.89217865619052,40.74287277803833],[-73.89168988464833,40.742144844700114],[-73.89088670228641,40.74068724516353],[-73.89469075852743,40.740232139182204],[-73.89420164755525,40.740123044797556],[-73.8896685189322,40.73930150893015],[-73.88725300716398,40.73883597461871],[-73.88730666605856,40.73864422754559],[-73.88753539950608,40.73676254300579],[-73.89136855506156,40.73606133167993],[-73.89137858997476,40.735918312996155],[-73.889608278037,40.73593866502983],[-73.88936177643157,40.73583833771049],[-73.88901641551915,40.735231458320065],[-73.88852285901477,40.734531160015514],[-73.88805975152022,40.730087231202994],[-73.88755962006357,40.7301970557394],[-73.88728902504215,40.72925285033623],[-73.88720114041632,40.7286120696629],[-73.8872048245606,40.72786882893659],[-73.88613253808866,40.72822219048121],[-73.88507973906366,40.72843258812362],[-73.88107245291349,40.72877534612479],[-73.8797226829646,40.72908887550374],[-73.87709406281586,40.73013279032057],[-73.87617867505074,40.73045332728014],[-73.87523717426548,40.73072395864231],[-73.87404481925668,40.73117007420907],[-73.87316634690005,40.73142631792748],[-73.86834370971762,40.733070637256404],[-73.86591580622637,40.73376565856064],[-73.86457248510011,40.73418839751414],[-73.86462193356107,40.73428169011493]]]},"properties":{"nta":"QN0401","name":"Elmhurst","boro":"Queens","households":33039,"owner_hh":8555,"renter_hh":24484,"turnover_all":21,"turnover_own":9.3,"turnover_rent":25.1,"churn_annual":6.6,"owner_share":25.9,"moe_all":1.9,"moe_own":2.1,"moe_rent":2.4,"moe_churn":5.2}},
{"type":"Feature","geometry":{"type":"Polygon","coordinates":[[[-73.84755579631894,40.739063915743635],[-73.84777844151239,40.73934483574819],[-73.84779173467615,40.73983078601063],[-73.84809495643508,40.74002699228168],[-73.84986181061382,40.74057672006487],[-73.85011556548316,40.74072356279743],[-73.8536056829371,40.74749682909479],[-73.85405453232636,40.748158316947254],[-73.85442575165439,40.74885172738613],[-73.85086439577863,40.74999564187307],[-73.85220450477739,40.752660682361785],[-73.85583495477829,40.75157727296056],[-73.86111707530164,40.75002422886752],[-73.86751412791752,40.749375707481214],[-73.8694245844896,40.74915685151845],[-73.86891395713191,40.748368877040946],[-73.86852925170723,40.74758830224446],[-73.86843750874685,40.747031197314236],[-73.8674913490406,40.74330204795835],[-73.86747169101561,40.74209572251828],[-73.86755729400578,40.74167769782747],[-73.86756253362448,40.740941889595774],[-73.86731779324921,40.740261345190696],[-73.86609463583902,40.73725143014899],[-73.86582955951802,40.73664322351373],[-73.86462193356107,40.73428169011493],[-73.85942834836958,40.73578873269638],[-73.8588655562166,40.73593913930966],[-73.85877141151009,40.735785289538065],[-73.85632260554273,40.73650613449278],[-73.85508484825145,40.73680075160273],[-73.85278232085616,40.73720935584912],[-73.85134604533705,40.73758845234141],[-73.85000213133638,40.73803658679243],[-73.84863622641704,40.73855694998662],[-73.84755579631894,40.739063915743635]]]},"properties":{"nta":"QN0402","name":"Corona","boro":"Queens","households":20432,"owner_hh":5016,"renter_hh":15416,"turnover_all":16.1,"turnover_own":6.2,"turnover_rent":19.4,"churn_annual":5.2,"owner_share":24.5,"moe_all":2.5,"moe_own":2.8,"moe_rent":3.2,"moe_churn":7.2}},
{"type":"Feature","geometry":{"type":"Polygon","coordinates":[[[-73.88852285901477,40.734531160015514],[-73.88910318916383,40.73459239646196],[-73.89232643901519,40.734470140761026],[-73.89347408234022,40.734602178551015],[-73.89440759522095,40.734899323650424],[-73.895101334044,40.735021183089586],[-73.8960293150264,40.735017891608294],[-73.89830812676674,40.735194184440594],[-73.89943348465943,40.73506259066804],[-73.90018211104973,40.73478232846151],[-73.9003411520535,40.73469754276577],[-73.90060814855137,40.7344838550728],[-73.90107970834157,40.733914635281465],[-73.90259650754373,40.73210442884784],[-73.90518057853612,40.72895657764349],[-73.90706867229271,40.72746652344227],[-73.9093028364694,40.72884626367248],[-73.910125169557,40.72932347579918],[-73.91093277256714,40.72968729661352],[-73.91173061792142,40.729964124082905],[-73.91200974532912,40.729228864817145],[-73.91204824987389,40.728541407777],[-73.91505217941192,40.728601181002006],[-73.91507233746363,40.727970820738676],[-73.91796696574369,40.728500770628514],[-73.91836395128227,40.72593088310013],[-73.91942471353599,40.7260988640267],[-73.92093354401482,40.726255147470845],[-73.92176246974316,40.72639218632523],[-73.92256702846129,40.7265999017787],[-73.92333200351011,40.72687398865128],[-73.92479726239083,40.72753628889049],[-73.92645216867697,40.728124281874365],[-73.92652759438836,40.727955307335485],[-73.9279089274922,40.72825331631524],[-73.9284859115421,40.72775858067109],[-73.92810972244405,40.7272613806742],[-73.92721721119993,40.7264606447605],[-73.92655663912454,40.72566906478483],[-73.9253014448664,40.72473297979259],[-73.92465327395487,40.72438764448709],[-73.92419217991211,40.724275741191],[-73.92269099988826,40.72424015511679],[-73.9216656348037,40.72405531631652],[-73.9209639267938,40.723782424826396],[-73.9203706423579,40.72368111281607],[-73.92071391517241,40.72331682364241],[-73.9212521202337,40.72341059438305],[-73.92218107895404,40.72370758255233],[-73.92254728383917,40.72360750371732],[-73.9229973006625,40.7236692924137],[-73.92433693392304,40.723603840274016],[-73.92451734212503,40.72355224249971],[-73.92508547471728,40.722470736068935],[-73.9251355914159,40.72226613316155],[-73.92424364921007,40.72142949875874],[-73.92422897974355,40.720913064174084],[-73.92385451813915,40.72020639441948],[-73.92397252474447,40.71963202814094],[-73.92393252200968,40.719029271667054],[-73.92365007474687,40.7186091949691],[-73.92346602654162,40.71813033432244],[-73.92279414745396,40.71753457614416],[-73.9222376112428,40.71638244099685],[-73.92060425099984,40.71603600769271],[-73.92064258940599,40.71577319202898],[-73.92232970167701,40.7160765451726],[-73.92279196672375,40.715800264250355],[-73.92352547251028,40.71561660887061],[-73.92412241575497,40.71513804844535],[-73.92368352152467,40.71408284191096],[-73.92404011245955,40.71400831262851],[-73.9146695804204,40.71343707492621],[-73.90878633588206,40.71305762586137],[-73.90607768457534,40.71290296470982],[-73.90059587784116,40.712697385240574],[-73.89506469374547,40.71247956272748],[-73.89553825056457,40.713803633708196],[-73.89628533053357,40.714817843798095],[-73.8975022636714,40.71638386771247],[-73.89792442109598,40.71678547496124],[-73.89882095410047,40.717372228500594],[-73.89726757777942,40.71814715656215],[-73.89834760053333,40.71919767856984],[-73.89985149268672,40.718375397965],[-73.90005937978121,40.71804637961166],[-73.90033904209324,40.71801994856641],[-73.90033454380907,40.71866914057504],[-73.90062644361817,40.71976405404416],[-73.90009286293615,40.72017685333899],[-73.89783709863057,40.720470196916665],[-73.89736598317032,40.72046438387832],[-73.8973970477915,40.72155120995722],[-73.8998161002817,40.721236901284854],[-73.90011223589211,40.72330816565856],[-73.89903191817592,40.72385696031509],[-73.898352850163,40.72311229087276],[-73.89582380640651,40.72389882212871],[-73.8956974326074,40.723412586214],[-73.89451032449544,40.72313194913192],[-73.89497218993841,40.72282359575468],[-73.89427879600704,40.72177400270325],[-73.89473892399079,40.72157729339405],[-73.8928625677604,40.71921070577881],[-73.8945750270531,40.71837744972756],[-73.89423532406491,40.71792437978085],[-73.89375790985683,40.71820619617621],[-73.89116014289719,40.71946027976745],[-73.88163408963928,40.723880454012686],[-73.88258786884484,40.725082765284796],[-73.88618322343763,40.724610059782194],[-73.88707712051257,40.724637701845],[-73.88713253421011,40.72614234653362],[-73.88720395608732,40.72619323192385],[-73.8872411369637,40.72740160889496],[-73.8872048245606,40.72786882893659],[-73.88720114041632,40.7286120696629],[-73.88728902504215,40.72925285033623],[-73.88755962006357,40.7301970557394],[-73.88805975152022,40.730087231202994],[-73.88852285901477,40.734531160015514]]]},"properties":{"nta":"QN0501","name":"Maspeth","boro":"Queens","households":14746,"owner_hh":8163,"renter_hh":6583,"turnover_all":15.7,"turnover_own":6.9,"turnover_rent":26.7,"churn_annual":7.8,"owner_share":55.4,"moe_all":2.2,"moe_own":2.1,"moe_rent":3.8,"moe_churn":6.7}},
{"type":"Feature","geometry":{"type":"Polygon","coordinates":[[[-73.89506469374547,40.71247956272748],[-73.90059587784116,40.712697385240574],[-73.90607768457534,40.71290296470982],[-73.90878633588206,40.71305762586137],[-73.9146695804204,40.71343707492621],[-73.92404011245955,40.71400831262851],[-73.92313936217201,40.71339472859281],[-73.92223466389498,40.712855954865084],[-73.92154601629636,40.711043283534565],[-73.92074853049758,40.71053364895845],[-73.92189184632589,40.70939609721312],[-73.91180709937288,40.703434952528376],[-73.91290404033842,40.70236189179874],[-73.9114224252523,40.70148658851843],[-73.91067882671317,40.701045969566344],[-73.9118068203699,40.69994688252277],[-73.9110692585137,40.699563497288686],[-73.90953273138557,40.69867510512562],[-73.90426018345657,40.695700371442825],[-73.9049142412777,40.69507357132999],[-73.90579597009139,40.69412715601634],[-73.90278824618895,40.692418339708084],[-73.90139840574003,40.69158999203721],[-73.90058403257873,40.692397786759315],[-73.90074962200802,40.69248266359243],[-73.90020195659926,40.693398462374134],[-73.90003039084218,40.69343745124335],[-73.89888585706781,40.69538947539998],[-73.89838185109375,40.696135997501685],[-73.89677249877954,40.696799116795425],[-73.89558457583472,40.69712764200624],[-73.89578005001509,40.698510962643475],[-73.89484994897542,40.69858962332291],[-73.89500322618817,40.69971237796606],[-73.89384018347869,40.70085972656156],[-73.89105316884583,40.70381641430696],[-73.8898433014183,40.70497240219519],[-73.88911917685428,40.70559887789942],[-73.88652826726778,40.70622520637669],[-73.88554946851846,40.70615461853382],[-73.88553214158814,40.7064456832489],[-73.88929924389514,40.707899569803494],[-73.88938120545319,40.708547171701],[-73.88821599071345,40.70889868644866],[-73.88862202372279,40.709667927734934],[-73.88785210167515,40.709891030193624],[-73.88813121677582,40.71034214248916],[-73.88731119081702,40.71055891587812],[-73.88842000644362,40.71226995777938],[-73.89506469374547,40.71247956272748]]]},"properties":{"nta":"QN0502","name":"Ridgewood","boro":"Queens","households":25112,"owner_hh":5182,"renter_hh":19930,"turnover_all":26.8,"turnover_own":10,"turnover_rent":31.1,"churn_annual":9.6,"owner_share":20.6,"moe_all":2.1,"moe_own":3.9,"moe_rent":2.4,"moe_churn":5.8}},
{"type":"Feature","geometry":{"type":"Polygon","coordinates":[[[-73.85729287192218,40.71146767719115],[-73.85975932730761,40.711845059783215],[-73.8596541674942,40.71337996208153],[-73.86500981935464,40.7107769094354],[-73.86661823125355,40.71040164922821],[-73.86939706585648,40.70952637587773],[-73.87017879970772,40.70923187162264],[-73.86975804707876,40.70832500044985],[-73.86927592605336,40.70748867085269],[-73.86911007026978,40.707089336763666],[-73.87153400383458,40.70703676755917],[-73.8742551795065,40.70685703123265],[-73.87720614669601,40.70668884150397],[-73.87900684196143,40.70653683936654],[-73.88088332654698,40.706453978273],[-73.88377296851912,40.70629420232434],[-73.88553214158814,40.7064456832489],[-73.88554946851846,40.70615461853382],[-73.88652826726778,40.70622520637669],[-73.88911917685428,40.70559887789942],[-73.8898433014183,40.70497240219519],[-73.89105316884583,40.70381641430696],[-73.89384018347869,40.70085972656156],[-73.89500322618817,40.69971237796606],[-73.89484994897542,40.69858962332291],[-73.89578005001509,40.698510962643475],[-73.89558457583472,40.69712764200624],[-73.89677249877954,40.696799116795425],[-73.89838185109375,40.696135997501685],[-73.89888585706781,40.69538947539998],[-73.90003039084218,40.69343745124335],[-73.89858277036454,40.693897028322674],[-73.89736265666656,40.6941108479019],[-73.89691021266253,40.6938422705381],[-73.89742730091562,40.69328898065161],[-73.89768631776539,40.69336525898252],[-73.89695653441352,40.69194920811647],[-73.895518584825,40.69236141730276],[-73.89474270809995,40.69263695345887],[-73.8932620980334,40.692200947458545],[-73.89357934937728,40.693085329231764],[-73.89398113147993,40.693075966044525],[-73.8955862536911,40.69397916251387],[-73.89507694293881,40.694591389701756],[-73.89245207558912,40.69522572929158],[-73.89190386108368,40.69431533708753],[-73.88818204912515,40.69505776803751],[-73.88865416765059,40.69582954889939],[-73.88648530276926,40.6964399152595],[-73.88723871523226,40.69688468103196],[-73.88753095198587,40.697168673030184],[-73.88783456925324,40.6976579484022],[-73.88788297496242,40.69801512131745],[-73.88818025719999,40.69885791191108],[-73.88771297954062,40.69967807635778],[-73.88431619385398,40.70020119700814],[-73.88280948430287,40.70068345565604],[-73.88273014701824,40.70054990997509],[-73.88174317583888,40.69953389506322],[-73.8786019781721,40.70069077980292],[-73.87621714111846,40.701595005488045],[-73.87639785062429,40.70229404227518],[-73.86824273877863,40.702970196822456],[-73.86280855583294,40.70341091580511],[-73.85874741844374,40.70297429833796],[-73.85823494833606,40.70283289066995],[-73.85893224244882,40.701320345427305],[-73.85827405761421,40.70122365990838],[-73.857279339531,40.7012125138238],[-73.85722762629649,40.70165172035626],[-73.85529571355171,40.70199100960875],[-73.85529275816589,40.70259550178674],[-73.85252018988406,40.70229172361688],[-73.85305663769039,40.7031370471151],[-73.85371219739027,40.703917888384545],[-73.85470823889172,40.705210974814655],[-73.85471652431808,40.7067694968294],[-73.85593793979514,40.70639628822719],[-73.85667714278766,40.70769187446505],[-73.85729287192218,40.71146767719115]]]},"properties":{"nta":"QN0503","name":"Glendale","boro":"Queens","households":12880,"owner_hh":6498,"renter_hh":6382,"turnover_all":16.9,"turnover_own":6.8,"turnover_rent":27.2,"churn_annual":9.4,"owner_share":50.5,"moe_all":3.1,"moe_own":2.2,"moe_rent":5.7,"moe_churn":8.3}},
{"type":"Feature","geometry":{"type":"Polygon","coordinates":[[[-73.86547610782141,40.72028093825461],[-73.86730908280583,40.72228902452482],[-73.86876817255619,40.72382090716315],[-73.86929270423025,40.72443592947432],[-73.86970765197088,40.725146434139816],[-73.87093081253016,40.72770320666913],[-73.87146074117443,40.72932637413712],[-73.87408913085832,40.73028279238112],[-73.87523717426548,40.73072395864231],[-73.87617867505074,40.73045332728014],[-73.87709406281586,40.73013279032057],[-73.8797226829646,40.72908887550374],[-73.88107245291349,40.72877534612479],[-73.88507973906366,40.72843258812362],[-73.88613253808866,40.72822219048121],[-73.8872048245606,40.72786882893659],[-73.8872411369637,40.72740160889496],[-73.88720395608732,40.72619323192385],[-73.88713253421011,40.72614234653362],[-73.88707712051257,40.724637701845],[-73.88618322343763,40.724610059782194],[-73.88258786884484,40.725082765284796],[-73.88163408963928,40.723880454012686],[-73.89116014289719,40.71946027976745],[-73.89375790985683,40.71820619617621],[-73.89423532406491,40.71792437978085],[-73.89301489203416,40.71615028449025],[-73.89269369302033,40.71666936049023],[-73.89164437196251,40.71774612889537],[-73.8914016745876,40.71783414388309],[-73.89065043499122,40.71855932298649],[-73.89063515929506,40.71881274644736],[-73.88844139986978,40.716436662221376],[-73.88725557877292,40.71497413044565],[-73.88717852727044,40.714756392640844],[-73.88721622141017,40.71405685799291],[-73.88712171630216,40.71375965073658],[-73.88773734792672,40.713636134929565],[-73.88684873492177,40.71253457071928],[-73.88687942908237,40.71222318607758],[-73.88507555594765,40.71216105627767],[-73.8800626757471,40.712652573688274],[-73.87907685128268,40.71035938983904],[-73.87943495437466,40.71028441943501],[-73.87926181116097,40.70990534793724],[-73.87872783141286,40.71002753514139],[-73.87761134046428,40.70716770625018],[-73.88086188417752,40.706584729365254],[-73.88088332654698,40.706453978273],[-73.87900684196143,40.70653683936654],[-73.87720614669601,40.70668884150397],[-73.8742551795065,40.70685703123265],[-73.87153400383458,40.70703676755917],[-73.86911007026978,40.707089336763666],[-73.86927592605336,40.70748867085269],[-73.86975804707876,40.70832500044985],[-73.87017879970772,40.70923187162264],[-73.87032063308534,40.709898999726924],[-73.87127652275579,40.71191917321589],[-73.87154693230556,40.7125969478758],[-73.87169362586245,40.71425986947695],[-73.87208400886988,40.71599084416442],[-73.8723917118283,40.71783057869373],[-73.8705305548885,40.71816075207411],[-73.86958633227903,40.718545015442075],[-73.86716736730756,40.71964091806119],[-73.86547610782141,40.72028093825461]]]},"properties":{"nta":"QN0504","name":"Middle Village","boro":"Queens","households":12976,"owner_hh":7697,"renter_hh":5279,"turnover_all":14.3,"turnover_own":8.4,"turnover_rent":22.9,"churn_annual":5.2,"owner_share":59.3,"moe_all":2.2,"moe_own":2.2,"moe_rent":4.1,"moe_churn":7.6}},
{"type":"Feature","geometry":{"type":"Polygon","coordinates":[[[-73.85877141151009,40.735785289538065],[-73.8588655562166,40.73593913930966],[-73.85942834836958,40.73578873269638],[-73.86462193356107,40.73428169011493],[-73.86457248510011,40.73418839751414],[-73.86591580622637,40.73376565856064],[-73.86834370971762,40.733070637256404],[-73.87316634690005,40.73142631792748],[-73.87404481925668,40.73117007420907],[-73.87523717426548,40.73072395864231],[-73.87408913085832,40.73028279238112],[-73.87146074117443,40.72932637413712],[-73.87093081253016,40.72770320666913],[-73.86970765197088,40.725146434139816],[-73.86929270423025,40.72443592947432],[-73.86876817255619,40.72382090716315],[-73.86730908280583,40.72228902452482],[-73.86547610782141,40.72028093825461],[-73.8652387052367,40.71997671002584],[-73.86301850054227,40.71770788252607],[-73.86003789787706,40.714932235723076],[-73.85964030974631,40.71400921990975],[-73.8596541674942,40.71337996208153],[-73.85975932730761,40.711845059783215],[-73.85729287192218,40.71146767719115],[-73.85744857821226,40.71369280004778],[-73.85777174464216,40.716456269156396],[-73.85868097494433,40.72261244048231],[-73.85990796356725,40.72434623516033],[-73.86203833783489,40.725956785406034],[-73.86015205492906,40.72522704125103],[-73.85805416739869,40.72444540610082],[-73.85727107984803,40.725681298088084],[-73.85941987945064,40.72646483756206],[-73.85798089544537,40.728735445245995],[-73.85762923515857,40.728606921813835],[-73.85851097754131,40.73028680330544],[-73.85625664948243,40.73095912309851],[-73.8585833344821,40.735471942354366],[-73.85877141151009,40.735785289538065]]]},"properties":{"nta":"QN0601","name":"Rego Park","boro":"Queens","households":12637,"owner_hh":5755,"renter_hh":6882,"turnover_all":18.8,"turnover_own":11.2,"turnover_rent":25.3,"churn_annual":9.4,"owner_share":45.5,"moe_all":2.9,"moe_own":3.1,"moe_rent":4.5,"moe_churn":8.3}},
{"type":"Feature","geometry":{"type":"Polygon","coordinates":[[[-73.83097820817336,40.714313605287636],[-73.8314586691967,40.71455445043996],[-73.83050460940986,40.714856945301364],[-73.82999728038358,40.71530125392916],[-73.82983328300575,40.7155677836586],[-73.83207140887906,40.71729059648569],[-73.83348148353802,40.7183334556568],[-73.83479214237425,40.71920142847552],[-73.83505666246542,40.71964384160104],[-73.83538045081515,40.72072218104147],[-73.83596312273758,40.7216771681247],[-73.83649768286769,40.722338536559356],[-73.8373145942717,40.72357150922379],[-73.83906354527967,40.72687953417365],[-73.83985434224356,40.7281775697852],[-73.84032703163582,40.72880711563218],[-73.84146810773275,40.729998093473796],[-73.84285558354436,40.73114091183742],[-73.8435048899644,40.73181434486424],[-73.84418886465552,40.732642019579956],[-73.84434729750444,40.73297869293788],[-73.8451154195021,40.734277408612805],[-73.84542613027915,40.73494980377872],[-73.84590881383592,40.73639980172257],[-73.84605541770422,40.73709918897149],[-73.84689366105576,40.738671217393154],[-73.84721361521655,40.73864398735329],[-73.84755579631894,40.739063915743635],[-73.84863622641704,40.73855694998662],[-73.85000213133638,40.73803658679243],[-73.85134604533705,40.73758845234141],[-73.85278232085616,40.73720935584912],[-73.85508484825145,40.73680075160273],[-73.85632260554273,40.73650613449278],[-73.85877141151009,40.735785289538065],[-73.8585833344821,40.735471942354366],[-73.85625664948243,40.73095912309851],[-73.85851097754131,40.73028680330544],[-73.85762923515857,40.728606921813835],[-73.85798089544537,40.728735445245995],[-73.85941987945064,40.72646483756206],[-73.85727107984803,40.725681298088084],[-73.85805416739869,40.72444540610082],[-73.86015205492906,40.72522704125103],[-73.86203833783489,40.725956785406034],[-73.85990796356725,40.72434623516033],[-73.85868097494433,40.72261244048231],[-73.85777174464216,40.716456269156396],[-73.85744857821226,40.71369280004778],[-73.85729287192218,40.71146767719115],[-73.85667714278766,40.70769187446505],[-73.85593793979514,40.70639628822719],[-73.85471652431808,40.7067694968294],[-73.85110121587225,40.707900983690756],[-73.84951207338162,40.70834566137426],[-73.84857838674766,40.70843872082724],[-73.84697970156076,40.70830910315001],[-73.84567198082914,40.708410366793395],[-73.84453738714153,40.70866105563943],[-73.84381825646523,40.70891182062644],[-73.84314625235133,40.709223456920625],[-73.84133936543044,40.709946234362405],[-73.83972439820785,40.71039876558634],[-73.83952312644406,40.710496451957994],[-73.8380575606343,40.71092087278387],[-73.8373681783795,40.71116692878268],[-73.83611476516761,40.7118251468735],[-73.83597706956753,40.711705956974846],[-73.83372003857848,40.71294402101709],[-73.83130034177765,40.71419485887409],[-73.83097820817336,40.714313605287636]]]},"properties":{"nta":"QN0602","name":"Forest Hills","boro":"Queens","households":40992,"owner_hh":19818,"renter_hh":21174,"turnover_all":21,"turnover_own":14,"turnover_rent":27.5,"churn_annual":9,"owner_share":48.3,"moe_all":1.8,"moe_own":2.4,"moe_rent":2.5,"moe_churn":4.9}},
{"type":"Feature","geometry":{"type":"MultiPolygon","coordinates":[[[[-73.86788407470766,40.78736103669476],[-73.86817127125163,40.78725619565468],[-73.86923491611483,40.78596991541737],[-73.86918113437791,40.785943489570144],[-73.86813031999918,40.7872327783469],[-73.86788407470766,40.78736103669476]]],[[[-73.82703055823802,40.7977184574158],[-73.82719240016704,40.79750898169441],[-73.82699346948222,40.79725811009959],[-73.82707416487673,40.7969747446413],[-73.82742422822851,40.796748674971404],[-73.8279002893763,40.79674864896372],[-73.82866451653848,40.79647557494167],[-73.82900907437056,40.796508668242524],[-73.8286214492206,40.79580725047378],[-73.82832651007614,40.79548108145836],[-73.82800645038526,40.794913099673565],[-73.82779277842657,40.793295389199514],[-73.82806320797067,40.7927552600029],[-73.82839743076788,40.79255229704336],[-73.8292317458574,40.79300228767831],[-73.82929713664241,40.7929309066726],[-73.82851893011993,40.79249423667804],[-73.82871253640485,40.79220265651864],[-73.82910913605086,40.79189852848425],[-73.82977510813083,40.7916177224088],[-73.83012339505993,40.79155264422519],[-73.83061230109038,40.79165585496956],[-73.8313852926197,40.79135723760186],[-73.83174331570893,40.7910061067843],[-73.83189574731155,40.79048918855073],[-73.83214872000922,40.79003324485338],[-73.83197646026694,40.78945047682162],[-73.8317800623502,40.78920838781633],[-73.83211813286137,40.788772037916374],[-73.83292937171421,40.78851811420333],[-73.83377597877141,40.78851263800152],[-73.83408663721556,40.7890332966695],[-73.83512500940837,40.78917174519257],[-73.8354724855871,40.78928303083249],[-73.83554685397812,40.78951912130846],[-73.83589707105428,40.789562655762055],[-73.83632428085808,40.78946490992189],[-73.83714862184164,40.789557587231684],[-73.83738742040761,40.78981989894507],[-73.83737222207895,40.79039843212066],[-73.83753166733335,40.7906480491707],[-73.83751117653668,40.791027751207544],[-73.83732085415384,40.79139278568124],[-73.8369090553902,40.791537219521004],[-73.83661598944191,40.79176276700107],[-73.83663288923375,40.79251637553879],[-73.8371260469754,40.79369555004132],[-73.83708406769921,40.79390346197075],[-73.83736225289819,40.79426352424789],[-73.83840083077962,40.79675525830704],[-73.83903676812523,40.79705247607581],[-73.83997099590049,40.79690564189244],[-73.84025860809137,40.797588858432334],[-73.83919004727309,40.797777265945236],[-73.83923388155272,40.797885306950946],[-73.84041517909824,40.79767843675542],[-73.8401393036446,40.79687918783629],[-73.8405998229462,40.796806803210735],[-73.84129943545976,40.79621966933019],[-73.84142243684364,40.79599978788022],[-73.84130711082263,40.79527251472143],[-73.84150804072782,40.79513729961799],[-73.84190480251942,40.79562179424094],[-73.84216747341138,40.79561294016378],[-73.84289254581864,40.79539277833731],[-73.84343261955163,40.79494844908717],[-73.84390523935939,40.79486930670913],[-73.84451391906175,40.79488179016898],[-73.84527885159012,40.79544938579958],[-73.84560469078744,40.79585478326092],[-73.84624420656033,40.79616309543732],[-73.84677146173857,40.795992889184916],[-73.84781967180521,40.79578469597086],[-73.84870999361341,40.79541648129005],[-73.84887654563344,40.79513404169143],[-73.84878370153676,40.79454210272804],[-73.84907814795613,40.79414538498356],[-73.84885848370794,40.793591099023075],[-73.84906160768959,40.793362610297805],[-73.84933654809896,40.79337149956551],[-73.85097034152753,40.79385794832421],[-73.85159077157464,40.79408653057549],[-73.85262310782954,40.79475015642734],[-73.85276627198616,40.79438924682435],[-73.85353237176382,40.794138856811934],[-73.85374051410702,40.793840496842186],[-73.85365042177172,40.793335930646556],[-73.8537433789428,40.79229377230278],[-73.85297910559666,40.79165682085715],[-73.85266414518988,40.79109170477704],[-73.85309376971473,40.790837843713376],[-73.85445222779876,40.79027417831183],[-73.85460743543314,40.78950066347571],[-73.85477486760355,40.78901401792434],[-73.85479249924697,40.788583808204606],[-73.85432601017293,40.788313590451004],[-73.85284201138361,40.788342555973664],[-73.85322865679302,40.78789022303608],[-73.85449877839766,40.7877322639259],[-73.85473138059363,40.78777797063211],[-73.8559594143054,40.78767801890303],[-73.85616935713475,40.78749884398245],[-73.85634817318294,40.786983115246855],[-73.85701118903778,40.78664735876289],[-73.85754734103443,40.78693456286541],[-73.85815754110143,40.787035379242376],[-73.85865887626714,40.78656559120986],[-73.85862705727051,40.78612296343982],[-73.85898579987841,40.78600494337729],[-73.85912285858105,40.78573313179509],[-73.85900171407565,40.78518675422873],[-73.8585252017042,40.78521351878021],[-73.85798841704916,40.784677925182244],[-73.85789221034877,40.78428163064462],[-73.85816972661222,40.78404538450054],[-73.85808318103429,40.783724078339276],[-73.85761223352837,40.783611870504345],[-73.8572794625962,40.78336078528376],[-73.85593296614007,40.7833178794982],[-73.85545062835031,40.78314307863596],[-73.8553884517456,40.78207571580825],[-73.85485429206548,40.781940041470065],[-73.853645069824,40.78198934521597],[-73.85322330950052,40.78206053386521],[-73.85314993069177,40.782323936276356],[-73.8519205472728,40.78234735174165],[-73.85123047734253,40.78240254733392],[-73.85051869908494,40.782353377574225],[-73.85020961297315,40.78241284953192],[-73.84925954248891,40.78227197917415],[-73.84947294903961,40.78198472698134],[-73.84954646302366,40.78163139397267],[-73.84984470739508,40.781592504084614],[-73.84991219996317,40.781087504587916],[-73.84981911467308,40.780665050314965],[-73.84961037731613,40.78052908203053],[-73.84949381208203,40.780065828616955],[-73.84984362844223,40.779775475421985],[-73.84979304347515,40.77949768519767],[-73.8510390476669,40.779280133520835],[-73.85096718956468,40.779110914112735],[-73.849577548503,40.7793974122494],[-73.8497961047962,40.77907534402317],[-73.8498013209801,40.778767306027994],[-73.84935671111833,40.77816133588511],[-73.84895450913376,40.77792770447241],[-73.84909641755381,40.77578595502849],[-73.8489298861563,40.77555708063135],[-73.84916950018034,40.77497426743165],[-73.84921197208809,40.7745476349787],[-73.84896112400038,40.77374268475352],[-73.84918580437014,40.773104721090505],[-73.84994620808673,40.77205737261643],[-73.84960979017012,40.771484203958636],[-73.84933814775229,40.771187620368764],[-73.84890527065546,40.77098225068602],[-73.84859368539993,40.77062391952263],[-73.84846211582652,40.76977923329433],[-73.84882194384278,40.769476364041395],[-73.84899656302136,40.76914831350337],[-73.84874543600243,40.76871174752752],[-73.8484238998826,40.76865404116786],[-73.84817876045544,40.768439048608194],[-73.84827134088803,40.7682021811484],[-73.84862313819268,40.76811397427409],[-73.84821324018463,40.76763459784819],[-73.84780575104429,40.76677294817186],[-73.84723067910053,40.76631315809502],[-73.84652170418862,40.76629579962675],[-73.84528163541587,40.76566611948273],[-73.84448895884205,40.76545960258414],[-73.84394748335801,40.765494881485914],[-73.84295915637374,40.76585472242508],[-73.84268196002424,40.76583060716448],[-73.84144364387917,40.76610519298736],[-73.84031170315286,40.76629479789859],[-73.83990190913454,40.76682415841421],[-73.8396937599087,40.766824806462644],[-73.83969772482985,40.76639267704465],[-73.83925621702691,40.766034209638896],[-73.83872288535957,40.766902564986616],[-73.83820473755638,40.76764804641113],[-73.83757693755115,40.76839940000325],[-73.83626891661395,40.769609971650674],[-73.83521611654476,40.77037653919408],[-73.83243798797068,40.7720140245471],[-73.83159305635508,40.772560020472646],[-73.83054002274982,40.77343694713173],[-73.83015693041679,40.77382474231787],[-73.8288829967806,40.77542700714356],[-73.82823904732787,40.776459945838425],[-73.82670178198907,40.77912944439399],[-73.82567639238657,40.780857348588064],[-73.82528484048761,40.7816972923255],[-73.82498992933844,40.78170146368238],[-73.82463189509559,40.78286318227324],[-73.82418495371438,40.785202520542775],[-73.82383397610032,40.786756199456526],[-73.82349564763787,40.78763545476921],[-73.8229912654517,40.78839717266131],[-73.82259118671583,40.78910818010241],[-73.82248565604507,40.78949025409429],[-73.82250401910781,40.790339699383246],[-73.82286529575353,40.791484351956626],[-73.82368995294716,40.79272613819117],[-73.82403946055099,40.793045919687856],[-73.82703055823802,40.7977184574158]]]]},"properties":{"nta":"QN0701","name":"College Point","boro":"Queens","households":9642,"owner_hh":5179,"renter_hh":4463,"turnover_all":18.2,"turnover_own":9,"turnover_rent":28.9,"churn_annual":9,"owner_share":53.7,"moe_all":3.7,"moe_own":2.6,"moe_rent":7,"moe_churn":11.1}},
{"type":"Feature","geometry":{"type":"Polygon","coordinates":[[[-73.79410104903768,40.78655968979853],[-73.79241205416444,40.78728099961986],[-73.7905830092439,40.78813068393343],[-73.7910170600789,40.78848394689091],[-73.79186139966966,40.789299916453565],[-73.79205591912397,40.789092179011476],[-73.79268790112634,40.78877761922631],[-73.79362007276177,40.78899663724746],[-73.79378268703302,40.78911893737719],[-73.79478261037299,40.791302820674154],[-73.79496106350949,40.79190045495309],[-73.79484353308835,40.79253110061701],[-73.79457260491047,40.79273395094989],[-73.79464168117262,40.7931057566402],[-73.79433154642857,40.793530226677184],[-73.79427670606877,40.79406498949626],[-73.79459777358548,40.79493777063352],[-73.7958082608029,40.79498759158969],[-73.79649931541057,40.795118025276665],[-73.79742732477543,40.79544963108656],[-73.79811108045213,40.795605888565504],[-73.79858655954654,40.79590123004438],[-73.79930839755899,40.796088135897485],[-73.79957360324465,40.79631814464341],[-73.79979040590374,40.79617351363538],[-73.80065920162396,40.79635386816217],[-73.80101126230595,40.79652237458978],[-73.80141216948574,40.796376851705126],[-73.80239061099638,40.79626662768408],[-73.80295830316697,40.79640959084292],[-73.80298007023815,40.796708725637885],[-73.80341116427729,40.79670529197958],[-73.80348346265083,40.79647111246648],[-73.80397418925084,40.79627825591984],[-73.80460953451069,40.79613545786349],[-73.80533944487574,40.796163928288955],[-73.80575309750266,40.79643417340666],[-73.8062319669889,40.79650278043306],[-73.80636331452577,40.796393605437856],[-73.8076775124609,40.79667221478847],[-73.80879338042212,40.796795963154445],[-73.8092438784101,40.79695881745704],[-73.81052518125517,40.79722077040855],[-73.81149594289639,40.797344193149705],[-73.81182161861155,40.79745867632896],[-73.81179002769257,40.79802633175477],[-73.81227088457787,40.798127415621586],[-73.81253971935577,40.79805918151488],[-73.81287448914716,40.797177142464314],[-73.81324649695347,40.79721182110095],[-73.81363525454101,40.79704721742738],[-73.81364448202888,40.79751803318916],[-73.81412503053133,40.79775024728344],[-73.81595372067173,40.798498373009345],[-73.8164913280699,40.79901032752503],[-73.81738598276704,40.799288886821394],[-73.8183155248189,40.79992095808591],[-73.81912616697637,40.800549432320494],[-73.81981644685803,40.80080183865599],[-73.82011762746342,40.80076125498508],[-73.82098071933156,40.800478109269875],[-73.82190058937542,40.799728363408896],[-73.8225405641931,40.798957277373134],[-73.82327725565037,40.79845606538026],[-73.82385948384704,40.79815413510484],[-73.82407388430009,40.797950135359066],[-73.82523269193099,40.79729854889431],[-73.8261182190996,40.79727143446589],[-73.82661605440374,40.79778068963285],[-73.82703055823802,40.7977184574158],[-73.82403946055099,40.793045919687856],[-73.82368995294716,40.79272613819117],[-73.82286529575353,40.791484351956626],[-73.82250401910781,40.790339699383246],[-73.82248565604507,40.78949025409429],[-73.82259118671583,40.78910818010241],[-73.8229912654517,40.78839717266131],[-73.82349564763787,40.78763545476921],[-73.82383397610032,40.786756199456526],[-73.82418495371438,40.785202520542775],[-73.82463189509559,40.78286318227324],[-73.82498992933844,40.78170146368238],[-73.82461020482916,40.78171963350941],[-73.82224127572,40.7816938794787],[-73.82261541379434,40.78112682390938],[-73.82291816140491,40.78053566722377],[-73.82331286855239,40.77957865983422],[-73.82132278373392,40.779409258890574],[-73.81452997736083,40.77888817487941],[-73.81485850501342,40.7764859231172],[-73.80379022821839,40.7756101127967],[-73.80369287408381,40.77631968780793],[-73.80313481592336,40.78041580609976],[-73.80306623198753,40.78077013725297],[-73.80324974651853,40.781275479894674],[-73.80299781866992,40.78141047563661],[-73.80284010571091,40.78255003726735],[-73.80241070073104,40.785817210985336],[-73.80242243472784,40.78601897987739],[-73.80157437880128,40.7859831856398],[-73.79783171697144,40.78584566904739],[-73.7968508428472,40.78591132754844],[-73.79580451851862,40.786071209528615],[-73.79494008922235,40.786275007036245],[-73.79410104903768,40.78655968979853]]]},"properties":{"nta":"QN0702","name":"Whitestone-Beechhurst","boro":"Queens","households":11007,"owner_hh":7968,"renter_hh":3039,"turnover_all":11.5,"turnover_own":6.8,"turnover_rent":23.6,"churn_annual":6.8,"owner_share":72.4,"moe_all":2.6,"moe_own":2.1,"moe_rent":6.8,"moe_churn":9.4}},
{"type":"Feature","geometry":{"type":"Polygon","coordinates":[[[-73.76815640868458,40.77812526976861],[-73.76760454567845,40.77829903415702],[-73.76816173051576,40.779396821242194],[-73.76908807714565,40.78053283233427],[-73.77060974454855,40.78207979394091],[-73.77160731979487,40.7829962651857],[-73.77407638297778,40.78591728401942],[-73.7740960982874,40.78629656597283],[-73.77655347405805,40.787630240702676],[-73.77796124413697,40.788364323038124],[-73.77965495820835,40.78906344660279],[-73.78120521665697,40.789587914389735],[-73.78171460726156,40.79053031998581],[-73.7817470869697,40.79113340664349],[-73.78227330183385,40.791373715718215],[-73.78434152993464,40.791749353793804],[-73.78440669003332,40.791675839835236],[-73.78252265694827,40.79135222690734],[-73.78317940975478,40.79086646369995],[-73.78383842448224,40.79064095467055],[-73.78568101301406,40.790340671660175],[-73.78750199944683,40.7903088180059],[-73.7893090706564,40.79038006954936],[-73.79028202353355,40.79031696289745],[-73.7910020335775,40.78993740256059],[-73.79186139966954,40.789299916453594],[-73.7910170600788,40.78848394689097],[-73.79058300924375,40.78813068393346],[-73.79241205416429,40.78728099961986],[-73.79410104903768,40.78655968979853],[-73.79494008922224,40.786275007036245],[-73.79580451851862,40.786071209528615],[-73.79685084284726,40.78591132754844],[-73.79783171697133,40.78584566904739],[-73.80157437880128,40.7859831856398],[-73.80242243472773,40.78601897987739],[-73.80241070073104,40.785817210985336],[-73.80284010571091,40.78255003726735],[-73.80299781866992,40.781410475636655],[-73.80324974651842,40.781275479894724],[-73.80306623198753,40.78077013725297],[-73.80313481592336,40.78041580609976],[-73.80369287408381,40.77631968780793],[-73.80379022821845,40.7756101127967],[-73.7985300933913,40.77519072888207],[-73.7982329544583,40.77484830546485],[-73.79741530928378,40.77401038228474],[-73.79565701988966,40.77303608721581],[-73.79557358401856,40.77304924513708],[-73.79365230270004,40.77336043864155],[-73.792267951548,40.77399004200691],[-73.79163526066453,40.77423865558605],[-73.79034971702966,40.774573094707705],[-73.78913873592965,40.77484869117617],[-73.78740991590456,40.77531789240434],[-73.78626498148348,40.77564607980888],[-73.78491489197513,40.77604051056008],[-73.78459339349038,40.776141225693316],[-73.78440918662868,40.77619021960324],[-73.78407645292077,40.77628882355979],[-73.7803618019994,40.77738704719077],[-73.77947656058417,40.77766416991941],[-73.77769354895253,40.778160416552],[-73.77678363262255,40.77840958379054],[-73.7758395817773,40.7786123731144],[-73.7755373218135,40.77702559797934],[-73.77378257015204,40.777547468007874],[-73.77203608018608,40.77806980361344],[-73.76861267825937,40.77909521106401],[-73.76815640868458,40.77812526976861]]]},"properties":{"nta":"QN0703","name":"Bay Terrace-Clearview","boro":"Queens","households":10403,"owner_hh":8238,"renter_hh":2165,"turnover_all":14.7,"turnover_own":10.6,"turnover_rent":30.6,"churn_annual":8.1,"owner_share":79.2,"moe_all":3.1,"moe_own":2.5,"moe_rent":10,"moe_churn":12.4}},
{"type":"Feature","geometry":{"type":"Polygon","coordinates":[[[-73.80379022821839,40.7756101127967],[-73.81485850501342,40.7764859231172],[-73.81452997736083,40.77888817487941],[-73.82132278373392,40.779409258890574],[-73.82331286855239,40.77957865983422],[-73.82291816140491,40.78053566722377],[-73.82261541379434,40.78112682390938],[-73.82224127572,40.7816938794787],[-73.82461020482916,40.78171963350941],[-73.82498992933844,40.78170146368238],[-73.82528484048761,40.7816972923255],[-73.82567639238657,40.780857348588064],[-73.82670178198907,40.77912944439399],[-73.82823904732787,40.776459945838425],[-73.8288829967806,40.77542700714356],[-73.83015693041679,40.77382474231787],[-73.83054002274982,40.77343694713173],[-73.83159305635508,40.772560020472646],[-73.83150226854384,40.7724879568315],[-73.83151692468128,40.77165764985647],[-73.83058462325141,40.7716388752165],[-73.83054572477742,40.7702236831603],[-73.83027317298364,40.7704396469115],[-73.82957144973903,40.7707111120933],[-73.82862618564955,40.77070842275811],[-73.82656578804828,40.77064147673239],[-73.82655841905539,40.770137083592495],[-73.82466908878068,40.770407607806455],[-73.82348245124568,40.76465179236624],[-73.82207359712731,40.76162495450654],[-73.82080684792837,40.7589417833156],[-73.82063593185151,40.758872267845774],[-73.81226778034534,40.76113002164626],[-73.8110496301882,40.76141702158745],[-73.80951372555968,40.761299911024054],[-73.80399971228329,40.76027048753167],[-73.8003003897138,40.75970229914358],[-73.79940088770714,40.759397219057],[-73.79580437588687,40.75809121700371],[-73.79493246101809,40.75779803007236],[-73.79402473893013,40.75773596895556],[-73.79031516842448,40.757823450587665],[-73.79076004554386,40.76098576942364],[-73.79343991080363,40.760764127960265],[-73.79343673637212,40.761596830826896],[-73.79302551299664,40.764621192187676],[-73.7939591452068,40.76469531992347],[-73.79317944423835,40.770403177725676],[-73.79493636644898,40.77240453088558],[-73.7956570198897,40.77303608721581],[-73.79741530928378,40.77401038228474],[-73.7982329544583,40.77484830546485],[-73.7985300933913,40.77519072888204],[-73.80379022821839,40.7756101127967]]]},"properties":{"nta":"QN0704","name":"Murray Hill-Broadway Flushing","boro":"Queens","households":19740,"owner_hh":9977,"renter_hh":9763,"turnover_all":17.6,"turnover_own":10.4,"turnover_rent":24.9,"churn_annual":5.4,"owner_share":50.5,"moe_all":2.4,"moe_own":2.5,"moe_rent":3.6,"moe_churn":7.8}},
{"type":"Feature","geometry":{"type":"Polygon","coordinates":[[[-73.79493246101809,40.75779803007236],[-73.79580437588687,40.75809121700371],[-73.79940088770714,40.759397219057],[-73.8003003897138,40.75970229914358],[-73.80399971228329,40.76027048753167],[-73.80951372555968,40.761299911024054],[-73.8110496301882,40.76141702158745],[-73.81226778034534,40.76113002164626],[-73.82063593185151,40.758872267845774],[-73.8178924559545,40.75708633898605],[-73.82030067670415,40.755514980724726],[-73.81840782792052,40.75383042207662],[-73.82084928748625,40.752241544924296],[-73.82191828734253,40.75317308071225],[-73.82426493808411,40.75183288858868],[-73.82321319722392,40.75070793150672],[-73.82131898119611,40.7487581830458],[-73.82108427436813,40.74855844694599],[-73.81782025822297,40.74738541614714],[-73.81575069483411,40.746979480114966],[-73.815373172896,40.74721833785883],[-73.81416171989086,40.74613858082959],[-73.80750599258123,40.75013658725931],[-73.80287666422223,40.74976515017333],[-73.80274910854627,40.748606751761486],[-73.80276629121889,40.74812214525458],[-73.80294034044728,40.74740891696377],[-73.80335214064682,40.74643196519029],[-73.79826235368711,40.746965656177046],[-73.79769551308054,40.74658715907294],[-73.7973169785311,40.74646919778204],[-73.79623742793206,40.74664005449998],[-73.7949978816153,40.746617344957436],[-73.79457976040996,40.746402683486714],[-73.79472264877985,40.74759933020805],[-73.79704715969253,40.7493323184425],[-73.79729524633105,40.74943505288953],[-73.79536550262804,40.75038476812111],[-73.79472141191256,40.75062131979514],[-73.7945772690188,40.75356301133769],[-73.79493246101809,40.75779803007236]]]},"properties":{"nta":"QN0705","name":"East Flushing","boro":"Queens","households":11132,"owner_hh":4866,"renter_hh":6266,"turnover_all":15.7,"turnover_own":8.4,"turnover_rent":21.4,"churn_annual":7.7,"owner_share":43.7,"moe_all":2.7,"moe_own":2.3,"moe_rent":4.2,"moe_churn":7.8}},
{"type":"Feature","geometry":{"type":"Polygon","coordinates":[[[-73.81416171989086,40.74613858082959],[-73.815373172896,40.74721833785883],[-73.81575069483411,40.746979480114966],[-73.81782025822297,40.74738541614714],[-73.82108427436813,40.74855844694599],[-73.82131898119611,40.7487581830458],[-73.82321319722392,40.75070793150672],[-73.82426493808411,40.75183288858868],[-73.82576557247215,40.75096902425292],[-73.82573938064152,40.75018353466092],[-73.82584440827102,40.749348392102114],[-73.82723921405703,40.749859603088304],[-73.8276564180309,40.74986083084326],[-73.82846651717637,40.749596580231284],[-73.82943632649436,40.74920530878902],[-73.8308295070967,40.748988937875254],[-73.83126591537106,40.748618046266614],[-73.83125479839798,40.74810635962931],[-73.83300301897044,40.747833989797286],[-73.833085823199,40.747989125404764],[-73.83411432962475,40.747357310326564],[-73.83462522085614,40.746880950882606],[-73.83537586058117,40.74551788899374],[-73.83567553859353,40.74485051806162],[-73.83595071392978,40.74373057010776],[-73.83586131783862,40.74322798520755],[-73.83386850887229,40.742772206416596],[-73.83296892986608,40.7425936165982],[-73.83115549354883,40.74234091794378],[-73.83133868363664,40.7391706310632],[-73.83090596456923,40.739132763891774],[-73.83099423001246,40.73856549499752],[-73.83113451649305,40.73856190697565],[-73.83053551231437,40.73752019476341],[-73.82946751842844,40.7370244827513],[-73.8280915257704,40.73708317627821],[-73.82794968932286,40.73781959923788],[-73.82796455084349,40.73850320445289],[-73.82701222392282,40.73856900905002],[-73.82633788138665,40.738828428813555],[-73.8258218963915,40.739118425333224],[-73.82556079168602,40.73945436007155],[-73.8249743992586,40.739440426755365],[-73.8249480087466,40.739567105506474],[-73.82481178355508,40.73963096056882],[-73.82471271211521,40.73983373070386],[-73.82006431353759,40.738828140377926],[-73.8167795953239,40.73837979389538],[-73.81633109279821,40.73844640177466],[-73.81607676712662,40.738857933588704],[-73.81518583026279,40.73857117153893],[-73.81497208191401,40.73856071556801],[-73.8150571454396,40.73898684741522],[-73.81407601781174,40.73883734991074],[-73.81322219658679,40.738760352946],[-73.80657749455916,40.738498024629756],[-73.80466748100518,40.73844509381072],[-73.79822184145243,40.73822231538018],[-73.79728670734426,40.73823276656348],[-73.79641178366118,40.73832532618916],[-73.79640833669879,40.73859341998245],[-73.79717686515644,40.73998668626288],[-73.79727515150843,40.740330033748705],[-73.79723084906004,40.74169550663387],[-73.79695065232302,40.74193303565002],[-73.7994707171161,40.74222428880841],[-73.80134466357356,40.742228662161146],[-73.80447287504255,40.74216709993038],[-73.80729839666533,40.74199377747434],[-73.80823789494119,40.74201115861197],[-73.81295585929928,40.742739190056824],[-73.81430884781608,40.742973773568416],[-73.81378451891194,40.74455455329557],[-73.81367361908349,40.745555865212225],[-73.81416171989086,40.74613858082959]]]},"properties":{"nta":"QN0706","name":"Queensboro Hill","boro":"Queens","households":6216,"owner_hh":3297,"renter_hh":2919,"turnover_all":13.2,"turnover_own":6.2,"turnover_rent":21,"churn_annual":5.4,"owner_share":53,"moe_all":3.6,"moe_own":3.4,"moe_rent":6.2,"moe_churn":11.8}},
{"type":"Feature","geometry":{"type":"Polygon","coordinates":[[[-73.82063593185151,40.758872267845774],[-73.82080684792837,40.7589417833156],[-73.82207359712731,40.76162495450654],[-73.82348245124568,40.76465179236624],[-73.82466908878068,40.770407607806455],[-73.82655841905539,40.770137083592495],[-73.82656578804828,40.77064147673239],[-73.82862618564955,40.77070842275811],[-73.82957144973903,40.7707111120933],[-73.83027317298364,40.7704396469115],[-73.83054572477742,40.7702236831603],[-73.83058462325141,40.7716388752165],[-73.83151692468128,40.77165764985647],[-73.83150226854384,40.7724879568315],[-73.83159305635508,40.772560020472646],[-73.83243798797068,40.7720140245471],[-73.83521611654476,40.77037653919408],[-73.83626891661395,40.769609971650674],[-73.83757693755115,40.76839940000325],[-73.83820473755638,40.76764804641113],[-73.83872288535957,40.766902564986616],[-73.83925621702691,40.766034209638896],[-73.83913189197197,40.76599110607021],[-73.8394581331383,40.76544576895956],[-73.83957826853546,40.7652523229732],[-73.84052635479509,40.7653879891977],[-73.84231147973163,40.764831665831714],[-73.84298479705768,40.76442359311683],[-73.84306961203558,40.76359256915301],[-73.8441156672284,40.763136200081966],[-73.84523206915868,40.76243460761845],[-73.84670933597923,40.76134526913537],[-73.84596638423373,40.76069999140458],[-73.84363442713195,40.75615699376403],[-73.843243813566,40.7553368037672],[-73.84199957037283,40.755715504372596],[-73.83912329907537,40.75682806277276],[-73.83861858898014,40.75704484639162],[-73.83821097020433,40.75525316665709],[-73.83768167055048,40.754135362350084],[-73.83743232555322,40.754103934094246],[-73.83648342229216,40.75281304337125],[-73.83559153783257,40.751377132770244],[-73.83229535672847,40.75194179113857],[-73.83222331272125,40.75141988748444],[-73.8326956984728,40.74930321108258],[-73.833085823199,40.747989125404764],[-73.83300301897044,40.747833989797286],[-73.83125479839798,40.74810635962931],[-73.83126591537106,40.748618046266614],[-73.8308295070967,40.748988937875254],[-73.82943632649436,40.74920530878902],[-73.82846651717637,40.749596580231284],[-73.8276564180309,40.74986083084326],[-73.82723921405703,40.749859603088304],[-73.82584440827102,40.749348392102114],[-73.82573938064152,40.75018353466092],[-73.82576557247215,40.75096902425292],[-73.82426493808411,40.75183288858868],[-73.82191828734253,40.75317308071225],[-73.82084928748625,40.752241544924296],[-73.81840782792052,40.75383042207662],[-73.82030067670415,40.755514980724726],[-73.8178924559545,40.75708633898605],[-73.82063593185151,40.758872267845774]]]},"properties":{"nta":"QN0707","name":"Flushing-Willets Point","boro":"Queens","households":26505,"owner_hh":8179,"renter_hh":18326,"turnover_all":19.5,"turnover_own":12.5,"turnover_rent":22.6,"churn_annual":9.6,"owner_share":30.9,"moe_all":2.3,"moe_own":3.2,"moe_rent":3,"moe_churn":6.7}},
{"type":"Feature","geometry":{"type":"Polygon","coordinates":[[[-73.81497208191401,40.73856071556801],[-73.81518583026279,40.73857117153893],[-73.81607676712662,40.738857933588704],[-73.81633109279821,40.73844640177466],[-73.8167795953239,40.73837979389538],[-73.82006431353759,40.738828140377926],[-73.82471271211521,40.73983373070386],[-73.82481178355508,40.73963096056882],[-73.82487827311917,40.739572312931415],[-73.82532707350995,40.735101794019684],[-73.8253932151459,40.73404823668828],[-73.82553129314755,40.73363428214846],[-73.82566535329194,40.732279578377415],[-73.83386267065022,40.7305531890079],[-73.83307087957822,40.72991903138302],[-73.83269855274538,40.72925986224708],[-73.8322408789536,40.72863052083496],[-73.83170465866348,40.72804033224622],[-73.83086471412695,40.726709634659414],[-73.83021940917156,40.7261206245821],[-73.82979910980455,40.72589725400036],[-73.82824491671177,40.72542399709404],[-73.82755527729189,40.72496095026603],[-73.8271292426344,40.72430364066147],[-73.82585945594685,40.72046263176265],[-73.8255676202253,40.719720871371216],[-73.82539923826937,40.71741485698571],[-73.82518900129183,40.71732316141585],[-73.82372578229767,40.71747584559352],[-73.82289397389587,40.71748940101034],[-73.82170478841732,40.71735989066127],[-73.81952343803869,40.71733973320205],[-73.81930469431614,40.71713608156473],[-73.8201156566577,40.71651419398225],[-73.81942598840754,40.71635659897209],[-73.81842411800882,40.71598861445707],[-73.81730551782393,40.715785580359224],[-73.81643902863067,40.71578669535085],[-73.81629254200834,40.71588695911882],[-73.81364779947478,40.715945042677575],[-73.81052404034135,40.71597798966327],[-73.80782231744779,40.715911466481614],[-73.80784387489497,40.715999734066],[-73.8086128396813,40.71844560029075],[-73.80934251944636,40.72095724015096],[-73.81039897090332,40.7237235281903],[-73.81062583717728,40.724419843138044],[-73.81069116199242,40.72511578486286],[-73.81069693652204,40.726190331378],[-73.81151613602927,40.72665799351469],[-73.81443976389407,40.72809402279905],[-73.81500091651917,40.72842725991481],[-73.81523144757128,40.728793913060386],[-73.81502002541359,40.73049387219895],[-73.81480147352464,40.733799160834735],[-73.81469162972874,40.73594999352062],[-73.81469391916038,40.737140480485486],[-73.81497208191401,40.73856071556801]]]},"properties":{"nta":"QN0801","name":"Kew Gardens Hills","boro":"Queens","households":12834,"owner_hh":6833,"renter_hh":6001,"turnover_all":18.6,"turnover_own":8.5,"turnover_rent":30.1,"churn_annual":7.1,"owner_share":53.2,"moe_all":2.7,"moe_own":2.6,"moe_rent":4.1,"moe_churn":9.7}},
{"type":"Feature","geometry":{"type":"Polygon","coordinates":[[[-73.80466748100518,40.73844509381072],[-73.80657749455916,40.738498024629756],[-73.81322219658679,40.738760352946],[-73.81407601781174,40.73883734991074],[-73.8150571454396,40.73898684741522],[-73.81497208191401,40.73856071556801],[-73.81469391916038,40.737140480485486],[-73.81469162972874,40.73594999352062],[-73.81480147352464,40.733799160834735],[-73.81502002541359,40.73049387219895],[-73.81523144757128,40.728793913060386],[-73.81500091651917,40.72842725991481],[-73.81443976389407,40.72809402279905],[-73.81151613602927,40.72665799351469],[-73.81069693652204,40.726190331378],[-73.81069116199242,40.72511578486286],[-73.81062583717728,40.724419843138044],[-73.81039897090332,40.7237235281903],[-73.80934251944636,40.72095724015096],[-73.8086128396813,40.71844560029075],[-73.80784387489497,40.715999734066],[-73.80662508735475,40.71603744252786],[-73.80474282360336,40.71616896450202],[-73.80317774911464,40.716351246733865],[-73.80192181075604,40.716549519517436],[-73.80008238575218,40.71697423711165],[-73.79809522666656,40.71754225181322],[-73.79804792344984,40.71740839762371],[-73.79564837803096,40.71813390266254],[-73.79403898954118,40.71871896999086],[-73.79278969973645,40.719077581757176],[-73.79214019871951,40.71919897141464],[-73.79142942638602,40.71926213472796],[-73.79070834383194,40.7192686520274],[-73.7905321083436,40.7197519600278],[-73.79050800377668,40.719806497062166],[-73.79037191520054,40.72013207015193],[-73.79029346722429,40.721376149772006],[-73.79035703879288,40.72300530017993],[-73.79045149257216,40.72355453232487],[-73.79136701893637,40.72495161826622],[-73.79174472581707,40.725788850394274],[-73.79378938585714,40.73070118166288],[-73.79397708648688,40.73229685316553],[-73.7942776733323,40.73269614631348],[-73.79856392872225,40.732857567272234],[-73.7986576123479,40.731428367240525],[-73.80136631794082,40.731516901531826],[-73.80406666021152,40.731641987799556],[-73.80384625885888,40.73489694086976],[-73.80294306869453,40.734861781597985],[-73.80273054853018,40.73808407326076],[-73.80465494743628,40.738112423132236],[-73.80466748100518,40.73844509381072]]]},"properties":{"nta":"QN0802","name":"Pomonok-Electchester-Hillcrest","boro":"Queens","households":12434,"owner_hh":5877,"renter_hh":6557,"turnover_all":12.4,"turnover_own":8.5,"turnover_rent":15.9,"churn_annual":8.8,"owner_share":47.3,"moe_all":2.9,"moe_own":3.3,"moe_rent":4.5,"moe_churn":9.4}},
{"type":"Feature","geometry":{"type":"Polygon","coordinates":[[[-73.77848636020259,40.729943895929026],[-73.77757506815995,40.73019327580592],[-73.77667996721759,40.73043109537782],[-73.77580378416579,40.73068045528329],[-73.77491335182782,40.73091286026854],[-73.77010830568058,40.73177950841342],[-73.77121678005028,40.73333747727719],[-73.77229585368883,40.73510969673588],[-73.77285961042982,40.736270424975636],[-73.77344044826206,40.73771920338474],[-73.77419197743862,40.73991809508408],[-73.77455066783988,40.74081510267834],[-73.77575892512752,40.74336722747142],[-73.77862120573057,40.742955666751584],[-73.78040848457842,40.742629800149665],[-73.78352133981952,40.7417951387107],[-73.78675992777852,40.74089237763938],[-73.78850339538276,40.740422365832984],[-73.7953564779763,40.738537301095725],[-73.79641178366118,40.73832532618916],[-73.79728670734426,40.73823276656348],[-73.79822184145243,40.73822231538018],[-73.80466748100518,40.73844509381072],[-73.80465494743628,40.738112423132236],[-73.80273054853018,40.73808407326076],[-73.80294306869453,40.734861781597985],[-73.80384625885888,40.73489694086976],[-73.80406666021152,40.731641987799556],[-73.80136631794082,40.731516901531826],[-73.7986576123479,40.731428367240525],[-73.79856392872225,40.732857567272234],[-73.7942776733323,40.73269614631348],[-73.79397708648688,40.73229685316553],[-73.79378938585714,40.73070118166288],[-73.79174472581707,40.725788850394274],[-73.79085659755752,40.72602748929627],[-73.78655584623328,40.727441503897204],[-73.78397695270742,40.72829139717703],[-73.78205851296191,40.72891889728125],[-73.78116054967619,40.729212758599125],[-73.77848636020259,40.729943895929026]]]},"properties":{"nta":"QN0803","name":"Fresh Meadows-Utopia","boro":"Queens","households":7952,"owner_hh":3700,"renter_hh":4252,"turnover_all":20.4,"turnover_own":7.7,"turnover_rent":31.5,"churn_annual":8.4,"owner_share":46.5,"moe_all":3.8,"moe_own":2.8,"moe_rent":6.1,"moe_churn":10.5}},
{"type":"Feature","geometry":{"type":"Polygon","coordinates":[[[-73.75688011226855,40.72627860534325],[-73.7575930002532,40.726099953365534],[-73.75887703677444,40.725900556084675],[-73.76033545007704,40.725897153504306],[-73.76202768539895,40.726110157776624],[-73.76471618904584,40.72648102131886],[-73.76617099968136,40.72641601338937],[-73.7671833707021,40.726264384378645],[-73.76924074729871,40.725902701756674],[-73.77139578059025,40.725350502009945],[-73.77286784074273,40.72486798562724],[-73.77437108620524,40.724261132109106],[-73.77548473506467,40.7237206153734],[-73.7763660508261,40.72314200333578],[-73.77732562771791,40.722392701477595],[-73.77774895326529,40.7228421100656],[-73.7780376580273,40.72328426871321],[-73.77719009655755,40.72360188217617],[-73.77683220559057,40.723851215777294],[-73.77634188888551,40.724465647596865],[-73.77523387094588,40.72523753382763],[-73.77556110326852,40.725969864726935],[-73.77672825664705,40.728430081122525],[-73.77757506815995,40.73019327580595],[-73.77848636020259,40.729943895929026],[-73.78116054967607,40.729212758599125],[-73.78205851296191,40.72891889728125],[-73.78397695270742,40.72829139717703],[-73.78655584623328,40.727441503897204],[-73.79085659755756,40.72602748929632],[-73.79174472581701,40.725788850394274],[-73.79136701893637,40.72495161826626],[-73.790451492572,40.723554532324904],[-73.7903570387927,40.72300530017993],[-73.79029346722429,40.721376149772006],[-73.79037191520048,40.72013207015193],[-73.79053210834354,40.719751960027835],[-73.79070834383182,40.7192686520274],[-73.79076913969983,40.719134189359565],[-73.79089960447452,40.718875807788145],[-73.79162842582066,40.7184179653091],[-73.7921087363831,40.71779211644232],[-73.79226766030062,40.71728392737746],[-73.79234087510487,40.716462873766154],[-73.79240413283499,40.71619304097273],[-73.79353167866981,40.714277165532025],[-73.79363634166918,40.713819587256104],[-73.79350163404914,40.713213398384205],[-73.79306872666785,40.71219599572569],[-73.79302654137983,40.71198136463999],[-73.79303799920264,40.71071107542323],[-73.79021544087378,40.71171704517676],[-73.78916019426434,40.71206006960056],[-73.78882606407024,40.71207693145982],[-73.78784678347726,40.71181083366794],[-73.78699598642157,40.71190160924316],[-73.78616005770834,40.71206007133991],[-73.78535272110715,40.712283617533636],[-73.78262547297199,40.712937548488185],[-73.77886957431718,40.713849298130995],[-73.777306337088,40.714209316815904],[-73.77712346840045,40.71426199408279],[-73.77529927743387,40.71469631404985],[-73.7735713516841,40.71512009536888],[-73.76870175300171,40.71680689457041],[-73.76733228086881,40.717289796810775],[-73.76664095177614,40.717646613663334],[-73.76446951657488,40.718890392877945],[-73.76196994801656,40.72000361003307],[-73.76113827101929,40.72032917718405],[-73.76030623055567,40.720646644323885],[-73.7595009406196,40.72102737277774],[-73.75944142940995,40.72106344375331],[-73.75577120851015,40.723640216393015],[-73.75496919396734,40.72415964730778],[-73.75524449419134,40.72478312669596],[-73.75566637400473,40.72531916953889],[-73.75688011226855,40.72627860534325]]]},"properties":{"nta":"QN0804","name":"Jamaica Estates-Holliswood","boro":"Queens","households":8841,"owner_hh":4596,"renter_hh":4245,"turnover_all":17.5,"turnover_own":9.1,"turnover_rent":26.6,"churn_annual":7.2,"owner_share":52,"moe_all":3.2,"moe_own":3.2,"moe_rent":5.2,"moe_churn":9.3}},
{"type":"Feature","geometry":{"type":"Polygon","coordinates":[[[-73.7930379992026,40.71071107542323],[-73.79302654137983,40.71198136463999],[-73.79306872666785,40.71219599572569],[-73.79350163404914,40.713213398384205],[-73.79363634166918,40.713819587256076],[-73.79353167866981,40.714277165532025],[-73.79240413283505,40.71619304097273],[-73.79234087510487,40.716462873766154],[-73.79226766030074,40.71728392737746],[-73.7921087363831,40.71779211644227],[-73.79162842582066,40.7184179653091],[-73.79089960447452,40.718875807788145],[-73.79076913969983,40.719134189359565],[-73.79070834383194,40.7192686520274],[-73.79142942638602,40.71926213472796],[-73.79214019871951,40.71919897141464],[-73.79278969973645,40.719077581757176],[-73.79403898954118,40.71871896999086],[-73.79564837803096,40.71813390266254],[-73.79804792344984,40.71740839762371],[-73.79809522666656,40.71754225181322],[-73.80008238575218,40.71697423711165],[-73.80192181075604,40.716549519517436],[-73.80317774911464,40.716351246733865],[-73.80474282360336,40.71616896450202],[-73.80662508735475,40.71603744252786],[-73.80784387489497,40.715999734066],[-73.80782231744779,40.715911466481614],[-73.81052404034135,40.71597798966327],[-73.81364779947478,40.715945042677575],[-73.81629254200834,40.71588695911882],[-73.81643902863067,40.71578669535085],[-73.81730551782393,40.715785580359224],[-73.81842411800882,40.71598861445707],[-73.81942598840754,40.71635659897209],[-73.8201156566577,40.71651419398225],[-73.82096053178412,40.71664216057966],[-73.8224910966358,40.71662410902177],[-73.82340468849675,40.71655002870017],[-73.82363531478988,40.71629176041072],[-73.82430571349012,40.71607458159085],[-73.82517896603255,40.716014997394524],[-73.82557862791455,40.71576260917696],[-73.82546060600184,40.71554964559245],[-73.82428940517953,40.71387006610603],[-73.82394405895185,40.71323329984583],[-73.82415919272498,40.713132559773946],[-73.82367767102879,40.71256643930978],[-73.82292195410707,40.711867581179746],[-73.82131391780284,40.710548220305306],[-73.8203651368857,40.70952341274407],[-73.81972309930792,40.7085393475483],[-73.81952770334794,40.70857912816951],[-73.81913889019884,40.707865189193015],[-73.819065494111,40.707452529505545],[-73.817917960704,40.70550799820819],[-73.8175113725824,40.70470815787997],[-73.81647531193624,40.702450427418526],[-73.81398666671592,40.702542067420495],[-73.81301882854012,40.70249515724078],[-73.8115285676521,40.70227287487812],[-73.81201248430207,40.70594494480607],[-73.80694856263321,40.70736710041278],[-73.80762188175137,40.70873059540725],[-73.80804630743958,40.70935682763351],[-73.80548241255212,40.71008885593892],[-73.80484079546375,40.70933798395824],[-73.80366830057753,40.70874604689922],[-73.80302414674632,40.708139657093334],[-73.8023311994191,40.70857247182244],[-73.80193296990011,40.708911595851745],[-73.80159590497914,40.70954842575561],[-73.80130624841756,40.70974214928576],[-73.79870150613023,40.71066337711313],[-73.79776810067948,40.70914318884339],[-73.7947305219882,40.710012461963444],[-73.7930379992026,40.71071107542323]]]},"properties":{"nta":"QN0805","name":"Jamaica Hills-Briarwood","boro":"Queens","households":14186,"owner_hh":6051,"renter_hh":8135,"turnover_all":18.6,"turnover_own":10.7,"turnover_rent":24.4,"churn_annual":7.9,"owner_share":42.7,"moe_all":3.7,"moe_own":2.9,"moe_rent":5.7,"moe_churn":9.7}},
{"type":"Feature","geometry":{"type":"Polygon","coordinates":[[[-73.81647531193624,40.702450427418526],[-73.8175113725824,40.70470815787997],[-73.817917960704,40.70550799820819],[-73.819065494111,40.707452529505545],[-73.81913889019884,40.707865189193015],[-73.81952770334794,40.70857912816951],[-73.81972309930792,40.7085393475483],[-73.8203651368857,40.70952341274407],[-73.82131391780284,40.710548220305306],[-73.82292195410707,40.711867581179746],[-73.82367767102879,40.71256643930978],[-73.82415919272498,40.713132559773946],[-73.82394405895185,40.71323329984583],[-73.82428940517953,40.71387006610603],[-73.82546060600184,40.71554964559245],[-73.82557862791455,40.71576260917696],[-73.82594383097658,40.715647299403045],[-73.82895450390424,40.714845341819824],[-73.82989578689859,40.71457124264635],[-73.83097820817336,40.714313605287636],[-73.83130034177765,40.71419485887409],[-73.83372003857848,40.71294402101709],[-73.83597706956753,40.711705956974846],[-73.83611476516761,40.7118251468735],[-73.8373681783795,40.71116692878268],[-73.8380575606343,40.71092087278387],[-73.83952312644406,40.710496451957994],[-73.83972439820785,40.71039876558634],[-73.84133936543044,40.709946234362405],[-73.84314625235133,40.709223456920625],[-73.83938086731436,40.708626033720705],[-73.83828428770079,40.70840935912769],[-73.83714702922727,40.70795704676518],[-73.83784315842456,40.70695192530868],[-73.83813960248955,40.70633587808015],[-73.83806860430222,40.70595740524055],[-73.8373309558822,40.704854976455806],[-73.83696237744874,40.704212452834966],[-73.83661882066103,40.703420017871096],[-73.83597534615981,40.703432158453595],[-73.83576769696606,40.70352870851424],[-73.83568966738224,40.703600490689375],[-73.8346024485002,40.70392746712467],[-73.83391709620503,40.702347368472154],[-73.83213204085828,40.70279408079253],[-73.83152109540606,40.70138962879795],[-73.82338938541,40.703443281241334],[-73.8224589027805,40.70365553128271],[-73.82147824813224,40.70341560425028],[-73.81754376127216,40.70265734931918],[-73.81733335748996,40.70295778651397],[-73.81686030359168,40.70244433182033],[-73.81647531193624,40.702450427418526]]]},"properties":{"nta":"QN0901","name":"Kew Gardens","boro":"Queens","households":10568,"owner_hh":4846,"renter_hh":5722,"turnover_all":23.5,"turnover_own":15.4,"turnover_rent":30.4,"churn_annual":6.4,"owner_share":45.9,"moe_all":3.7,"moe_own":3.8,"moe_rent":5.7,"moe_churn":10.2}},
{"type":"Feature","geometry":{"type":"Polygon","coordinates":[[[-73.81647531193624,40.702450427418526],[-73.81686030359168,40.70244433182033],[-73.81733335748996,40.70295778651397],[-73.81754376127216,40.70265734931918],[-73.82147824813224,40.70341560425028],[-73.8224589027805,40.70365553128271],[-73.82338938541,40.703443281241334],[-73.83152109540606,40.70138962879795],[-73.83213204085828,40.70279408079253],[-73.83391709620503,40.702347368472154],[-73.8346024485002,40.70392746712467],[-73.83568966738224,40.703600490689375],[-73.83576769696606,40.70352870851424],[-73.83597534615981,40.703432158453595],[-73.83661882066103,40.703420017871096],[-73.83696237744874,40.704212452834966],[-73.83856418194944,40.70329696939232],[-73.83947815087203,40.70269019499975],[-73.84156377940216,40.70110059921825],[-73.84275678331193,40.70065761592375],[-73.84502472810954,40.69935937751805],[-73.84820912767348,40.69851840854505],[-73.8486811559897,40.698458523853944],[-73.84913837176869,40.6982827412012],[-73.8494776340949,40.69819580839783],[-73.84894128916666,40.69755684757066],[-73.84773325373096,40.69477527996503],[-73.84596733040553,40.691165965053294],[-73.84496027980167,40.689162625082666],[-73.83925695816782,40.6907769517395],[-73.83750506103344,40.69129397943807],[-73.83385576680038,40.692324810128866],[-73.83130001974244,40.69303301346168],[-73.82967597568506,40.69352697578607],[-73.82797002873373,40.69397899983338],[-73.8258290502053,40.6944480272899],[-73.8247880141738,40.694716962106064],[-73.82108096399644,40.69577899764424],[-73.8208618976337,40.695353559557475],[-73.81958300696951,40.69572694147163],[-73.81888126416459,40.69579082174907],[-73.81439240235476,40.69707421541617],[-73.81372585751059,40.69713209523397],[-73.8142444732088,40.6980372829775],[-73.815455623452,40.70027888244653],[-73.81647531193624,40.702450427418526]]]},"properties":{"nta":"QN0902","name":"Richmond Hill","boro":"Queens","households":10389,"owner_hh":4965,"renter_hh":5424,"turnover_all":14.5,"turnover_own":10.2,"turnover_rent":18.5,"churn_annual":7.7,"owner_share":47.8,"moe_all":2.6,"moe_own":3.1,"moe_rent":4,"moe_churn":8.9}},
{"type":"Feature","geometry":{"type":"Polygon","coordinates":[[[-73.81072587432989,40.69192242230212],[-73.81147883360751,40.69329834817696],[-73.81254756223116,40.695171661295475],[-73.81372585751059,40.69713209523397],[-73.81439240235476,40.69707421541617],[-73.81888126416459,40.69579082174907],[-73.81958300696951,40.69572694147163],[-73.8208618976337,40.695353559557475],[-73.82108096399644,40.69577899764424],[-73.8247880141738,40.694716962106064],[-73.8258290502053,40.6944480272899],[-73.82797002873373,40.69397899983338],[-73.82967597568506,40.69352697578607],[-73.83130001974244,40.69303301346168],[-73.83385576680038,40.692324810128866],[-73.83750506103344,40.69129397943807],[-73.83634617789266,40.68892763055784],[-73.83810579953929,40.68843310715161],[-73.83727810061005,40.68674734592033],[-73.83693600775929,40.686843325190296],[-73.83595082774886,40.68484354738765],[-73.82753021325706,40.68723948273573],[-73.82851136605123,40.689239056293786],[-73.82599347300521,40.689953662256855],[-73.82501128872681,40.687952318427946],[-73.81354014067422,40.691211367833354],[-73.81072587432989,40.69192242230212]]]},"properties":{"nta":"QN0903","name":"South Richmond Hill","boro":"Queens","households":6508,"owner_hh":3615,"renter_hh":2893,"turnover_all":10.5,"turnover_own":5.3,"turnover_rent":17,"churn_annual":5.9,"owner_share":55.5,"moe_all":2.4,"moe_own":2.7,"moe_rent":4,"moe_churn":9.8}},
{"type":"Feature","geometry":{"type":"Polygon","coordinates":[[[-73.83595082774886,40.68484354738765],[-73.83693600775929,40.686843325190296],[-73.83727810061005,40.68674734592033],[-73.83810579953929,40.68843310715161],[-73.83634617789266,40.68892763055784],[-73.83750506103344,40.69129397943807],[-73.83925695816782,40.6907769517395],[-73.84496027980167,40.689162625082666],[-73.84788437937203,40.688327274810554],[-73.85053106480554,40.687591950614554],[-73.85056256158254,40.68766321460226],[-73.85737496688131,40.68572343297167],[-73.8599306766616,40.6849874571579],[-73.86630263765373,40.683186695104695],[-73.8662717406957,40.68303406835433],[-73.86601993132706,40.68191958702714],[-73.86499404457136,40.68212897040169],[-73.86410096591109,40.68237285029176],[-73.86398968770034,40.681929562666696],[-73.86334943460909,40.67935164139093],[-73.86229626106778,40.67963158099672],[-73.85878576836865,40.68063046414625],[-73.8581983594644,40.67943084957028],[-73.85398014701971,40.67968303546529],[-73.85099089216749,40.68056836816236],[-73.85197864468334,40.6825642112843],[-73.847868174779,40.681486832121],[-73.84583237371938,40.68210645123061],[-73.84451063724626,40.682415088341926],[-73.8411960550906,40.683351367344564],[-73.8401285597314,40.681146650581766],[-73.83865065697351,40.68143823714945],[-73.83779738250976,40.681670587315224],[-73.83697486217649,40.68198801776318],[-73.83807768937295,40.684238909701364],[-73.83595082774886,40.68484354738765]]]},"properties":{"nta":"QN0904","name":"Ozone Park (North)","boro":"Queens","households":7417,"owner_hh":3445,"renter_hh":3972,"turnover_all":14.4,"turnover_own":7.9,"turnover_rent":20.1,"churn_annual":5.5,"owner_share":46.4,"moe_all":3.1,"moe_own":2.8,"moe_rent":5,"moe_churn":8.7}},
{"type":"Feature","geometry":{"type":"Polygon","coordinates":[[[-73.84913837176869,40.6982827412012],[-73.8507084219023,40.7002031251037],[-73.85449964564131,40.700551855462095],[-73.85386250337588,40.69986485574236],[-73.85338486340002,40.69925429881383],[-73.85283262124726,40.69840776658144],[-73.8527076967891,40.69796856205144],[-73.85274511619896,40.69756075076841],[-73.85657185084351,40.69706469152395],[-73.8583307885103,40.69674371132032],[-73.86455708817482,40.69552045718106],[-73.86840518883152,40.69473118624327],[-73.86868454304549,40.694034691905046],[-73.86859478038963,40.69388437469128],[-73.86805885132004,40.691183958237765],[-73.86745694011425,40.68840044216117],[-73.86687058500321,40.686330590623385],[-73.86659848195221,40.685269559068296],[-73.86630263765373,40.683186695104695],[-73.8599306766616,40.6849874571579],[-73.85737496688131,40.68572343297167],[-73.85056256158254,40.68766321460226],[-73.85053106480554,40.687591950614554],[-73.84788437937203,40.688327274810554],[-73.84496027980167,40.689162625082666],[-73.84596733040553,40.691165965053294],[-73.84773325373096,40.69477527996503],[-73.84894128916666,40.69755684757066],[-73.8494776340949,40.69819580839783],[-73.84913837176869,40.6982827412012]]]},"properties":{"nta":"QN0905","name":"Woodhaven","boro":"Queens","households":11883,"owner_hh":6481,"renter_hh":5402,"turnover_all":16.1,"turnover_own":10.5,"turnover_rent":22.8,"churn_annual":6.5,"owner_share":54.5,"moe_all":2.5,"moe_own":2.5,"moe_rent":4.3,"moe_churn":8.1}},
{"type":"Feature","geometry":{"type":"Polygon","coordinates":[[[-73.80585668515104,40.68290731788954],[-73.80717487392037,40.685605273529966],[-73.80796318129859,40.68706640071282],[-73.81034587598644,40.69123019229894],[-73.81072587432989,40.69192242230212],[-73.81354014067422,40.691211367833354],[-73.82501128872681,40.687952318427946],[-73.82599347300521,40.689953662256855],[-73.82851136605123,40.689239056293786],[-73.82753021325706,40.68723948273573],[-73.83595082774886,40.68484354738765],[-73.83807768937295,40.684238909701364],[-73.83697486217649,40.68198801776318],[-73.83779738250976,40.681670587315224],[-73.83865065697351,40.68143823714945],[-73.8401285597314,40.681146650581766],[-73.83952065259129,40.6799618692104],[-73.8379425096916,40.67679420975563],[-73.83811946603159,40.67662988905782],[-73.8374957165009,40.67540682376754],[-73.83600752677555,40.67226956021882],[-73.83528117594145,40.67081364380518],[-73.83334819137352,40.66677318701368],[-73.83270533815954,40.665405773282465],[-73.83225430804151,40.665301000847016],[-73.83003156802125,40.66458188767712],[-73.82910033473578,40.664250738087304],[-73.82789758779747,40.663906307528215],[-73.82687353836342,40.66370410799334],[-73.82571227923765,40.66359314071145],[-73.82305210478327,40.66355387863719],[-73.82296101186121,40.66386013874918],[-73.81836976318115,40.66327621738558],[-73.81410520318883,40.66279518295443],[-73.81326843327555,40.662812918202974],[-73.81245701316968,40.662928899869435],[-73.81155792921308,40.66317766702203],[-73.80845016114498,40.66446130126395],[-73.80614395818654,40.66491273087771],[-73.80432050482743,40.665120734035824],[-73.80214866414657,40.66524995396516],[-73.80163473932281,40.666757554359364],[-73.8014170894731,40.667778095938836],[-73.80124404076315,40.66984300880514],[-73.80124845850035,40.67179318548356],[-73.8013177132462,40.67278422497768],[-73.80149003302263,40.67354484746204],[-73.80179295375413,40.67439399109003],[-73.80335647784375,40.67764261413894],[-73.80403103887565,40.67912899658639],[-73.80585668515104,40.68290731788954]]]},"properties":{"nta":"QN1001","name":"South Ozone Park","boro":"Queens","households":22848,"owner_hh":15831,"renter_hh":7017,"turnover_all":12.8,"turnover_own":7.8,"turnover_rent":24.1,"churn_annual":5.4,"owner_share":69.3,"moe_all":1.7,"moe_own":1.7,"moe_rent":3.8,"moe_churn":5.7}},
{"type":"Feature","geometry":{"type":"Polygon","coordinates":[[[-73.8401285597314,40.681146650581766],[-73.8411960550906,40.683351367344564],[-73.84451063724626,40.682415088341926],[-73.84583237371938,40.68210645123061],[-73.847868174779,40.681486832121],[-73.85197864468334,40.6825642112843],[-73.85099089216749,40.68056836816236],[-73.85398014701971,40.67968303546529],[-73.8581983594644,40.67943084957028],[-73.85878576836865,40.68063046414625],[-73.86229626106778,40.67963158099672],[-73.86334943460909,40.67935164139093],[-73.86330964115896,40.6791679696623],[-73.86328296876194,40.67907937167695],[-73.86234580380987,40.6791647861452],[-73.86225942935181,40.67881678615468],[-73.86171238585429,40.676610596476316],[-73.86139775866577,40.67533659098523],[-73.86131863516547,40.67502126881478],[-73.8602956555865,40.674771894461294],[-73.8582515355994,40.674135611691305],[-73.8571134913068,40.67357505459433],[-73.85283803741632,40.67227918976539],[-73.85163460823902,40.671930333334366],[-73.84847765214472,40.670916738651755],[-73.8478700087382,40.670779500859894],[-73.84556839799278,40.6700833772211],[-73.84322150022409,40.669340410882924],[-73.84258049032691,40.66928053313842],[-73.84242633989129,40.66878034706103],[-73.8401362362476,40.66826802501346],[-73.8400816987889,40.66845921881277],[-73.83927850884241,40.66820184941151],[-73.83834358107259,40.667989026573515],[-73.83845354525158,40.66766201071393],[-73.83732554162292,40.66737374407528],[-73.83647331702707,40.66728283635763],[-73.834876542347,40.6672116647173],[-73.83334819137352,40.66677318701368],[-73.83528117594145,40.67081364380518],[-73.83600752677555,40.67226956021882],[-73.8374957165009,40.67540682376754],[-73.83811946603159,40.67662988905782],[-73.8379425096916,40.67679420975563],[-73.83952065259129,40.6799618692104],[-73.8401285597314,40.681146650581766]]]},"properties":{"nta":"QN1002","name":"Ozone Park","boro":"Queens","households":7518,"owner_hh":4575,"renter_hh":2943,"turnover_all":15.1,"turnover_own":11.8,"turnover_rent":20.1,"churn_annual":8.1,"owner_share":60.9,"moe_all":3.2,"moe_own":3.3,"moe_rent":6,"moe_churn":9.7}},
{"type":"Feature","geometry":{"type":"MultiPolygon","coordinates":[[[[-73.86086853692812,40.65507780674099],[-73.86054077728362,40.6546239972789],[-73.86021221902361,40.65484005213166],[-73.86072015717228,40.655197183945674],[-73.86086853692812,40.65507780674099]]],[[[-73.83334819137352,40.66677318701368],[-73.834876542347,40.6672116647173],[-73.83647331702707,40.66728283635763],[-73.83732554162292,40.66737374407528],[-73.83845354525158,40.66766201071393],[-73.83834358107259,40.667989026573515],[-73.83927850884241,40.66820184941151],[-73.8400816987889,40.66845921881277],[-73.8401362362476,40.66826802501346],[-73.84242633989129,40.66878034706103],[-73.84258049032691,40.66928053313842],[-73.84322150022409,40.669340410882924],[-73.84556839799278,40.6700833772211],[-73.8478700087382,40.670779500859894],[-73.84847765214472,40.670916738651755],[-73.85163460823902,40.671930333334366],[-73.85283803741632,40.67227918976539],[-73.8571134913068,40.67357505459433],[-73.8582515355994,40.674135611691305],[-73.8602956555865,40.674771894461294],[-73.86131863516547,40.67502126881478],[-73.86077512703255,40.6728056232426],[-73.8603851978872,40.671251710989075],[-73.85763323108364,40.6716561940382],[-73.8572467571579,40.67017405168134],[-73.85646311788963,40.66704176388976],[-73.85618809527944,40.66584655563057],[-73.85568461155036,40.66386749287488],[-73.85753563257148,40.66359786251294],[-73.85842950725197,40.66345336143299],[-73.85811779181263,40.6620365707914],[-73.85761537119583,40.660118933153164],[-73.85851436327641,40.659898942467976],[-73.86030494564054,40.65963465530412],[-73.86118875481395,40.659254626391004],[-73.86174758871223,40.65893835650924],[-73.86317083274409,40.65827651294824],[-73.86269778233435,40.65761830951434],[-73.86172714514386,40.65803365399336],[-73.86161656427761,40.65754406022915],[-73.86161371163514,40.656996510755555],[-73.86088798593583,40.6569087365396],[-73.86034164704868,40.65724790569815],[-73.8603679110902,40.6578892019875],[-73.85978110304457,40.65823795236952],[-73.8601461764406,40.65831995392598],[-73.86053747698878,40.658092262042146],[-73.86098144500795,40.658068789899175],[-73.86124850937952,40.65822408602463],[-73.86132276468818,40.65851493216602],[-73.86116835978214,40.658808822567444],[-73.86039260036219,40.65862014824409],[-73.85989457525864,40.658588418964314],[-73.85963558669374,40.65845777205664],[-73.85955197842111,40.65813281619045],[-73.85992218331172,40.65773519806784],[-73.85981027609571,40.657322411996454],[-73.86067414520065,40.65658459166498],[-73.86136038361366,40.65659420470464],[-73.8613519324424,40.65639462169396],[-73.8608403069981,40.65617157528192],[-73.85995906528784,40.65549029704351],[-73.8596701793761,40.65518789566355],[-73.85735269409841,40.656795747115346],[-73.855344461856,40.65833492624852],[-73.85361678093031,40.659733864756525],[-73.85354690139397,40.65931610646886],[-73.85437346122309,40.658605261577705],[-73.85320516062498,40.65380788611483],[-73.84931647003098,40.65437995450007],[-73.84839790968526,40.65449742691441],[-73.84764545929492,40.65147330172406],[-73.8472068663484,40.64945842122265],[-73.84679162086779,40.64779632984532],[-73.84389950661776,40.648211227230526],[-73.84205431504151,40.64843603563595],[-73.8373877871349,40.649118150638536],[-73.83681334575157,40.64924941500217],[-73.83723913520092,40.65089692276293],[-73.83806058407623,40.654236372112734],[-73.83839803830547,40.65581547310863],[-73.83849739559618,40.65590102434863],[-73.8389646298412,40.6575730435248],[-73.83929268122331,40.65924135166457],[-73.83963511499208,40.66047888852642],[-73.8399794997562,40.66190427386242],[-73.83962395726115,40.66199612869192],[-73.83969596515671,40.66223830360273],[-73.83872354362992,40.66240716148683],[-73.8384389733089,40.66234384741237],[-73.83814081447404,40.662069507090926],[-73.83807555639744,40.66158795982317],[-73.8388923948905,40.661403524253394],[-73.8384530672263,40.659361619198485],[-73.83720192485781,40.6543520510955],[-73.83681076816048,40.65269771513567],[-73.83597223496493,40.64934876341621],[-73.83580287170392,40.6491104261306],[-73.83564271686883,40.64851449322029],[-73.83499379519823,40.64813752838011],[-73.83453497304731,40.64802513078843],[-73.83148723517212,40.64788727851643],[-73.83079877896031,40.64897655870406],[-73.83108885207724,40.65005393281259],[-73.83118719179556,40.650751711171075],[-73.83156681412638,40.65116771441594],[-73.8321710696889,40.653346552907294],[-73.83238192807039,40.6542376666549],[-73.83306069956804,40.65668787978071],[-73.83338439472544,40.658051859208165],[-73.83126967491418,40.658359831558585],[-73.83110373716177,40.658231717948155],[-73.83201491708164,40.658077531631754],[-73.83260036370731,40.65782659112489],[-73.83194394578129,40.656171427756185],[-73.83208497100733,40.65613102901409],[-73.83278194361348,40.657548460886275],[-73.83290309524597,40.65748377162325],[-73.83276735895048,40.65678771573994],[-73.83218186068025,40.654894751954956],[-73.83185238479282,40.654885038267146],[-73.83155309177302,40.655242971869775],[-73.831372266013,40.65589155142348],[-73.8311610074389,40.655919232731215],[-73.8314933010301,40.65497982053992],[-73.83212330981527,40.654273162178825],[-73.83205445130542,40.654046418067786],[-73.83170814411545,40.65393117429707],[-73.83060245974772,40.65480688977772],[-73.83055410997868,40.655394769939164],[-73.830308055358,40.65561999347833],[-73.82966677652017,40.6555990405191],[-73.83008155069436,40.655143841054866],[-73.83120160215557,40.65418976108523],[-73.83158322059785,40.65381378583128],[-73.83128774471834,40.65347883742423],[-73.83132175015915,40.652726532368014],[-73.83110356276934,40.6522566949088],[-73.83093651287493,40.65162612925503],[-73.8300076744927,40.650903475057646],[-73.82986948766651,40.650429629639355],[-73.83001039752298,40.650328375159354],[-73.82959697362601,40.64982765808605],[-73.82928146821223,40.64957762571619],[-73.8284604110572,40.649118677724985],[-73.82742297059498,40.6488948564303],[-73.82680033931855,40.64862875851995],[-73.82639242756336,40.648324349284565],[-73.82671943480867,40.649578819318485],[-73.82701324331401,40.65085989963069],[-73.82807181030353,40.65526770320433],[-73.82859942338702,40.6571969730152],[-73.82931420086834,40.65889865674471],[-73.82991335621287,40.65966566868381],[-73.83029375054035,40.66040199153004],[-73.83107770911987,40.66205622373592],[-73.83270533815954,40.665405773282465],[-73.83334819137352,40.66677318701368]]]]},"properties":{"nta":"QN1003","name":"Howard Beach-Lindenwood","boro":"Queens","households":11346,"owner_hh":8290,"renter_hh":3056,"turnover_all":14.5,"turnover_own":10.2,"turnover_rent":26.2,"churn_annual":5.9,"owner_share":73.1,"moe_all":3.2,"moe_own":3.2,"moe_rent":7.6,"moe_churn":12.2}},
{"type":"Feature","geometry":{"type":"Polygon","coordinates":[[[-73.77163811373067,40.744196939369765],[-73.77192604258494,40.744790738393284],[-73.77174097746494,40.74484399726687],[-73.77208196610877,40.745517955830664],[-73.77343406578608,40.7483980203544],[-73.77416662197298,40.74987867116507],[-73.77432549442365,40.749832876695315],[-73.77522395291773,40.751691014921924],[-73.77564503502515,40.752629013496474],[-73.77612973665643,40.75398813833768],[-73.77646969396177,40.75514825707585],[-73.77679452045045,40.75606691010802],[-73.77777671617214,40.75962509543139],[-73.7780250142732,40.760402874337636],[-73.77838149519921,40.76122605637027],[-73.78145768434247,40.76706370504728],[-73.78309303140959,40.770113262190705],[-73.78372811691062,40.77136110840041],[-73.78400901818792,40.77200397486297],[-73.78437802768585,40.77334198945637],[-73.78452802957777,40.77440898061117],[-73.78455606282813,40.77523100536854],[-73.78459339349048,40.77614122569327],[-73.78626498148348,40.77564607980888],[-73.78740991590456,40.77531789240434],[-73.78913873592965,40.77484869117617],[-73.79034971702966,40.774573094707705],[-73.7916352606646,40.77423865558605],[-73.79226795154807,40.77399004200691],[-73.7936523027001,40.77336043864151],[-73.79557358401856,40.77304924513708],[-73.7956570198897,40.77303608721581],[-73.79493636644898,40.77240453088558],[-73.79317944423835,40.770403177725676],[-73.7939591452068,40.76469531992347],[-73.79302551299664,40.764621192187676],[-73.79343673637212,40.761596830826896],[-73.79343991080363,40.760764127960265],[-73.79076004554386,40.76098576942364],[-73.79031516842448,40.757823450587665],[-73.79402473893013,40.75773596895556],[-73.79493246101809,40.75779803007236],[-73.7945772690188,40.75356301133769],[-73.79472141191256,40.75062131979514],[-73.79536550262804,40.75038476812111],[-73.79729524633105,40.74943505288953],[-73.79704715969253,40.7493323184425],[-73.79472264877985,40.74759933020805],[-73.79457976040996,40.746402683486714],[-73.79445869091225,40.74543695471687],[-73.79453507266767,40.74450763888339],[-73.79470093185019,40.74416528599605],[-73.79521257709722,40.74349556879119],[-73.79613624901975,40.74257152480939],[-73.79695065232302,40.74193303565002],[-73.79723084906004,40.74169550663387],[-73.79727515150843,40.740330033748705],[-73.79717686515644,40.73998668626288],[-73.79640833669879,40.73859341998245],[-73.79641178366118,40.73832532618916],[-73.7953564779763,40.738537301095725],[-73.78850339538276,40.740422365832984],[-73.78675992777852,40.74089237763938],[-73.78352133981952,40.7417951387107],[-73.78040848457842,40.742629800149665],[-73.77862120573057,40.742955666751584],[-73.77575892512752,40.74336722747142],[-73.77343298771699,40.743718683276285],[-73.77244458677195,40.74391958401122],[-73.77163811373067,40.744196939369765]]]},"properties":{"nta":"QN1101","name":"Auburndale","boro":"Queens","households":12682,"owner_hh":8536,"renter_hh":4146,"turnover_all":16,"turnover_own":8.2,"turnover_rent":32.2,"churn_annual":5.1,"owner_share":67.3,"moe_all":2.3,"moe_own":1.7,"moe_rent":5.4,"moe_churn":7.2}},
{"type":"Feature","geometry":{"type":"Polygon","coordinates":[[[-73.74680794553375,40.75202841850012],[-73.74709885341628,40.75234682917815],[-73.74774116439379,40.75384994514821],[-73.74711113768001,40.75417328675966],[-73.74809587786969,40.7558995497207],[-73.75004764465876,40.75840465879311],[-73.75057710625028,40.758014895656224],[-73.7511558281731,40.75906976875012],[-73.75230259322663,40.7594551998344],[-73.75320997118119,40.75824487350981],[-73.75386725523173,40.75848565307847],[-73.75497607948982,40.75850156002392],[-73.75557343584234,40.75828095183798],[-73.75583713256925,40.7577420624534],[-73.75625606223963,40.75843047005956],[-73.75682062041994,40.7597348068314],[-73.75800131634726,40.76037986814802],[-73.75848074978504,40.761994737147305],[-73.75811451999319,40.76205389718989],[-73.75784436808456,40.76236797448158],[-73.75784858628565,40.762566799538575],[-73.7583629650641,40.763497383000384],[-73.75886431310758,40.76327454175998],[-73.7591977039697,40.764326745504064],[-73.75635669625264,40.76459955860511],[-73.75500165417336,40.76484240620712],[-73.75435817335737,40.765050943752975],[-73.75410065488627,40.76534935346214],[-73.75493674341264,40.76609325213905],[-73.75547310439607,40.76636558091926],[-73.75641084289568,40.76651422327036],[-73.75703114820041,40.76682325434149],[-73.75734523174006,40.767069807566756],[-73.7578703056741,40.76694642744715],[-73.75864264358079,40.767357170035645],[-73.75882735935755,40.767767524373646],[-73.75880776560997,40.7681826527256],[-73.75907352924247,40.76845378684081],[-73.75960078092824,40.7687232567132],[-73.76044056848677,40.76948518693166],[-73.76060524066072,40.769765933959974],[-73.76126301259842,40.770395965074435],[-73.76417633114522,40.772829990442865],[-73.76510436820394,40.77379903822068],[-73.76572796903928,40.77460332809224],[-73.76600398326381,40.77506700743528],[-73.76632823258109,40.77584305433098],[-73.76700068069604,40.77669521446822],[-73.76761894075494,40.777994693916064],[-73.76760454567857,40.77829903415697],[-73.76815640868458,40.77812526976861],[-73.76861267825942,40.77909521106401],[-73.77203608018608,40.77806980361344],[-73.77378257015204,40.777547468007874],[-73.77553732181362,40.777025597979296],[-73.77583958177736,40.778612373114356],[-73.77678363262261,40.7784095837905],[-73.77769354895253,40.778160416552],[-73.77947656058417,40.777664169919376],[-73.78036180199945,40.77738704719077],[-73.78407645292077,40.77628882355979],[-73.78440918662868,40.77619021960324],[-73.78459339349048,40.77614122569327],[-73.78455606282813,40.77523100536854],[-73.78452802957777,40.77440898061117],[-73.78437802768585,40.77334198945637],[-73.78400901818792,40.77200397486297],[-73.78372811691062,40.77136110840041],[-73.78309303140959,40.770113262190705],[-73.78145768434247,40.76706370504728],[-73.77838149519921,40.76122605637027],[-73.7780250142732,40.760402874337636],[-73.77777671617214,40.75962509543139],[-73.77679452045045,40.75606691010802],[-73.77646969396177,40.75514825707585],[-73.77612973665643,40.75398813833768],[-73.77564503502515,40.752629013496474],[-73.77522395291773,40.751691014921924],[-73.77432549442365,40.749832876695315],[-73.77416662197298,40.74987867116507],[-73.77343406578608,40.7483980203544],[-73.77208196610877,40.745517955830664],[-73.77174097746494,40.74484399726687],[-73.77192604258494,40.744790738393284],[-73.77163811373067,40.744196939369765],[-73.76947793074687,40.74524724976718],[-73.76862599805305,40.74558274613076],[-73.76776278215725,40.74584353402106],[-73.76637954274328,40.74619558182242],[-73.76153289789993,40.74752750749035],[-73.76057626972872,40.74785645248775],[-73.75793958245956,40.74903214783611],[-73.75686552189065,40.749361489808784],[-73.75310493573078,40.750287318784274],[-73.75231188670637,40.75045926989664],[-73.75036779504451,40.75077706833941],[-73.75000347539572,40.75072350911391],[-73.74902502805362,40.75098001554669],[-73.74778504069451,40.75146598720838],[-73.74680794553375,40.75202841850012]]]},"properties":{"nta":"QN1102","name":"Bayside","boro":"Queens","households":12688,"owner_hh":8113,"renter_hh":4575,"turnover_all":17,"turnover_own":9.5,"turnover_rent":30.3,"churn_annual":8.7,"owner_share":63.9,"moe_all":2,"moe_own":1.7,"moe_rent":4.3,"moe_churn":6.8}},
{"type":"Feature","geometry":{"type":"MultiPolygon","coordinates":[[[[-73.7446137598281,40.77894737610772],[-73.74506031149814,40.77914294294139],[-73.74481235604424,40.77855689759709],[-73.7446137598281,40.77894737610772]]],[[[-73.7467245708424,40.78030652579841],[-73.74724480713074,40.78007634470967],[-73.74704048603985,40.77962092541532],[-73.74663919415688,40.77935899363879],[-73.74625571068341,40.779574448137474],[-73.74573554208902,40.7796105948894],[-73.7467245708424,40.78030652579841]]],[[[-73.7133254207879,40.75973018956998],[-73.716575852522,40.76178181152243],[-73.72021435629077,40.764192605590765],[-73.72097588301872,40.76476015978839],[-73.72153324613568,40.76482318958477],[-73.72378862582202,40.7662391177349],[-73.72685941207273,40.76808506332983],[-73.7279428125381,40.76877903062185],[-73.73205865578421,40.77130214321258],[-73.73389261591322,40.77252717875952],[-73.73688222986335,40.77433096084074],[-73.73770283534154,40.77479358573051],[-73.73886227231608,40.77557315789851],[-73.73937598887058,40.776013669167504],[-73.74007973839655,40.77620879539356],[-73.74075991489305,40.776694710498596],[-73.74151969390952,40.77710224542515],[-73.74404091391105,40.77859010478109],[-73.74415244907019,40.778172696797796],[-73.74437813426894,40.77816843170511],[-73.7444844262264,40.777422915501646],[-73.74492873596495,40.77761974929859],[-73.74461729498398,40.77791926631311],[-73.74507677183948,40.77824908135139],[-73.74519240493997,40.77874610846258],[-73.74540776901326,40.778982460382416],[-73.74595375144455,40.77882284080143],[-73.74611030250026,40.77845507553995],[-73.746866256832,40.778877504024734],[-73.74727513797926,40.77889469540318],[-73.74748710416954,40.77920251414577],[-73.74735791062731,40.77938330756189],[-73.74805660854005,40.7802806929069],[-73.74824911019064,40.780764779210074],[-73.74895634954433,40.781066528723095],[-73.74925326353045,40.7815356988437],[-73.7499180642091,40.78193613794304],[-73.7502077036601,40.78239927487963],[-73.75082861140278,40.7826272632804],[-73.75134808400534,40.78252873113708],[-73.75183976284254,40.7823382791334],[-73.75299839296423,40.781289489522294],[-73.75300812549895,40.78086607468612],[-73.75390659784934,40.77977871026401],[-73.75412964083071,40.77938414323779],[-73.75412244438618,40.7789717417615],[-73.75444196281853,40.77812515704123],[-73.7548121705854,40.77763599592218],[-73.75498193747218,40.777043803363],[-73.75486606339712,40.77687283112265],[-73.75513664232878,40.77640719597773],[-73.7548569144606,40.77613941114522],[-73.75424149999385,40.775266830365396],[-73.75395573939898,40.77430620907533],[-73.75367969121444,40.7739729793325],[-73.75336691999665,40.77320784675843],[-73.75363974518132,40.772631634509764],[-73.7543807475735,40.77204127214496],[-73.7555733264932,40.77152912592288],[-73.75550243961897,40.77128250909259],[-73.75469594529756,40.76970904446343],[-73.75473150442745,40.76859531073369],[-73.75507603383566,40.76766374780653],[-73.75488691731007,40.76718037206852],[-73.75431975054236,40.766413096032615],[-73.75338852940367,40.765333946086145],[-73.74940846440919,40.767551979611774],[-73.74687521678469,40.76451862992244],[-73.74706196011607,40.76445970621423],[-73.75021253132955,40.76374938265559],[-73.74936995528702,40.762933643854446],[-73.74597810474897,40.763976285903595],[-73.74473826410453,40.76075997554887],[-73.74346609205045,40.75933829943289],[-73.7431062574269,40.75849426529467],[-73.74250213836363,40.758588149545055],[-73.7412594544038,40.75671049768921],[-73.74120820579846,40.75620461768438],[-73.74041677540464,40.756676318141096],[-73.73917854019805,40.75671920442243],[-73.7391778908948,40.75612895499079],[-73.73949921217086,40.755630340928015],[-73.73979348041422,40.755398882345254],[-73.74055319515237,40.755070856120795],[-73.74127837716362,40.75457638642893],[-73.74178079694214,40.75348221644304],[-73.74143323701077,40.75270873638053],[-73.74087361640728,40.75196838552151],[-73.73985375976419,40.75129852994999],[-73.73830468529079,40.74924682956986],[-73.73725564171713,40.7482573377673],[-73.73670500855258,40.747913085623885],[-73.7359149733329,40.74753887984943],[-73.73543000252701,40.74716066862081],[-73.73508375858992,40.74637493346667],[-73.73501568682511,40.74599072818702],[-73.7350448538357,40.745376727345196],[-73.73494958387576,40.74468696956925],[-73.73451799841934,40.74382245775268],[-73.73380185305312,40.74293995984453],[-73.73374471226855,40.7428516324762],[-73.73360798727859,40.742939953533146],[-73.73321205999278,40.74320098738846],[-73.73255617680985,40.743748232698394],[-73.73232546685414,40.743645412601104],[-73.73095767797076,40.744859004235494],[-73.729428127866,40.74667810974884],[-73.7288862157984,40.747566636703645],[-73.72864941160132,40.74806788027158],[-73.72822100993974,40.749421003706644],[-73.7278210429855,40.75023302300457],[-73.72736103652076,40.75083798695294],[-73.7268685379624,40.75136880584219],[-73.72625938442026,40.75186982719902],[-73.72507333196293,40.75258481709143],[-73.72376629274856,40.75341626353398],[-73.72336649900234,40.75372284621766],[-73.72255405646138,40.75456196897617],[-73.72193103350784,40.7555230044823],[-73.72148863632262,40.7564265776219],[-73.72113420829712,40.756944422476856],[-73.72014524222521,40.75791135989186],[-73.7195027067938,40.758396604309695],[-73.7187206119529,40.7588019625891],[-73.71777882243869,40.75920246370857],[-73.71698648425608,40.759428053213405],[-73.71612163331903,40.759580146225034],[-73.71434593595306,40.759717686030996],[-73.7133254207879,40.75973018956998]]]]},"properties":{"nta":"QN1103","name":"Douglaston-Little Neck","boro":"Queens","households":10088,"owner_hh":7519,"renter_hh":2569,"turnover_all":18.6,"turnover_own":13.8,"turnover_rent":32.7,"churn_annual":9.2,"owner_share":74.5,"moe_all":4.1,"moe_own":4.7,"moe_rent":6.5,"moe_churn":9}},
{"type":"Feature","geometry":{"type":"Polygon","coordinates":[[[-73.74029081563614,40.73851667064148],[-73.7401947838015,40.73903094083983],[-73.74106699936125,40.73897800003901],[-73.74155202583253,40.738762041260976],[-73.7430682075505,40.738440818430654],[-73.74360280188525,40.739012609483964],[-73.74371941178676,40.739383150284326],[-73.7439619346671,40.74078912695425],[-73.74657796032537,40.74034659302208],[-73.74996804245224,40.73974575348811],[-73.75022795658505,40.73987653121396],[-73.75112706694048,40.74006711696192],[-73.7513896746137,40.74019416017787],[-73.75347299961011,40.742404845206174],[-73.75072790253546,40.74299784790365],[-73.7485716104524,40.74333928978112],[-73.74825923767676,40.743348624800234],[-73.74671975196424,40.743123648727455],[-73.74567621027117,40.74302729928928],[-73.7447758704066,40.743281098040576],[-73.74593060304488,40.74571565950839],[-73.74625984267293,40.74671147631525],[-73.74382205515954,40.747428195806684],[-73.74409668638819,40.74820664277713],[-73.74570758687425,40.751585516774945],[-73.74621665528497,40.75168585102426],[-73.74680794553375,40.75202841850012],[-73.74778504069451,40.75146598720838],[-73.74902502805362,40.75098001554669],[-73.75000347539572,40.75072350911391],[-73.75036779504451,40.75077706833941],[-73.75231188670637,40.75045926989664],[-73.75310493573078,40.750287318784274],[-73.75686552189065,40.749361489808784],[-73.75793958245956,40.74903214783611],[-73.76057626972872,40.74785645248775],[-73.76153289789993,40.74752750749035],[-73.76637954274328,40.74619558182242],[-73.76776278215725,40.74584353402106],[-73.76697862905215,40.74422296873872],[-73.76633756085752,40.743652259095455],[-73.76556849678256,40.74325815552728],[-73.76515128750945,40.74243734625942],[-73.76361225331304,40.739168411583236],[-73.76253086101443,40.736911680142654],[-73.76246348243917,40.73654750175701],[-73.76252875634303,40.736003960692194],[-73.76273303379644,40.73526216317316],[-73.76511018279888,40.734557739047546],[-73.76369979169927,40.732864117518105],[-73.76555085921686,40.73254428394148],[-73.76453514765902,40.73146927979642],[-73.76341268722304,40.73046577177114],[-73.7622632483045,40.72960467710912],[-73.76066099911607,40.72861599902417],[-73.75845885582537,40.72754269993835],[-73.75663703702489,40.72636108319352],[-73.75601417575133,40.72654649650896],[-73.7545489177166,40.727076773529795],[-73.7539312059411,40.72734607870488],[-73.75385082281791,40.727381122807685],[-73.75301201137664,40.727776012968825],[-73.75188545444676,40.72841759955691],[-73.7506577873381,40.72919464811015],[-73.74962106484757,40.7300053270935],[-73.74812374473736,40.73133985365315],[-73.74673750176666,40.732583220726575],[-73.74606422014682,40.733132041586614],[-73.74384431595986,40.73480684843994],[-73.7430615151169,40.73547914642898],[-73.74159714743162,40.736908169453066],[-73.74029081563614,40.73851667064148]]]},"properties":{"nta":"QN1104","name":"Oakland Gardens-Hollis Hills","boro":"Queens","households":9834,"owner_hh":7026,"renter_hh":2808,"turnover_all":13.2,"turnover_own":9.2,"turnover_rent":23.3,"churn_annual":5.8,"owner_share":71.4,"moe_all":2.9,"moe_own":2.3,"moe_rent":7.7,"moe_churn":10.6}},
{"type":"Feature","geometry":{"type":"Polygon","coordinates":[[[-73.76844546384753,40.70963702715734],[-73.7688121725218,40.70980812455569],[-73.77084362775737,40.7101716264849],[-73.77165155222623,40.71022237216442],[-73.77172444612691,40.71031681885429],[-73.77314372244636,40.70992119236891],[-73.77450050216959,40.71194578095765],[-73.77537421155921,40.71167750626222],[-73.7770383088562,40.71418493172628],[-73.77712346840055,40.71426199408275],[-73.77730633708808,40.71420931681587],[-73.77886957431728,40.71384929813096],[-73.77972553551382,40.713635770522814],[-73.78262547297199,40.712937548488185],[-73.78535272110726,40.712283617533636],[-73.78616005770834,40.71206007133991],[-73.78699598642157,40.71190160924316],[-73.78784678347726,40.711810833667904],[-73.78882606407024,40.71207693145982],[-73.78916019426434,40.71206006960056],[-73.79021544087378,40.71171704517676],[-73.7930379992026,40.71071107542323],[-73.7947305219882,40.710012461963444],[-73.79776810067948,40.70914318884339],[-73.79870150613023,40.71066337711313],[-73.80130624841756,40.70974214928576],[-73.80159590497914,40.70954842575561],[-73.80193296990011,40.708911595851745],[-73.8023311994191,40.70857247182244],[-73.80302414674632,40.708139657093334],[-73.80366830057753,40.70874604689922],[-73.80484079546375,40.70933798395824],[-73.80548241255212,40.71008885593892],[-73.80804630743958,40.70935682763351],[-73.80762188175137,40.70873059540725],[-73.80694856263321,40.70736710041278],[-73.81201248430207,40.70594494480607],[-73.8115285676521,40.70227287487812],[-73.81301882854012,40.70249515724078],[-73.81398666671592,40.702542067420495],[-73.81647531193624,40.702450427418526],[-73.815455623452,40.70027888244653],[-73.8142444732088,40.6980372829775],[-73.81372585751059,40.69713209523397],[-73.81254756223116,40.695171661295475],[-73.81147883360751,40.69329834817696],[-73.81072587432989,40.69192242230212],[-73.80962740356354,40.692223164662785],[-73.80890216768682,40.692564348953226],[-73.8064247931684,40.690873858412445],[-73.80381770412697,40.69307963155759],[-73.80119617824683,40.6953364890637],[-73.79918226817762,40.69687147632383],[-73.79854640102187,40.697466532826645],[-73.79786193380428,40.69799340427645],[-73.79722374641814,40.698359458386705],[-73.79572173639531,40.699014735111035],[-73.79449920815455,40.699385776720085],[-73.79357708668842,40.699756471694826],[-73.7928435631473,40.70024368403765],[-73.79221016607504,40.70082285170951],[-73.79186916402625,40.70136613718601],[-73.7923917022655,40.70216652965151],[-73.79115569594595,40.702294075799045],[-73.78966391480166,40.703039488521135],[-73.78919308846947,40.703204386248196],[-73.78597976361117,40.70418661636204],[-73.78484876137331,40.70458557023933],[-73.7839204918583,40.70497498272453],[-73.7825658249591,40.70542486386626],[-73.78202436091975,40.7054817276133],[-73.78034491041925,40.70541241670608],[-73.77981827881831,40.70492789790864],[-73.77849130998567,40.70383322574787],[-73.77791979804798,40.703291536889736],[-73.77691037680292,40.702524885324735],[-73.7758689274083,40.70165517071643],[-73.77488318574463,40.700747752358986],[-73.77395659399906,40.6998057815885],[-73.77230768532989,40.7005715083238],[-73.77434779028232,40.703986397060156],[-73.77507462164377,40.70523998379942],[-73.7755921863789,40.705329308720735],[-73.77555451024342,40.7060708356871],[-73.77541010502175,40.706433776433194],[-73.77490093235184,40.70706666191027],[-73.77367068989128,40.70767319612538],[-73.77230141559252,40.70807142303152],[-73.76844546384753,40.70963702715734]]]},"properties":{"nta":"QN1201","name":"Jamaica","boro":"Queens","households":18224,"owner_hh":3671,"renter_hh":14553,"turnover_all":24.1,"turnover_own":10.2,"turnover_rent":27.6,"churn_annual":10.5,"owner_share":20.1,"moe_all":2.7,"moe_own":4.8,"moe_rent":3.1,"moe_churn":7.1}},
{"type":"Feature","geometry":{"type":"Polygon","coordinates":[[[-73.77395659399906,40.6998057815885],[-73.77488318574463,40.700747752358986],[-73.7758689274083,40.70165517071643],[-73.77691037680292,40.702524885324735],[-73.77791979804798,40.703291536889736],[-73.77849130998567,40.70383322574787],[-73.77981827881831,40.70492789790864],[-73.78034491041925,40.70541241670608],[-73.78202436091975,40.7054817276133],[-73.7825658249591,40.70542486386626],[-73.7839204918583,40.70497498272453],[-73.78484876137331,40.70458557023933],[-73.78597976361117,40.70418661636204],[-73.78919308846947,40.703204386248196],[-73.78966391480166,40.703039488521135],[-73.79115569594595,40.702294075799045],[-73.7923917022655,40.70216652965151],[-73.79186916402625,40.70136613718601],[-73.79221016607504,40.70082285170951],[-73.7928435631473,40.70024368403765],[-73.79357708668842,40.699756471694826],[-73.79449920815455,40.699385776720085],[-73.79572173639531,40.699014735111035],[-73.79722374641814,40.698359458386705],[-73.79786193380428,40.69799340427645],[-73.79854640102187,40.697466532826645],[-73.79918226817762,40.69687147632383],[-73.80119617824683,40.6953364890637],[-73.80381770412697,40.69307963155759],[-73.8064247931684,40.690873858412445],[-73.80890216768682,40.692564348953226],[-73.80962740356354,40.692223164662785],[-73.81072587432989,40.69192242230212],[-73.81034587598644,40.69123019229894],[-73.80796318129859,40.68706640071282],[-73.80717487392037,40.685605273529966],[-73.80585668515104,40.68290731788954],[-73.79898209074386,40.68485873832637],[-73.79995042755543,40.68682771995492],[-73.79561486720836,40.68865689126205],[-73.79477837344128,40.6874706838937],[-73.79390841612106,40.68630469089356],[-73.79038468230088,40.68775361379837],[-73.78698344354947,40.688608476968305],[-73.78479240586788,40.68936160017254],[-73.78078155432273,40.69102994294767],[-73.77977294915996,40.68928116998517],[-73.77789337217679,40.68991769002978],[-73.77919838506126,40.69165056892539],[-73.78092104514711,40.693839700324844],[-73.78277079714988,40.69599514162298],[-73.77826301838358,40.6979100101159],[-73.77663142096641,40.6986196223721],[-73.77501745010152,40.69935848441913],[-73.77395659399906,40.6998057815885]]]},"properties":{"nta":"QN1202","name":"South Jamaica","boro":"Queens","households":12660,"owner_hh":5868,"renter_hh":6792,"turnover_all":16.7,"turnover_own":11.8,"turnover_rent":21,"churn_annual":8.3,"owner_share":46.4,"moe_all":2.8,"moe_own":3.3,"moe_rent":4.3,"moe_churn":8.6}},
{"type":"Feature","geometry":{"type":"Polygon","coordinates":[[[-73.77789337217679,40.68991769002978],[-73.77977294915996,40.68928116998517],[-73.78078155432273,40.69102994294767],[-73.78479240586788,40.68936160017254],[-73.78698344354947,40.688608476968305],[-73.79038468230088,40.68775361379837],[-73.79390841612106,40.68630469089356],[-73.79477837344128,40.6874706838937],[-73.79561486720836,40.68865689126205],[-73.79995042755543,40.68682771995492],[-73.79898209074386,40.68485873832637],[-73.80585668515104,40.68290731788954],[-73.80403103887565,40.67912899658639],[-73.80335647784375,40.67764261413894],[-73.80179295375413,40.67439399109003],[-73.80149003302263,40.67354484746204],[-73.8013177132462,40.67278422497768],[-73.80124845850035,40.67179318548356],[-73.80124404076315,40.66984300880514],[-73.8014170894731,40.667778095938836],[-73.80163473932281,40.666757554359364],[-73.80041290391678,40.666680197673486],[-73.7994227987444,40.666520664240466],[-73.79874290371627,40.6665526799119],[-73.7972774692645,40.66694392635445],[-73.79553866220006,40.666949606637274],[-73.79306694280847,40.6670672943209],[-73.79218446617382,40.667041889212506],[-73.79039544015221,40.666887703911215],[-73.78940999355977,40.666841158686104],[-73.78915781846028,40.66833809624835],[-73.78883107868613,40.669823486651836],[-73.7880864722486,40.67300962649797],[-73.7865752779455,40.67276671056379],[-73.78574700027029,40.67237942959321],[-73.78511037862548,40.67347836482024],[-73.78434496260614,40.67469643991764],[-73.78353613229928,40.67550309112973],[-73.78025859328653,40.6778409243873],[-73.7784193534604,40.679030879560884],[-73.77722923561177,40.67965272195093],[-73.7746973004981,40.680486047411584],[-73.77232211204058,40.681490968262686],[-73.7722027528162,40.681610339283694],[-73.77014324667269,40.68311109705301],[-73.76974091260281,40.68378627635674],[-73.77240015728715,40.68527961596876],[-73.77570479888122,40.68761238206102],[-73.7766191183116,40.688363723547795],[-73.77725784039025,40.689071920668766],[-73.77789337217679,40.68991769002978]]]},"properties":{"nta":"QN1203","name":"Baisley Park","boro":"Queens","households":13205,"owner_hh":8207,"renter_hh":4998,"turnover_all":14.9,"turnover_own":9.4,"turnover_rent":24,"churn_annual":6.4,"owner_share":62.2,"moe_all":2.1,"moe_own":1.9,"moe_rent":4.3,"moe_churn":6.2}},
{"type":"Feature","geometry":{"type":"Polygon","coordinates":[[[-73.76031463846735,40.67510997187887],[-73.76248600364025,40.674194981764856],[-73.76339040459804,40.674681117552275],[-73.76367677490218,40.6747455262276],[-73.7634298475627,40.67631916870704],[-73.76288673332593,40.6775024212779],[-73.76191764338085,40.678881831944416],[-73.76161350153542,40.67972794215419],[-73.76405716896679,40.68088023250743],[-73.76715533235279,40.68237709337146],[-73.76974091260281,40.68378627635674],[-73.77014324667269,40.68311109705301],[-73.7722027528162,40.681610339283694],[-73.77232211204058,40.681490968262686],[-73.7746973004981,40.680486047411584],[-73.77722923561177,40.67965272195093],[-73.7784193534604,40.679030879560884],[-73.78025859328653,40.6778409243873],[-73.78353613229928,40.67550309112973],[-73.78434496260614,40.67469643991764],[-73.78511037862548,40.67347836482024],[-73.78574700027029,40.67237942959321],[-73.7865752779455,40.67276671056379],[-73.7880864722486,40.67300962649797],[-73.78883107868613,40.669823486651836],[-73.78915781846028,40.66833809624835],[-73.78940999355977,40.666841158686104],[-73.78697007102066,40.66708518249303],[-73.78502452204151,40.66722991456556],[-73.78265442838125,40.66736859845248],[-73.7817979128213,40.667440441786354],[-73.7770132473172,40.66777636238612],[-73.77431099185407,40.6679817332048],[-73.77342462680873,40.66802762009213],[-73.77154460630646,40.66796326909854],[-73.76182231140812,40.66687776063203],[-73.75763129530147,40.66645115660537],[-73.75699533207414,40.66774126856131],[-73.75671602314448,40.668562526872094],[-73.75643734225946,40.66966637874086],[-73.75640621235955,40.67037291542162],[-73.75648374407702,40.67148986637007],[-73.75636239193665,40.67242923710904],[-73.75821606021123,40.67269569087711],[-73.75849761429988,40.672648444991296],[-73.75880484963699,40.673005654862365],[-73.76031463846735,40.67510997187887]]]},"properties":{"nta":"QN1204","name":"Springfield Gardens (North)-Rochdale Village","boro":"Queens","households":12948,"owner_hh":4759,"renter_hh":8189,"turnover_all":11.1,"turnover_own":5.2,"turnover_rent":14.5,"churn_annual":5.9,"owner_share":36.8,"moe_all":3.2,"moe_own":3.3,"moe_rent":4.5,"moe_churn":10.4}},
{"type":"Feature","geometry":{"type":"Polygon","coordinates":[[[-73.7504705809467,40.70563993103331],[-73.76095546462618,40.70290957793642],[-73.76213041346215,40.70550109242422],[-73.76195016200712,40.70592086542447],[-73.76196728739158,40.70660617302171],[-73.76176016893066,40.70660580652072],[-73.76229996208549,40.7079494182572],[-73.7645639009273,40.70739964261647],[-73.76493059888146,40.707218191781685],[-73.76734431811802,40.706636346494484],[-73.76825968986248,40.70952636837836],[-73.76844546384753,40.70963702715734],[-73.77230141559252,40.70807142303152],[-73.77367068989128,40.70767319612538],[-73.77490093235184,40.70706666191027],[-73.77541010502175,40.706433776433194],[-73.77555451024342,40.7060708356871],[-73.7755921863789,40.705329308720735],[-73.77507462164377,40.70523998379942],[-73.77434779028232,40.703986397060156],[-73.77230768532989,40.7005715083238],[-73.77395659399906,40.6998057815885],[-73.77501745010152,40.69935848441913],[-73.77663142096641,40.6986196223721],[-73.77826301838358,40.6979100101159],[-73.78277079714988,40.69599514162298],[-73.78092104514711,40.693839700324844],[-73.77919838506126,40.69165056892539],[-73.77789337217679,40.68991769002978],[-73.77725784039025,40.689071920668766],[-73.7766191183116,40.688363723547795],[-73.77570479888122,40.68761238206102],[-73.77240015728715,40.68527961596876],[-73.76974091260281,40.68378627635674],[-73.76715533235279,40.68237709337146],[-73.76405716896679,40.68088023250743],[-73.76161350153542,40.67972794215419],[-73.76191764338085,40.678881831944416],[-73.76288673332593,40.6775024212779],[-73.7634298475627,40.67631916870704],[-73.76367677490218,40.6747455262276],[-73.76339040459804,40.674681117552275],[-73.76248600364025,40.674194981764856],[-73.76031463846735,40.67510997187887],[-73.75691881631015,40.67652887087326],[-73.75648885703784,40.67602276208586],[-73.75576169139454,40.675885909418795],[-73.75523457739516,40.6772884097462],[-73.75484909582539,40.6779288383857],[-73.75268290899247,40.68086961685906],[-73.75225828553378,40.68149141147138],[-73.75180409149453,40.68240332399203],[-73.75125793472985,40.68373412593165],[-73.75001704218833,40.68589131900592],[-73.74935259434316,40.686639419349106],[-73.74850340999754,40.6877818361272],[-73.74746788784424,40.689322181235326],[-73.74728617635121,40.68973717360639],[-73.74624345491722,40.69127944535179],[-73.74484610476829,40.69313905661612],[-73.7445271814625,40.6936905989225],[-73.74415873945131,40.69454990011062],[-73.74359285933764,40.69621532530715],[-73.74458386933107,40.69636378169865],[-73.74523747443887,40.696374659342695],[-73.7461815781834,40.696121925980215],[-73.7477301204956,40.69955313683161],[-73.7504705809467,40.70563993103331]]]},"properties":{"nta":"QN1205","name":"St. Albans","boro":"Queens","households":16417,"owner_hh":12014,"renter_hh":4403,"turnover_all":11.8,"turnover_own":8.4,"turnover_rent":20.9,"churn_annual":4.9,"owner_share":73.2,"moe_all":2,"moe_own":1.9,"moe_rent":4.9,"moe_churn":6.1}},
{"type":"Feature","geometry":{"type":"Polygon","coordinates":[[[-73.7504705809467,40.70563993103331],[-73.75121246881862,40.70730658007634],[-73.75230963988163,40.70995338737659],[-73.7535751206639,40.712992296653496],[-73.75360661767472,40.713071123161484],[-73.75407540819094,40.713904695728516],[-73.75470078284435,40.71471005382326],[-73.75832728606676,40.719582090367915],[-73.75912824147095,40.720647041028144],[-73.75919500518364,40.72073580754928],[-73.7594414294101,40.72106344375331],[-73.76030623055577,40.720646644323885],[-73.76113827101929,40.72032917718405],[-73.76196994801667,40.720003610033025],[-73.76446951657488,40.718890392877896],[-73.76664095177631,40.71764661366327],[-73.76733228086881,40.717289796810775],[-73.76870175300171,40.71680689457041],[-73.77357135168404,40.71512009536888],[-73.77529927743397,40.71469631404979],[-73.77712346840055,40.71426199408275],[-73.7770383088562,40.71418493172628],[-73.77537421155921,40.71167750626222],[-73.77450050216959,40.71194578095765],[-73.77314372244636,40.70992119236891],[-73.77172444612691,40.71031681885429],[-73.77165155222623,40.71022237216442],[-73.77084362775737,40.7101716264849],[-73.7688121725218,40.70980812455569],[-73.76844546384753,40.70963702715734],[-73.76825968986248,40.70952636837836],[-73.76734431811802,40.706636346494484],[-73.76493059888146,40.707218191781685],[-73.7645639009273,40.70739964261647],[-73.76229996208549,40.7079494182572],[-73.76176016893066,40.70660580652072],[-73.76196728739158,40.70660617302171],[-73.76195016200712,40.70592086542447],[-73.76213041346215,40.70550109242422],[-73.76095546462618,40.70290957793642],[-73.7504705809467,40.70563993103331]]]},"properties":{"nta":"QN1206","name":"Hollis","boro":"Queens","households":6848,"owner_hh":3490,"renter_hh":3358,"turnover_all":14,"turnover_own":6,"turnover_rent":22.4,"churn_annual":6.6,"owner_share":51,"moe_all":3.1,"moe_own":2.5,"moe_rent":5.6,"moe_churn":9.4}},
{"type":"Feature","geometry":{"type":"Polygon","coordinates":[[[-73.7133254207879,40.75973018956998],[-73.71434593595306,40.759717686030996],[-73.71612163331903,40.759580146225034],[-73.71698648425608,40.759428053213405],[-73.71777882243869,40.75920246370857],[-73.7187206119529,40.7588019625891],[-73.7195027067938,40.758396604309695],[-73.72014524222521,40.75791135989186],[-73.72113420829712,40.756944422476856],[-73.72148863632262,40.7564265776219],[-73.72193103350784,40.7555230044823],[-73.72255405646138,40.75456196897617],[-73.72336649900234,40.75372284621766],[-73.72376629274856,40.75341626353398],[-73.72507333196293,40.75258481709143],[-73.72625938442026,40.75186982719902],[-73.7268685379624,40.75136880584219],[-73.72736103652076,40.75083798695294],[-73.7278210429855,40.75023302300457],[-73.72822100993974,40.749421003706644],[-73.72864941160132,40.74806788027158],[-73.72829055896214,40.74745866499545],[-73.72801466061055,40.74870690681605],[-73.7276803255188,40.74963924557689],[-73.72627213222928,40.74930649076082],[-73.72339596217732,40.7503890759246],[-73.72258571843531,40.7488504517089],[-73.72014429379229,40.749762831076765],[-73.71988664004725,40.74936951117564],[-73.71926570540299,40.747895007010456],[-73.71896368184152,40.746994741244265],[-73.71823250133481,40.74539666302175],[-73.71740598443701,40.743510930592315],[-73.71578320130972,40.7398943463942],[-73.71544946747396,40.739216804571804],[-73.71476982624478,40.73790034823738],[-73.71278768854353,40.73467038128438],[-73.71147804721952,40.73250140137267],[-73.71089324743122,40.73097104248372],[-73.71075217164208,40.73052537505698],[-73.71065518677528,40.72938296549934],[-73.71049995273978,40.72722708741124],[-73.70766217173856,40.72783093450627],[-73.70648028199732,40.72971129922899],[-73.70460114285117,40.73256974742629],[-73.70394462945275,40.733526262212045],[-73.7033149082054,40.734563256880215],[-73.70206036268367,40.736442757166365],[-73.70147072950022,40.737511560961984],[-73.70081147030183,40.738439152386405],[-73.70002020371138,40.739236541728715],[-73.7002922210927,40.74101060200946],[-73.70058163971377,40.74318384158697],[-73.70077960674475,40.745041453796894],[-73.70089340027832,40.74705726562533],[-73.7011731654892,40.7489243016214],[-73.70134715916569,40.75078058137437],[-73.70163345759967,40.752493329689685],[-73.70273495637419,40.75325051731093],[-73.70527128228318,40.75477044145165],[-73.70782538565497,40.756216404322885],[-73.71244940598523,40.7592417042155],[-73.7133254207879,40.75973018956998]]]},"properties":{"nta":"QN1301","name":"Glen Oaks-Floral Park-New Hyde Park","boro":"Queens","households":8972,"owner_hh":6795,"renter_hh":2177,"turnover_all":15.7,"turnover_own":8.4,"turnover_rent":38.7,"churn_annual":10.5,"owner_share":75.7,"moe_all":3.1,"moe_own":1.8,"moe_rent":9.4,"moe_churn":10.5}},
{"type":"Feature","geometry":{"type":"Polygon","coordinates":[[[-73.7327257788704,40.727734070863605],[-73.73147215054848,40.72741179527284],[-73.73121918164797,40.726698197416624],[-73.72990780990708,40.72327301286179],[-73.7283641527184,40.7236143523798],[-73.7281623385495,40.72308414078654],[-73.72647559322624,40.72375249638498],[-73.72567196871361,40.72403765899124],[-73.7234275394004,40.724663350897664],[-73.7217965876564,40.72508603543825],[-73.7182870671249,40.726041111269],[-73.71693287990968,40.72638641555398],[-73.71587508666957,40.726542439863614],[-73.71410391079887,40.72675633640541],[-73.7104999527399,40.7272270874112],[-73.71065518677528,40.72938296549934],[-73.7107521716422,40.73052537505694],[-73.71089324743122,40.73097104248372],[-73.71147804721959,40.73250140137267],[-73.71278768854353,40.73467038128438],[-73.71476982624489,40.73790034823738],[-73.71544946747396,40.739216804571804],[-73.71578320130979,40.73989434639416],[-73.71740598443705,40.743510930592315],[-73.71823250133492,40.745396663021715],[-73.71896368184157,40.74699474124421],[-73.71926570540312,40.74789500701044],[-73.71988664004725,40.74936951117564],[-73.72014429379229,40.749762831076765],[-73.72258571843531,40.7488504517089],[-73.72339596217738,40.75038907592456],[-73.72627213222938,40.74930649076079],[-73.72768032551885,40.74963924557686],[-73.72801466061058,40.748706906816025],[-73.72829055896214,40.74745866499545],[-73.72864941160132,40.74806788027154],[-73.7288862157984,40.747566636703645],[-73.7294281278661,40.74667810974884],[-73.73095767797076,40.74485900423545],[-73.73232546685418,40.74364541260106],[-73.73255617680985,40.743748232698394],[-73.73321205999278,40.74320098738846],[-73.73360798727859,40.74293995353311],[-73.73370280759107,40.74288196403307],[-73.73374471226866,40.7428516324762],[-73.73379801528668,40.74281898656228],[-73.73398005349259,40.74269999841563],[-73.73432002260203,40.742491937411216],[-73.73544873807673,40.7418700669829],[-73.73835104618887,40.74033993875235],[-73.73922398726162,40.7396839520418],[-73.74029081563614,40.73851667064148],[-73.74159714743162,40.736908169453066],[-73.7430615151169,40.73547914642898],[-73.74384431595986,40.73480684843994],[-73.74606422014682,40.733132041586614],[-73.74673750176666,40.732583220726575],[-73.7466985053659,40.732210187701305],[-73.74649162170499,40.73141458954924],[-73.74629555656713,40.73118017796471],[-73.74555591343949,40.73063747398293],[-73.7441748235501,40.73032276379395],[-73.7438520419923,40.73024767952522],[-73.74200329312517,40.72982592371199],[-73.73715501979026,40.728732012343166],[-73.73498719837156,40.72824220584516],[-73.7327257788704,40.727734070863605]]]},"properties":{"nta":"QN1302","name":"Bellerose","boro":"Queens","households":8726,"owner_hh":6091,"renter_hh":2635,"turnover_all":15.3,"turnover_own":8.2,"turnover_rent":31.7,"churn_annual":7.8,"owner_share":69.8,"moe_all":3.8,"moe_own":2.9,"moe_rent":9.4,"moe_churn":10}},
{"type":"Feature","geometry":{"type":"Polygon","coordinates":[[[-73.73036969840581,40.70309853308709],[-73.72776791801739,40.703020637942124],[-73.7267775946746,40.703059292402685],[-73.72704696486667,40.7094987533117],[-73.72689487349234,40.709978573616446],[-73.72697146650967,40.71071450403049],[-73.72736801315784,40.71241113212565],[-73.72852236530296,40.71678448063811],[-73.72917629515445,40.719167214561935],[-73.72966103060985,40.72048138422231],[-73.73032628902034,40.72215729678346],[-73.7297578838625,40.722483579407914],[-73.7288329483166,40.72287849844712],[-73.72816233854954,40.723084140786575],[-73.72836415271846,40.72361435237984],[-73.72990780990698,40.72327301286179],[-73.73121918164782,40.72669819741666],[-73.73147215054838,40.72741179527284],[-73.7327257788704,40.727734070863605],[-73.73498719837156,40.72824220584516],[-73.73715501979026,40.728732012343166],[-73.74200329312517,40.72982592371199],[-73.7438520419923,40.73024767952522],[-73.7441748235501,40.73032276379395],[-73.74555591343943,40.730637473982995],[-73.74629555656719,40.73118017796475],[-73.74649162170499,40.73141458954924],[-73.7466985053659,40.732210187701305],[-73.74673750176666,40.732583220726575],[-73.74812374473736,40.73133985365315],[-73.74962106484757,40.7300053270935],[-73.7506577873381,40.72919464811015],[-73.75188545444676,40.72841759955691],[-73.75301201137647,40.727776012968825],[-73.75385082281791,40.727381122807685],[-73.7539312059411,40.72734607870488],[-73.75454891771649,40.727076773529795],[-73.75601417575119,40.72654649650901],[-73.75688011226855,40.72627860534325],[-73.75566637400473,40.72531916953889],[-73.75524449419134,40.72478312669596],[-73.75496919396734,40.72415964730778],[-73.75577120851015,40.723640216393015],[-73.75944142940995,40.72106344375331],[-73.75919500518353,40.72073580754933],[-73.75912824147078,40.720647041028144],[-73.75832728606665,40.71958209036796],[-73.75470078284424,40.71471005382329],[-73.75407540819094,40.713904695728516],[-73.75360661767472,40.713071123161484],[-73.7535751206639,40.712992296653496],[-73.75230963988163,40.70995338737659],[-73.75121246881852,40.707306580076384],[-73.75047058094658,40.7056399310333],[-73.74773012049566,40.699553136831646],[-73.74500118994638,40.700262213048546],[-73.74590870931375,40.70228727366261],[-73.7441343538415,40.702742111631544],[-73.74330723785346,40.70295979673737],[-73.74148805155744,40.70343161263624],[-73.7405033639837,40.70343355745073],[-73.74077675795905,40.70267983786259],[-73.73430403593768,40.702478132196354],[-73.73426455293747,40.70321954338109],[-73.73036969840581,40.70309853308709]]]},"properties":{"nta":"QN1303","name":"Queens Village","boro":"Queens","households":16816,"owner_hh":12177,"renter_hh":4639,"turnover_all":9.9,"turnover_own":6.1,"turnover_rent":20,"churn_annual":5.8,"owner_share":72.4,"moe_all":1.7,"moe_own":1.4,"moe_rent":4.4,"moe_churn":6.8}},
{"type":"Feature","geometry":{"type":"Polygon","coordinates":[[[-73.73036969840581,40.70309853308709],[-73.73426455293747,40.70321954338105],[-73.73430403593768,40.702478132196305],[-73.7407767579591,40.70267983786256],[-73.74050336398376,40.70343355745067],[-73.7414880515575,40.7034316126362],[-73.74330723785346,40.70295979673737],[-73.7441343538415,40.702742111631544],[-73.74590870931385,40.70228727366261],[-73.74500118994632,40.700262213048546],[-73.7477301204956,40.69955313683161],[-73.7461815781834,40.696121925980215],[-73.74523747443887,40.696374659342695],[-73.74458386933107,40.69636378169865],[-73.74359285933764,40.69621532530715],[-73.74415873945131,40.69454990011062],[-73.7445271814625,40.6936905989225],[-73.74484610476829,40.69313905661612],[-73.74624345491722,40.69127944535179],[-73.74728617635121,40.68973717360639],[-73.74746788784424,40.689322181235326],[-73.73759993991222,40.68636201219985],[-73.73744163705501,40.68670076788831],[-73.7339602527064,40.68563856252251],[-73.73308454574295,40.685382535027806],[-73.72718272361968,40.68359733001581],[-73.72586264116339,40.683241080946495],[-73.72579787942314,40.68435384982523],[-73.72593196176982,40.68631194081568],[-73.72616338318788,40.688453617698464],[-73.72626254348815,40.690773253170136],[-73.7265026929605,40.69688607457409],[-73.72654435058581,40.69898264016624],[-73.72665409017873,40.70111265939231],[-73.72678961162919,40.701945452870184],[-73.72672841155104,40.70214573575407],[-73.72677759467466,40.703059292402656],[-73.7277679180175,40.703020637942124],[-73.73036969840581,40.70309853308709]]]},"properties":{"nta":"QN1304","name":"Cambria Heights","boro":"Queens","households":6567,"owner_hh":5608,"renter_hh":959,"turnover_all":11.5,"turnover_own":10.1,"turnover_rent":19.7,"churn_annual":4.1,"owner_share":85.4,"moe_all":2.6,"moe_own":2.4,"moe_rent":10.3,"moe_churn":9.5}},
{"type":"Feature","geometry":{"type":"Polygon","coordinates":[[[-73.7339602527064,40.68563856252251],[-73.73423734775236,40.68534277988416],[-73.73581149101246,40.682452446195214],[-73.73964722632623,40.68359845192383],[-73.73950237393002,40.68389668302],[-73.74046387943207,40.6841938387136],[-73.74095291321797,40.68329121620817],[-73.74801584426137,40.68541877661247],[-73.74809302569815,40.68528309259016],[-73.75001704218833,40.68589131900592],[-73.75125793472985,40.68373412593165],[-73.75180409149453,40.68240332399203],[-73.75225828553378,40.68149141147138],[-73.75268290899247,40.68086961685906],[-73.75484909582539,40.6779288383857],[-73.75523457739516,40.6772884097462],[-73.75576169139454,40.675885909418795],[-73.75648885703784,40.67602276208586],[-73.75691881631015,40.67652887087326],[-73.76031463846735,40.67510997187887],[-73.75880484963699,40.673005654862365],[-73.75849761429988,40.672648444991296],[-73.75821606021123,40.67269569087711],[-73.75636239193665,40.67242923710904],[-73.75648374407702,40.67148986637007],[-73.75640621235955,40.67037291542162],[-73.75643734225946,40.66966637874086],[-73.75671602314448,40.668562526872094],[-73.75699533207414,40.66774126856131],[-73.75763129530147,40.66645115660537],[-73.75602173442486,40.666391716104336],[-73.75073016931302,40.666401901948966],[-73.74902967406598,40.66638682094612],[-73.74536651585989,40.66640403298227],[-73.74117817210484,40.66640295437147],[-73.74080404469424,40.666843967703386],[-73.73921986258559,40.66851888383152],[-73.73798805938823,40.669789636932194],[-73.73754673738372,40.67033434438518],[-73.73718424300924,40.67090981324585],[-73.736777278462,40.670765124537795],[-73.73665375994842,40.67094128952291],[-73.73580182083253,40.67215631672451],[-73.73552296460723,40.67255707215126],[-73.73592171572834,40.67265118359078],[-73.73561853866774,40.67313052767577],[-73.73512559306988,40.67393842058427],[-73.73384204147894,40.67546337684209],[-73.7330322325731,40.67649502613767],[-73.73106142318657,40.67830662071909],[-73.73047301194771,40.6793479372618],[-73.72950555707213,40.680055725641985],[-73.72924739831137,40.68043098563915],[-73.72851656730766,40.68121047255854],[-73.7281023864535,40.68176563707135],[-73.72718272361968,40.68359733001581],[-73.73308454574295,40.685382535027806],[-73.7339602527064,40.68563856252251]]]},"properties":{"nta":"QN1305","name":"Laurelton","boro":"Queens","households":8789,"owner_hh":7004,"renter_hh":1785,"turnover_all":11,"turnover_own":9.2,"turnover_rent":17.9,"churn_annual":5.4,"owner_share":79.7,"moe_all":2.2,"moe_own":2.1,"moe_rent":6.5,"moe_churn":7.4}},
{"type":"Feature","geometry":{"type":"Polygon","coordinates":[[[-73.75763129530147,40.66645115660537],[-73.76182231140812,40.66687776063203],[-73.77154460630646,40.66796326909854],[-73.77342462680873,40.66802762009213],[-73.77431099185407,40.6679817332048],[-73.7770132473172,40.66777636238612],[-73.7817979128213,40.667440441786354],[-73.78265442838125,40.66736859845248],[-73.78502452204151,40.66722991456556],[-73.78697007102066,40.66708518249303],[-73.78940999355977,40.666841158686104],[-73.79039544015221,40.666887703911215],[-73.79218446617382,40.667041889212506],[-73.79306694280847,40.6670672943209],[-73.79553866220006,40.666949606637274],[-73.7972774692645,40.66694392635445],[-73.79874290371627,40.6665526799119],[-73.7994227987444,40.666520664240466],[-73.80041290391678,40.666680197673486],[-73.80163473932281,40.666757554359364],[-73.80214866414657,40.66524995396516],[-73.80122050956946,40.66527605805908],[-73.79981954330347,40.665259262643865],[-73.79701291766155,40.66507324726579],[-73.7958191481564,40.66495562795299],[-73.79118918930965,40.664333234213835],[-73.78751177862071,40.66382524414059],[-73.78502513652099,40.66342107306481],[-73.78341610658288,40.66308247648418],[-73.78124173110102,40.66247034989132],[-73.77981746589664,40.66195720905687],[-73.77932933052475,40.66183952084514],[-73.77876683414885,40.661510723704225],[-73.77690452925368,40.6606721569316],[-73.77510069812675,40.66015258382304],[-73.77382964657818,40.65965115877155],[-73.77305500934179,40.659199751144456],[-73.7704997764763,40.65787604109235],[-73.76566897097972,40.65525346939355],[-73.76406290075344,40.65435626749997],[-73.75793937303915,40.65085330443797],[-73.75465758072959,40.64901209710456],[-73.75157384059202,40.6472593017056],[-73.7485717876437,40.64555028490701],[-73.74831832549904,40.64539905605005],[-73.74795480440304,40.64514069555102],[-73.74778293478266,40.6450038392992],[-73.74761799083696,40.64486212494217],[-73.74746020902765,40.64471575567823],[-73.74711666190726,40.6443718457884],[-73.74616512930311,40.64486228002022],[-73.74608166311918,40.64557039365891],[-73.74625036752207,40.646373436480985],[-73.74622594664707,40.64672364104724],[-73.74637156934324,40.6477555633657],[-73.74644061774204,40.648053553357165],[-73.74624887205297,40.64859462300209],[-73.74623916057672,40.6497929086608],[-73.74615357839076,40.65047151294185],[-73.7458732837803,40.65043625247895],[-73.74620845235043,40.650973561702386],[-73.74640308426382,40.651398851876],[-73.74648937969874,40.651691961955585],[-73.7465499711253,40.652563755434834],[-73.7433254679629,40.652537805010205],[-73.74328713961904,40.65613473208411],[-73.74487420171579,40.65614455817023],[-73.74506037797882,40.6574071506222],[-73.74507382719305,40.657560727964324],[-73.74495610010571,40.65816982120883],[-73.74354277201893,40.65970606452753],[-73.74244279681466,40.660868528748054],[-73.74196994777121,40.66148401995506],[-73.74115182739015,40.6627744014897],[-73.74044280302523,40.66411013944538],[-73.74001752037609,40.66474795382481],[-73.73954958202829,40.6652560220897],[-73.73891022791689,40.665954492079464],[-73.73849170515227,40.666415406130746],[-73.73975201598914,40.66640327875517],[-73.74021946225426,40.66640227670198],[-73.74117817210484,40.66640295437147],[-73.74536651585989,40.66640403298227],[-73.74902967406598,40.66638682094612],[-73.75073016931302,40.666401901948966],[-73.75602173442486,40.666391716104336],[-73.75763129530147,40.66645115660537]]]},"properties":{"nta":"QN1306","name":"Springfield Gardens (South)-Brookville","boro":"Queens","households":6819,"owner_hh":4324,"renter_hh":2495,"turnover_all":15.6,"turnover_own":8.1,"turnover_rent":28.5,"churn_annual":9.3,"owner_share":63.4,"moe_all":4.4,"moe_own":4.7,"moe_rent":8.2,"moe_churn":9.5}},
{"type":"Feature","geometry":{"type":"Polygon","coordinates":[[[-73.75157384059202,40.6472593017056],[-73.75204902476068,40.64665193747837],[-73.75171302334503,40.64650059193875],[-73.75067460350651,40.645773293066725],[-73.75006840047456,40.645441897145815],[-73.74943042848375,40.644925318504896],[-73.74903740840448,40.645157767689106],[-73.74869254765788,40.64494421639678],[-73.74875121173446,40.64447110385122],[-73.74811751260069,40.64405164979158],[-73.74725322933648,40.64312865479618],[-73.74718790372502,40.64287869218718],[-73.74674116340496,40.64228225971129],[-73.74650806548819,40.64163919946278],[-73.7463146777996,40.64139431317984],[-73.7463503819981,40.64066175970662],[-73.74617128507282,40.640401497253926],[-73.74633816721494,40.63993390260191],[-73.74632926175624,40.63935699312336],[-73.74647456455858,40.63903205472876],[-73.74659953478961,40.63835421143802],[-73.7468710936973,40.63803190343125],[-73.74705091205011,40.63701356821669],[-73.74692780511253,40.63690674648401],[-73.74643950836028,40.6374295505691],[-73.74551058251747,40.63794388103354],[-73.74567316004243,40.638124657428115],[-73.74529639409818,40.6383301395409],[-73.74527138642927,40.63791590124552],[-73.74645394301926,40.6372598208814],[-73.74676973566719,40.63689418553562],[-73.74661229878836,40.63658213120237],[-73.7462638571202,40.63644221911167],[-73.74563429196256,40.636952665561424],[-73.74514559368646,40.637202706723215],[-73.74489231636274,40.63716968731279],[-73.74450503104404,40.637580533468956],[-73.7442212441828,40.638019703893924],[-73.74402997541277,40.63865299662799],[-73.74376618359739,40.63902032195888],[-73.74352226237993,40.63888948687755],[-73.74403815450607,40.63798607662278],[-73.74272966303167,40.63827015648448],[-73.74189040305806,40.63812221303788],[-73.74121658730697,40.63781576192658],[-73.7409787082063,40.637320231943185],[-73.74139723372828,40.63675038479511],[-73.74216425327656,40.63597042684212],[-73.74242723338075,40.635394361035665],[-73.74239605573132,40.63507015206563],[-73.74207663493898,40.63497913065259],[-73.74144329175063,40.635089670788936],[-73.74075047652902,40.63510783169167],[-73.74065940309248,40.63521017968961],[-73.74000390414142,40.635308864792975],[-73.73947121560623,40.635706432330686],[-73.74125900067378,40.63889749993777],[-73.74227387159938,40.640123381450174],[-73.74142279226983,40.64050339075156],[-73.74205084886786,40.641474204524386],[-73.74166141251544,40.642198062181116],[-73.7414397962677,40.64608557627341],[-73.74143705965366,40.646889178319896],[-73.73904482043439,40.64820118034259],[-73.7351350134013,40.64973204096658],[-73.73207263008916,40.65008747472097],[-73.730286528842,40.65036852267253],[-73.72649790113567,40.65166351439884],[-73.72522608019015,40.652001000145574],[-73.72509934516106,40.65234574831041],[-73.72505569119356,40.65350789414465],[-73.72498470779016,40.65425343490316],[-73.72550259072499,40.65551651557244],[-73.72556769770608,40.65672514257895],[-73.7264443860825,40.65916161542237],[-73.72720802031425,40.66042232069481],[-73.72793124345296,40.661748835606105],[-73.72804607904838,40.66239899654399],[-73.72833071831944,40.66304394373028],[-73.72781750883685,40.66311678398312],[-73.72783352319865,40.66397643744328],[-73.72777029122467,40.66406439891905],[-73.72785787219328,40.66506797018431],[-73.72811351330414,40.665345314938094],[-73.72827272254973,40.66642959208385],[-73.72822216908425,40.66731364005686],[-73.72824131145188,40.66802409800284],[-73.72817255545314,40.66871742933782],[-73.72799989246542,40.66940504464146],[-73.72788358626983,40.67079643662392],[-73.7277905004878,40.671489513959905],[-73.72753500302508,40.673930284292574],[-73.72755616290443,40.67416158819021],[-73.72624013461515,40.67722107996002],[-73.7256300511989,40.67958795078154],[-73.72590660060669,40.68265660462427],[-73.72586264116329,40.683241080946495],[-73.72718272361956,40.68359733001581],[-73.72810238645354,40.681765637071386],[-73.72851656730772,40.68121047255856],[-73.72924739831133,40.68043098563915],[-73.72950555707206,40.68005572564203],[-73.73047301194761,40.6793479372618],[-73.7310614231864,40.67830662071913],[-73.7330322325731,40.67649502613771],[-73.73384204147882,40.67546337684213],[-73.73512559306978,40.6739384205843],[-73.73561853866774,40.67313052767577],[-73.73592171572828,40.67265118359078],[-73.73552296460711,40.67255707215126],[-73.73580182083253,40.672156316724546],[-73.73677727846184,40.67076512453782],[-73.73718424300924,40.670909813245885],[-73.73754673738372,40.67033434438518],[-73.73798805938817,40.66978963693224],[-73.73921986258559,40.66851888383152],[-73.74080404469419,40.666843967703386],[-73.74117817210478,40.66640295437147],[-73.74021946225426,40.66640227670198],[-73.73975201598914,40.66640327875517],[-73.73849170515221,40.66641540613078],[-73.73891022791689,40.665954492079464],[-73.73954958202829,40.6652560220897],[-73.74001752037601,40.66474795382481],[-73.74044280302512,40.66411013944541],[-73.74115182739011,40.66277440148975],[-73.7419699477711,40.66148401995509],[-73.7424427968145,40.660868528748054],[-73.74354277201893,40.65970606452753],[-73.7449561001056,40.65816982120889],[-73.74507382719305,40.657560727964324],[-73.74506037797882,40.6574071506222],[-73.74487420171579,40.65614455817026],[-73.74328713961904,40.65613473208411],[-73.74332546796286,40.652537805010205],[-73.7465499711252,40.652563755434876],[-73.74648937969876,40.651691961955564],[-73.74640308426376,40.651398851876],[-73.74634678005637,40.65125486843513],[-73.74620845235039,40.650973561702386],[-73.74587328378013,40.65043625247895],[-73.7461535783907,40.65047151294185],[-73.74623916057662,40.6497929086608],[-73.74624887205292,40.64859462300209],[-73.74644061774198,40.648053553357215],[-73.74637156934324,40.6477555633657],[-73.74622594664707,40.64672364104724],[-73.74625036752195,40.64637343648102],[-73.74608166311924,40.64557039365891],[-73.74616512930301,40.64486228002025],[-73.74711666190726,40.6443718457884],[-73.7476179908369,40.64486212494216],[-73.74778293478262,40.645003839299235],[-73.74795480440305,40.64514069555107],[-73.74831832549894,40.64539905605009],[-73.74857178764364,40.64555028490707],[-73.75157384059202,40.6472593017056]]]},"properties":{"nta":"QN1307","name":"Rosedale","boro":"Queens","households":8410,"owner_hh":5626,"renter_hh":2784,"turnover_all":14.4,"turnover_own":11.9,"turnover_rent":19.6,"churn_annual":6.3,"owner_share":66.9,"moe_all":4,"moe_own":3.9,"moe_rent":8.5,"moe_churn":10.8}},
{"type":"Feature","geometry":{"type":"Polygon","coordinates":[[[-73.77023141364488,40.593974904105245],[-73.76964468972831,40.59076871274092],[-73.76885847300676,40.59086235588585],[-73.76813345500128,40.59073689996841],[-73.76632501256331,40.59097365014639],[-73.76541994963515,40.591173604845814],[-73.76347652151419,40.59148432001347],[-73.76276146869952,40.59162420917818],[-73.76134311678145,40.59172663435317],[-73.75989658588394,40.59161204550184],[-73.75938010755351,40.591504576459364],[-73.75789189861872,40.591356988277866],[-73.75591790840933,40.59087100080018],[-73.7549219234696,40.59087624898527],[-73.75433000321065,40.59094843297083],[-73.75340930395754,40.590971256787476],[-73.75308784451664,40.59110461591145],[-73.75169369495848,40.59131225082341],[-73.75049936103336,40.592346904002156],[-73.7491252475753,40.593216367270564],[-73.7481792909645,40.593515861265814],[-73.74736900850883,40.594054660959905],[-73.74692440416422,40.59412442853733],[-73.74665511464555,40.5942956954049],[-73.74598081817608,40.59437444479176],[-73.74472551445534,40.59464837845217],[-73.74359145353681,40.59466458027352],[-73.74291424530844,40.59483215904373],[-73.74238742584683,40.594729256562935],[-73.74222603097073,40.594905883324444],[-73.74173766166123,40.59472777078844],[-73.74137287779193,40.59480814176149],[-73.74089520274937,40.59461157919209],[-73.74062832064124,40.59472165227226],[-73.73995801592365,40.59450076878725],[-73.73900196778486,40.59458623174203],[-73.7385341655638,40.594438276339815],[-73.73798981780982,40.594556043243685],[-73.7384123103415,40.59592350494696],[-73.73838360335252,40.597117408562426],[-73.73885520265861,40.59678311543935],[-73.73933278706599,40.59691318387481],[-73.73960988055157,40.596763437540496],[-73.73957904997502,40.596376337848874],[-73.73992792985001,40.59606158731352],[-73.74049382945861,40.596073961132795],[-73.74061525972189,40.59627245088194],[-73.7405258466843,40.59657322672296],[-73.74151239168923,40.59652861301722],[-73.74182180769847,40.59673402542699],[-73.74144613335383,40.59693644706136],[-73.74100506979521,40.59683808061872],[-73.74072577905439,40.596992394565916],[-73.74036012749333,40.596774996042875],[-73.74028393005834,40.59640997986261],[-73.74009714262671,40.59620864729191],[-73.739798757236,40.59642860378937],[-73.74011797949187,40.596808555763126],[-73.73998731815398,40.59700253429577],[-73.73954335903008,40.59723536451175],[-73.7390706705059,40.597165207141074],[-73.73871968076703,40.59694881782919],[-73.73835617570401,40.59760047830432],[-73.73836459856824,40.59845285384284],[-73.7382259772783,40.60256602821522],[-73.73839438422605,40.60280257128787],[-73.73840394453826,40.60312113528227],[-73.73920739671239,40.60404014329836],[-73.7402913897634,40.60459823177859],[-73.74121366852233,40.60551892083238],[-73.7433973152214,40.60747217106679],[-73.7431089444169,40.607715997003616],[-73.74386981782762,40.60889248447984],[-73.74456657935585,40.610117452934745],[-73.74536751646426,40.61120355260162],[-73.7457615004659,40.61199165524858],[-73.74685538892268,40.61157410055949],[-73.74721567818867,40.61217883965458],[-73.74761418797289,40.61199801088216],[-73.74799307229321,40.612310157966064],[-73.74821585794741,40.612011077587724],[-73.74912000614299,40.61179432654246],[-73.75008770988859,40.61164055382545],[-73.75345836130873,40.6105198629075],[-73.75473219484641,40.61040524167673],[-73.75499501085291,40.61013220851767],[-73.75556369084156,40.610118427946475],[-73.75575727193686,40.61036067767467],[-73.7564824532628,40.61017734658477],[-73.75731666566756,40.6102910550685],[-73.75841702630481,40.6102808019837],[-73.75944441573688,40.61034730202619],[-73.75949119833386,40.61081579591104],[-73.75998446975024,40.61087937734433],[-73.76155051905893,40.60903136580099],[-73.76178242960425,40.60915167055724],[-73.76087049521183,40.610198122360096],[-73.76076730398717,40.610184642971156],[-73.76023635756977,40.61082086495047],[-73.76172413788703,40.61184724326046],[-73.76229944090608,40.61135920554352],[-73.76315813772845,40.61165782691357],[-73.76455265822419,40.611834943708025],[-73.76507871435253,40.612048174611346],[-73.76515707653233,40.61298711309458],[-73.76502554335015,40.613521152710746],[-73.76516400763252,40.613754202685456],[-73.76597595285247,40.61392817527207],[-73.76631013101455,40.614195335941176],[-73.76681903085172,40.6142909619228],[-73.76754530082168,40.61422113170213],[-73.76833706075094,40.61422865295682],[-73.76915158682542,40.61399881197035],[-73.77019814694476,40.614063306531364],[-73.77121251240703,40.613941408730334],[-73.77174156702766,40.613961049954995],[-73.77290597269678,40.61357051843657],[-73.77347356533477,40.61362564688098],[-73.77385782227712,40.61285762045976],[-73.77399306247031,40.6124480264082],[-73.77376767753127,40.61125622247565],[-73.77339559311469,40.61101456383319],[-73.77314518000786,40.61127373924493],[-73.7723588562638,40.61150631706028],[-73.77211190787645,40.611438910404324],[-73.77186161471124,40.610845427082204],[-73.77122891225676,40.610379058147295],[-73.77098868403323,40.61038993558514],[-73.77058996001053,40.61016101867705],[-73.77025656496262,40.610251340008006],[-73.76976745552504,40.610064188671885],[-73.76910851369472,40.60961554957411],[-73.76893512448518,40.6091820212884],[-73.76922537926566,40.608540766141665],[-73.7698089055752,40.607885604104325],[-73.76979254493467,40.607502300334836],[-73.77001249648201,40.607228791629474],[-73.76983994176685,40.60620031394024],[-73.77003135353927,40.60576196993468],[-73.77000408185238,40.60535479108797],[-73.77057275755057,40.604798540851256],[-73.7704812987761,40.60458265649525],[-73.77040862113742,40.6037190238182],[-73.77021903009319,40.60313523931151],[-73.77042036813747,40.60294198341897],[-73.77018588274095,40.602748823325264],[-73.77093512613946,40.60115230828582],[-73.7711259012797,40.60045504211799],[-73.7710867482187,40.59966934597042],[-73.77115249540998,40.5993661615134],[-73.77095834516905,40.59887485333733],[-73.77072503590003,40.59881308010141],[-73.77040662910541,40.59898838933537],[-73.76973574314013,40.598655554469836],[-73.76890472549098,40.598397056410974],[-73.7682916830248,40.59834035055537],[-73.76794453414247,40.59815366358633],[-73.76808948115848,40.59786141186926],[-73.76853401970861,40.59791664536975],[-73.76945836526612,40.598256138356895],[-73.76980274735791,40.59812625216949],[-73.77029986813227,40.59809109440044],[-73.77109666193122,40.59830114375],[-73.77109318285135,40.598012869403874],[-73.7706615717626,40.59600199888131],[-73.77232715805607,40.595822883798284],[-73.77388252067105,40.59576940794695],[-73.77367461840043,40.59389311562729],[-73.77280826886312,40.59407391602836],[-73.77270068320797,40.59312330568649],[-73.7720546092613,40.59323999762077],[-73.77133161716,40.593444500328104],[-73.77120794776387,40.5934904811614],[-73.7710862941913,40.5935394874593],[-73.77093596959729,40.59360265014245],[-73.77064423028192,40.59374051023595],[-73.77023141364488,40.593974904105245]]]},"properties":{"nta":"QN1401","name":"Far Rockaway-Bayswater","boro":"Queens","households":20742,"owner_hh":5945,"renter_hh":14797,"turnover_all":17.7,"turnover_own":7.7,"turnover_rent":21.7,"churn_annual":8,"owner_share":28.7,"moe_all":2.8,"moe_own":3,"moe_rent":3.6,"moe_churn":8.3}},
{"type":"Feature","geometry":{"type":"Polygon","coordinates":[[[-73.77109666193122,40.59830114375],[-73.77158886366696,40.59802085054134],[-73.77197725696377,40.59792201234672],[-73.77301251385818,40.59787977367061],[-73.77371671821626,40.598237676259956],[-73.77372538853857,40.59862849443575],[-73.77422161057754,40.59900244967759],[-73.77411490278273,40.59959975696138],[-73.77425173317205,40.60013871973462],[-73.77457343612973,40.600409248068566],[-73.77476381099359,40.60084578654363],[-73.77497207265853,40.60174448709038],[-73.77556400518927,40.60165807431502],[-73.77593917935941,40.601439892180295],[-73.77627647435258,40.601083709088705],[-73.77706440746643,40.59969139923307],[-73.77719850475233,40.599576959920334],[-73.77742174678883,40.59881240435897],[-73.77824653979576,40.598174770187214],[-73.77876825300982,40.597965526274805],[-73.77904364339143,40.59764939982508],[-73.77975460373543,40.597274656381224],[-73.77968425616282,40.59668797838994],[-73.77999683607274,40.59656289866606],[-73.78195240544221,40.5964564914369],[-73.7820914949214,40.59785601861651],[-73.78479618502243,40.597704180603756],[-73.78670444989979,40.597623998565574],[-73.78837305307928,40.59750563785208],[-73.78823818787714,40.59610983670438],[-73.78916261774094,40.5960772999383],[-73.78911306601215,40.595474756833674],[-73.78971317197907,40.594842611545815],[-73.79037896334765,40.594751965913304],[-73.79086292380035,40.59501313726158],[-73.79103617492395,40.59552224010589],[-73.79093142251077,40.59596118340673],[-73.79124272166956,40.59662652165146],[-73.79108848628923,40.59724925084508],[-73.79095546171365,40.59739724940185],[-73.7904280266399,40.59866629985754],[-73.7903337891334,40.59919828484301],[-73.79005134748887,40.59937555080842],[-73.78953462130524,40.59997181542943],[-73.78850007469484,40.60053885863807],[-73.78807155049748,40.60085446915854],[-73.78768902660248,40.601330952457424],[-73.7871624176728,40.60232643157342],[-73.78616854992917,40.603047449749695],[-73.78650335648457,40.60325020668181],[-73.78727385159252,40.603238974185516],[-73.7878557488172,40.60311334463552],[-73.7898484642284,40.601610274779354],[-73.79037537196953,40.60117438656073],[-73.79066924271912,40.601105829985805],[-73.79101371280608,40.600755440346795],[-73.79153971412177,40.60036331324574],[-73.79202873136134,40.60023593823215],[-73.79235396004029,40.59996825127857],[-73.79253606712004,40.600063048774075],[-73.79335898840387,40.599961451769666],[-73.79398164550751,40.599559698092456],[-73.79469657864318,40.59941320725767],[-73.79531360293797,40.59948278627553],[-73.79811229286895,40.59930104024079],[-73.79843078589323,40.599173714583884],[-73.79918457376515,40.59925814415467],[-73.8012349066254,40.59912290165529],[-73.80165643944441,40.59890113759877],[-73.80235841779329,40.59892594957489],[-73.80292155268167,40.59887297097488],[-73.80369294305646,40.59811864638109],[-73.8044358272784,40.59772348084445],[-73.80466667714816,40.59770070947984],[-73.80511185479762,40.59715104850087],[-73.80458440842729,40.59623390766564],[-73.80363981116577,40.595132792762115],[-73.80321494251405,40.59514564794825],[-73.80309776811407,40.594563014178014],[-73.80258875504128,40.594384747909494],[-73.80237735357416,40.59328671578628],[-73.8024384629031,40.59264006383529],[-73.80307523673538,40.59261338378159],[-73.80392744413992,40.59310606872381],[-73.8041256801512,40.593513805606],[-73.80400883285992,40.59376772491013],[-73.8040350912019,40.594163153580645],[-73.80464046899166,40.594907072605466],[-73.8049061943803,40.59508789013139],[-73.80603347280267,40.595551497654945],[-73.80684657061491,40.595413420747875],[-73.80711480139865,40.59528211560641],[-73.80756359911575,40.594577954813055],[-73.8079689953983,40.59417012805785],[-73.8078019702852,40.593995858237726],[-73.80804688683963,40.59365031287636],[-73.80783763451724,40.59338012130254],[-73.80729558299429,40.59306062561823],[-73.80701238174966,40.593048695673055],[-73.80508551958042,40.59222040907946],[-73.80416569103024,40.59185470983296],[-73.80436015705295,40.591313655991996],[-73.80665586847002,40.59226600893373],[-73.80687456746523,40.59226495336986],[-73.80793775175624,40.59283817261378],[-73.80832111121644,40.592966840222104],[-73.80901841432214,40.593345609218545],[-73.80970128863605,40.59353404259592],[-73.80948665744756,40.59276603563935],[-73.80977831849377,40.592399028288966],[-73.80990340300143,40.59308077605193],[-73.81003920584664,40.59307790953922],[-73.80989929847284,40.592270954388226],[-73.81082116336776,40.59207994851515],[-73.81100766584967,40.59176829776252],[-73.81151303116782,40.59178349031597],[-73.81170344836342,40.59159374663815],[-73.81228502224809,40.59132612550734],[-73.81244327084264,40.591383891988144],[-73.81312991669729,40.59124662634191],[-73.81363221410687,40.59079363240052],[-73.81405803098099,40.59062423976008],[-73.81444754631242,40.59067981880523],[-73.8147478467245,40.59058812617242],[-73.81524832375213,40.589989055790475],[-73.81674197582348,40.58931916984608],[-73.81712969614928,40.58936797428157],[-73.81760761962931,40.5892695859853],[-73.81741586147426,40.58891701410987],[-73.81827864977087,40.58846039460154],[-73.81883722364618,40.58825143495908],[-73.81923430777793,40.58793329239244],[-73.82145971925844,40.586769924920404],[-73.82264303518332,40.58740168508463],[-73.82326157258466,40.58746824027567],[-73.82524882618856,40.58690086942223],[-73.82490101879716,40.5859538615065],[-73.82465623347768,40.58545264225019],[-73.82404310590208,40.58562985769879],[-73.82328434952073,40.58441037557212],[-73.8230451069488,40.58388134048307],[-73.82191813087721,40.58209874674287],[-73.82154517676486,40.58167062253303],[-73.82134164958036,40.58126212745433],[-73.81928812030408,40.58176697485693],[-73.81838189841721,40.5820765600864],[-73.81702595651315,40.58241017939222],[-73.81508061391499,40.58295527172981],[-73.81352448727559,40.58347314904693],[-73.81132481749344,40.583721524713965],[-73.8095242320035,40.58382330663533],[-73.80908521079691,40.58397977805169],[-73.80807443506362,40.58399507689491],[-73.80686245569282,40.58440387125175],[-73.8055911843688,40.584513330071694],[-73.8043391501059,40.58490265824719],[-73.80372119405995,40.58501793745038],[-73.80334206602171,40.584892509616736],[-73.80182907323011,40.58535182671263],[-73.8006127394614,40.585481513906394],[-73.79963642262247,40.58579070459982],[-73.79881542788075,40.58589401901055],[-73.79665365842447,40.58637382664554],[-73.79608980798676,40.58632639732682],[-73.79570280170233,40.58646679911377],[-73.79499160763423,40.58655047820224],[-73.79479044194355,40.586661264072944],[-73.79345162921331,40.58693871100423],[-73.79256523818869,40.58704304781345],[-73.79149786042139,40.58730292896677],[-73.79112507839385,40.58727252122614],[-73.79030455195283,40.58747718972566],[-73.78923024711155,40.58762075826019],[-73.78878406873122,40.58745028886744],[-73.78768370649826,40.587922937711],[-73.786305552171,40.588147107883316],[-73.78577545794695,40.58828019977933],[-73.7845331104848,40.58847805521806],[-73.7835006341418,40.588757870841874],[-73.78288961869187,40.588998671070634],[-73.78178622345081,40.589250997921795],[-73.78142243554639,40.58927130634658],[-73.78057452747686,40.589562559741104],[-73.77980375731634,40.58964376275854],[-73.77912834079973,40.58960594076288],[-73.77810144460149,40.589925810880146],[-73.77735319926263,40.5900938148895],[-73.77653951423063,40.59010444746824],[-73.77521117633944,40.59026821887582],[-73.7744248191374,40.59028354526138],[-73.77411550495816,40.590384156311906],[-73.77242217935688,40.59045995283622],[-73.77153385684063,40.59058063543894],[-73.77083215938526,40.59055309493035],[-73.76964469049737,40.5907687127425],[-73.77023141364488,40.593974904105245],[-73.77120794776376,40.5934904811614],[-73.77133161715982,40.59344450032816],[-73.77145717294124,40.59340159308385],[-73.77171341591395,40.593325174683436],[-73.77205460926133,40.59323999762078],[-73.77270068320782,40.59312330568654],[-73.77280826886306,40.59407391602836],[-73.77367461840043,40.59389311562729],[-73.77388252067105,40.59576940794695],[-73.772327158056,40.59582288379833],[-73.7706615717626,40.596001998881356],[-73.77109318285129,40.598012869403874],[-73.77109666193122,40.59830114375]]]},"properties":{"nta":"QN1402","name":"Rockaway Beach-Arverne-Edgemere","boro":"Queens","households":15989,"owner_hh":5408,"renter_hh":10581,"turnover_all":14.1,"turnover_own":7.4,"turnover_rent":17.5,"churn_annual":7.3,"owner_share":33.8,"moe_all":2.9,"moe_own":4.1,"moe_rent":3.7,"moe_churn":7.8}},
{"type":"Feature","geometry":{"type":"MultiPolygon","coordinates":[[[[-73.88346534749647,40.56847801993864],[-73.88357670672809,40.56820976925187],[-73.88445975335672,40.567892836256505],[-73.88489678220193,40.56849958487709],[-73.88552537443559,40.56857979268758],[-73.88592976749709,40.568484450711246],[-73.88654683936431,40.56847097810963],[-73.88747378409191,40.56813023872404],[-73.88805660983309,40.56801691893581],[-73.88840180766067,40.568079066944776],[-73.88879000780409,40.56793133405299],[-73.88959492449194,40.567941890234266],[-73.89028537165251,40.5681723756472],[-73.89075729057016,40.56822104786012],[-73.89146452569115,40.56841512401639],[-73.89249413164768,40.56853081091973],[-73.89314119161189,40.5683953984459],[-73.89413028093527,40.56782014915043],[-73.89504632135142,40.56719091469678],[-73.89518704925231,40.56691360133043],[-73.8954860721855,40.5668717893093],[-73.8953372502714,40.566332099868525],[-73.89581663166476,40.56562431908869],[-73.8961326244522,40.56535842806963],[-73.89968872074317,40.56338134843196],[-73.90051098619934,40.56301064753492],[-73.90161118167697,40.562751449871925],[-73.90200210614765,40.56274961537179],[-73.90252313448114,40.56294758330731],[-73.90287143330141,40.56351486370372],[-73.90352380230613,40.56318738309214],[-73.90429216317189,40.56292338995334],[-73.90510570739593,40.562755707077415],[-73.90615471755422,40.56268776849053],[-73.90676365063602,40.562825801817304],[-73.90744710026313,40.56325509402638],[-73.90793495867747,40.56339841816501],[-73.90807787029698,40.56378282916233],[-73.90851583574529,40.56393904843153],[-73.90927708148976,40.5639971246558],[-73.90981103571355,40.564327155980365],[-73.91007899041712,40.56491735868372],[-73.91145119584121,40.56510303716602],[-73.91188319662926,40.56499040574152],[-73.91220200769317,40.56505456985016],[-73.91313180127943,40.56463824444878],[-73.913867496264,40.56460809614203],[-73.91519131236163,40.56409066620839],[-73.91649706637092,40.56333720248205],[-73.91766081900091,40.562826149686664],[-73.91909761878105,40.5624701612081],[-73.92107822881373,40.56207985288503],[-73.92329484208311,40.5620905804518],[-73.92421461302578,40.56200131882508],[-73.9252989686967,40.56180715552269],[-73.9261572327542,40.561552609723265],[-73.92792405265666,40.560340863761326],[-73.92878500030504,40.559926000076416],[-73.93177599905474,40.55789999991846],[-73.93222204028586,40.5576763419596],[-73.93167191793863,40.55684931686535],[-73.93118650863454,40.55701583182941],[-73.93042485334529,40.555583318674685],[-73.93056376618695,40.55552211613118],[-73.92982291841865,40.55407486354021],[-73.92965374184033,40.5541249241831],[-73.92909878189855,40.5530934450982],[-73.9282592689566,40.55336798940789],[-73.9273392564622,40.55351231498849],[-73.92643642635298,40.553862215121775],[-73.9237503462073,40.554696007939235],[-73.92206612436084,40.555149256470564],[-73.92098631305944,40.55627509443784],[-73.91756238107297,40.55632065828998],[-73.91360361759891,40.55646807454429],[-73.91316528115104,40.55634321413972],[-73.90988945776235,40.55667307009587],[-73.90987932149218,40.55703534351043],[-73.910078292263,40.557314420469325],[-73.9099529892765,40.56050111325404],[-73.91009502203325,40.56077236384627],[-73.90835395747922,40.560754481091806],[-73.90723921759778,40.560944315548106],[-73.90333022874567,40.561846616767816],[-73.88957035227396,40.56569042745056],[-73.88583037215122,40.56672211320431],[-73.88317351499943,40.567491607338475],[-73.88275680158239,40.5675698621236],[-73.88313094708407,40.56838062601364],[-73.88346534749647,40.56847801993864]]],[[[-73.82134164958036,40.58126212745433],[-73.82154517676486,40.58167062253303],[-73.82191813087721,40.58209874674287],[-73.8230451069488,40.58388134048307],[-73.82328434952073,40.58441037557212],[-73.82404310590208,40.58562985769879],[-73.82465623347768,40.58545264225019],[-73.82490101879716,40.5859538615065],[-73.82524882618856,40.58690086942223],[-73.8278467080762,40.586137455966636],[-73.82827636806789,40.585711363790345],[-73.82852471261471,40.584854219377384],[-73.8292334489552,40.58469505220235],[-73.83122924091907,40.584162072289935],[-73.83122785295329,40.584124372382746],[-73.8358408009729,40.58287893986489],[-73.83649702175967,40.582822501528085],[-73.83864727187722,40.58272169592478],[-73.83895663981295,40.582574259049835],[-73.83915560161368,40.582056106820744],[-73.83935385899039,40.58185726280565],[-73.84233979552249,40.58170568069406],[-73.84520566344908,40.58157985654801],[-73.84861053538418,40.58218814164123],[-73.8504438514919,40.58213024358158],[-73.85305549585115,40.5812552678552],[-73.85908862067566,40.578074048806116],[-73.86288301824888,40.57605976175675],[-73.86275061444641,40.575857984980566],[-73.8634122780817,40.575316477665815],[-73.86396641925967,40.575026786720294],[-73.86334740002476,40.57402123244791],[-73.86361132886364,40.573823057520556],[-73.86449302823378,40.57354277575836],[-73.8645724521229,40.57369001197139],[-73.86668359874157,40.57298832953373],[-73.86446632779256,40.56914178602346],[-73.86406802236593,40.56929797921296],[-73.8630876746285,40.56759772886877],[-73.86286892145493,40.56683057154493],[-73.86255286029154,40.566810012301005],[-73.86202965574502,40.567108440925935],[-73.86022276711229,40.56792109732464],[-73.858271174134,40.56861814491864],[-73.85720330672395,40.5691004999853],[-73.8550557024824,40.56981498367056],[-73.85423306127178,40.57013716875702],[-73.85396556511294,40.570312548369444],[-73.85357525479549,40.57034136387354],[-73.8522020239966,40.57074510300168],[-73.85153838483907,40.57106626654338],[-73.84995330636073,40.5715883852908],[-73.84907139345505,40.57194427355811],[-73.84776924878506,40.572405332877274],[-73.84615755209337,40.57303426560682],[-73.84526900267889,40.57332475203271],[-73.84378359075058,40.573887452544525],[-73.84138297830171,40.57471860841429],[-73.8377849130498,40.575923683475594],[-73.8376569816259,40.57601237581622],[-73.83605378055408,40.57672878486919],[-73.83455859680932,40.57732292955266],[-73.8338692317217,40.57764989760918],[-73.83162601375398,40.57836656653733],[-73.83090077277016,40.578495907715705],[-73.83017262814202,40.57874867295965],[-73.8295663754919,40.57878035604608],[-73.82878289896757,40.57903847996664],[-73.82717378885114,40.579444512452845],[-73.82670299479169,40.57965979540782],[-73.82495905834155,40.58013813970534],[-73.82264897973315,40.58093751477184],[-73.82228991494179,40.58109607319411],[-73.82134164958036,40.58126212745433]]],[[[-73.82017347951877,40.615180619137874],[-73.82075892504568,40.61523268018794],[-73.82141601575294,40.61505476443638],[-73.82234960971456,40.61426002619544],[-73.82399536762492,40.61251627755933],[-73.82410327024171,40.61232609748477],[-73.82394803674015,40.61185463265429],[-73.82400412789146,40.61163176941504],[-73.82369545496921,40.61130576586793],[-73.82319489719487,40.610937836118765],[-73.82289233260502,40.61033702269547],[-73.82209621089376,40.61015803173351],[-73.8218620517526,40.60986921307026],[-73.82166797706793,40.60923231777827],[-73.82182531186055,40.608963997183736],[-73.82161459957231,40.608480319225905],[-73.82138268037701,40.608545544945635],[-73.8211463701835,40.60906241157307],[-73.82085878461666,40.60923105910843],[-73.8204870048953,40.610224379794225],[-73.82054872610354,40.610430824209075],[-73.82120543624102,40.610896136160385],[-73.82126119635655,40.61130685746808],[-73.82098892872907,40.61169300710804],[-73.8210840352837,40.611896582985885],[-73.82087841658108,40.61225734632084],[-73.82057595304474,40.61223314138197],[-73.82051887811052,40.61194994922622],[-73.81961795362014,40.61047904156711],[-73.81980831703245,40.6098349593911],[-73.81998227859295,40.6095603862093],[-73.82003243497508,40.60892365676265],[-73.8209045612577,40.60778124739109],[-73.82089163111473,40.60764215358306],[-73.82126028658762,40.607144356771855],[-73.82211377780155,40.60647195684045],[-73.82236000744032,40.606469261830924],[-73.8229046322365,40.60585127742741],[-73.82246746702332,40.60552498332545],[-73.82253280966162,40.60523898206784],[-73.8229028293737,40.6046872697133],[-73.82278089659063,40.60453487644215],[-73.8229448458644,40.602582910135794],[-73.8230672154984,40.60234199340646],[-73.82361588727112,40.60228649261513],[-73.82367750549004,40.60204143564068],[-73.82353972095224,40.60155944884736],[-73.82388149977814,40.601249216367364],[-73.82398900124126,40.601001987127255],[-73.824452180088,40.60079696319124],[-73.82443643762218,40.60034498435496],[-73.8233192039027,40.60023408937355],[-73.82172074151872,40.600125283330016],[-73.82194441759479,40.59980115715137],[-73.82376612281246,40.6000400708211],[-73.82379323505938,40.5998512234121],[-73.824218703111,40.59907448909024],[-73.82395871058286,40.59887689667741],[-73.82427399237247,40.598360554421454],[-73.82474236643894,40.59813398772284],[-73.8250761076085,40.59821464429153],[-73.82556790684458,40.598548148585394],[-73.82588876582328,40.599055105966286],[-73.82584854676652,40.59944023957771],[-73.82607971823451,40.59944929018932],[-73.82658873804844,40.59902272113821],[-73.8272209293243,40.59833119507241],[-73.82784691373426,40.597999838261735],[-73.82806159587514,40.5976804026477],[-73.82832490184998,40.59764317821677],[-73.82909777334113,40.597763456392244],[-73.82948341735194,40.59813394240406],[-73.82985422857571,40.597871163300326],[-73.83026568640477,40.59779653509744],[-73.83076009382557,40.59744615897921],[-73.83108000605445,40.5977914646545],[-73.83154105939846,40.59795102722797],[-73.83239364453553,40.59780335388515],[-73.83250811775753,40.597573311990324],[-73.83336099929697,40.59723600126458],[-73.83348999898215,40.596916001035446],[-73.8342009991141,40.59665699998188],[-73.83484699931459,40.59554300111145],[-73.83472137080778,40.595055510818625],[-73.83425247335487,40.594659920803494],[-73.83373516130806,40.59435609816646],[-73.8332174410616,40.59421758789017],[-73.83131318577094,40.5944811461145],[-73.83048182477607,40.59449829082482],[-73.8292113959084,40.59466211132575],[-73.82887841315544,40.59480521038423],[-73.82836889702038,40.59470055154843],[-73.82770218530267,40.594814156448756],[-73.82725223872737,40.594769003685485],[-73.82678100927065,40.59492122384809],[-73.82611860781458,40.595023806304255],[-73.82572957106643,40.594952174735816],[-73.82547793497939,40.59508065825455],[-73.82413506839711,40.59463305775236],[-73.82316573037575,40.59461551365058],[-73.82230890651535,40.594735461236134],[-73.8212003529704,40.594712294941374],[-73.82093095185421,40.59510806160946],[-73.82067265991692,40.5951957066738],[-73.82042450632846,40.59648641683422],[-73.82015695307655,40.59687390790659],[-73.81928142124481,40.597529611713306],[-73.81849065988742,40.59938955997991],[-73.81831121054302,40.60133971221262],[-73.81772032638504,40.60222500041132],[-73.81725370461363,40.60394032519251],[-73.81739192062611,40.60515812403505],[-73.81642529922753,40.605224124746755],[-73.81589026284429,40.6060253394418],[-73.81600764229368,40.606194852059105],[-73.81570815854799,40.606439294196164],[-73.8156155765378,40.60669871944452],[-73.81522771665009,40.60704956955203],[-73.81496328804238,40.60764059509499],[-73.81476257551418,40.60846388072283],[-73.81477073792325,40.60885102928295],[-73.81491794379916,40.60905539290363],[-73.81520720733033,40.60981673359249],[-73.81449876695703,40.61073545432746],[-73.81461364497419,40.61093407447488],[-73.81503874237211,40.610724531615666],[-73.81540366189684,40.61038480251824],[-73.81559858779157,40.61067251699992],[-73.81563522546084,40.611195600147326],[-73.8158160276488,40.61160489390179],[-73.81586106346255,40.612020257478264],[-73.81602636625182,40.612365424463135],[-73.81604375331824,40.61275962694482],[-73.81571906105283,40.61327294163586],[-73.81546948250944,40.61334293001273],[-73.81503638428488,40.61297621441866],[-73.81479563189357,40.61319402998043],[-73.81499776068738,40.61358149136584],[-73.81549526560387,40.614039815969804],[-73.81504193374903,40.61430656231573],[-73.8146826254459,40.61397515785313],[-73.81416449765473,40.6142910708116],[-73.81408062432786,40.61455840973904],[-73.81444032345223,40.61474903867091],[-73.8147181262767,40.614496089222236],[-73.81506915586363,40.614482577517734],[-73.81554994587489,40.61430737861267],[-73.81623366618496,40.61423104686787],[-73.81657012643925,40.614537364686754],[-73.81652681178392,40.614947009657755],[-73.81749810970042,40.61421413256955],[-73.82017347951877,40.615180619137874]]]]},"properties":{"nta":"QN1403","name":"Breezy Point-Belle Harbor-Rockaway Park-Broad Channel","boro":"Queens","households":9963,"owner_hh":6456,"renter_hh":3507,"turnover_all":17.8,"turnover_own":13.4,"turnover_rent":26,"churn_annual":8.5,"owner_share":64.8,"moe_all":3.1,"moe_own":2.9,"moe_rent":6.5,"moe_churn":10.5}},
{"type":"Feature","geometry":{"type":"Polygon","coordinates":[[[-74.0725813387358,40.637941875094846],[-74.07258173009168,40.63825861450977],[-74.07292278327988,40.63837623025667],[-74.07309035578784,40.638618999686045],[-74.07307725837745,40.640513311796504],[-74.0728504119488,40.64080368794263],[-74.07177648067486,40.64092595896603],[-74.06998354653952,40.641068943116984],[-74.07001849082815,40.641278132740645],[-74.07181141822977,40.64112312470468],[-74.07196280895701,40.64099557976127],[-74.07289005609574,40.64092267237364],[-74.07308689819328,40.64163681446722],[-74.07019399559219,40.642007502805484],[-74.07024658698714,40.64220697479965],[-74.07314400519942,40.64185297347557],[-74.07323829183652,40.64218473658512],[-74.07032923715443,40.64252612863507],[-74.07037430990596,40.642691403053334],[-74.07210952444632,40.64246321679294],[-74.07218434969096,40.64271409379185],[-74.07147777322615,40.64280829377516],[-74.0716496940852,40.6437868857248],[-74.07201843213238,40.644411932941026],[-74.0727985034155,40.64491012427151],[-74.07312184183509,40.644714799469135],[-74.07385653684669,40.64542481559722],[-74.07407812091218,40.64508432891085],[-74.07445282563586,40.645067487718244],[-74.07599222761543,40.646552023759185],[-74.07650657152918,40.646968818686126],[-74.07708658002632,40.647199860765454],[-74.07899546333257,40.64814255442262],[-74.07980996428704,40.64838331298811],[-74.08051823722374,40.64824551473335],[-74.0814222820368,40.64850472494444],[-74.0821239438788,40.648278112186176],[-74.08256585807057,40.648315818851],[-74.08390321664164,40.648581669190676],[-74.08484403215716,40.648891147339626],[-74.08570754378212,40.64888055337064],[-74.08634467630301,40.64869960938676],[-74.08767442615581,40.64823529411806],[-74.0893975253534,40.64731035953143],[-74.08992334047511,40.647176131601974],[-74.09135697942078,40.64670072460328],[-74.09300507296237,40.64607631431444],[-74.09298828187646,40.645972780752665],[-74.09468500921261,40.64555571773497],[-74.09604555281581,40.64537274744287],[-74.09849981559599,40.64537036245709],[-74.09880066885808,40.64504703431097],[-74.10013219187458,40.645064051455854],[-74.10072755507719,40.64501329209228],[-74.10090273138744,40.644773235425575],[-74.09971600240254,40.64475887116169],[-74.09956938841523,40.64315528211751],[-74.10039166579939,40.64311836615891],[-74.09990409604531,40.64016295461394],[-74.09787969021829,40.64035805599777],[-74.09767290634886,40.63896067917182],[-74.0963790620968,40.639035370194634],[-74.09409312424094,40.63926691373153],[-74.09386276318475,40.63802491759026],[-74.09338942252323,40.63659955499582],[-74.09243893991965,40.63559638474302],[-74.09069703870203,40.63546592674638],[-74.09027738505957,40.63549903007797],[-74.08970378205498,40.63568250148734],[-74.089221676938,40.63608808091553],[-74.08870582185955,40.63684520728473],[-74.08690592762002,40.63585724413707],[-74.08587882767334,40.63669159050727],[-74.08373397144585,40.6357371450629],[-74.08302091067546,40.63602507215133],[-74.0817794038654,40.636623014756104],[-74.07902320317066,40.6381917613057],[-74.07854540010258,40.6382933801089],[-74.07683997648454,40.637750259620645],[-74.0750751768612,40.63778540368936],[-74.0725813387358,40.637941875094846]]]},"properties":{"nta":"SI0101","name":"St. George-New Brighton","boro":"Staten Island","households":7342,"owner_hh":2747,"renter_hh":4595,"turnover_all":17,"turnover_own":16.2,"turnover_rent":17.5,"churn_annual":10.5,"owner_share":37.4,"moe_all":3.5,"moe_own":5.5,"moe_rent":4.4,"moe_churn":10}},
{"type":"Feature","geometry":{"type":"Polygon","coordinates":[[[-74.0725813387358,40.637941875094846],[-74.0750751768612,40.63778540368936],[-74.07683997648454,40.637750259620645],[-74.07854540010258,40.6382933801089],[-74.07902320317066,40.6381917613057],[-74.0817794038654,40.636623014756104],[-74.08302091067546,40.63602507215133],[-74.08373397144585,40.6357371450629],[-74.08443647424689,40.63540524805021],[-74.0857492886773,40.633955557726495],[-74.0849132159821,40.63363992417883],[-74.08343738287536,40.63228040429685],[-74.08140615385045,40.630301236568826],[-74.08173135317769,40.63001222593161],[-74.0797249208974,40.62895068889979],[-74.08045421127483,40.628184622053915],[-74.08069514636898,40.62753689719547],[-74.08099625297368,40.62733981423297],[-74.08165220260304,40.62735102934854],[-74.0824196007049,40.62745240358892],[-74.08298808797238,40.62735007284408],[-74.08362236749537,40.626922578123505],[-74.08415419721771,40.626267115431595],[-74.08496211810699,40.62462523303416],[-74.08524991499915,40.622800871287005],[-74.0856168015482,40.621099600718864],[-74.08581269091128,40.62037554953417],[-74.08615366384488,40.618171712941056],[-74.08657157702844,40.61716938672178],[-74.08783375392389,40.615317650683274],[-74.08782341770757,40.615087936329665],[-74.08742825111254,40.61441850162992],[-74.08720982761629,40.61330697400763],[-74.08173992010704,40.61731079267228],[-74.08110332392782,40.61778874603954],[-74.0798806693822,40.61683529278836],[-74.07831765670772,40.61556147078856],[-74.07630753780245,40.616564870732354],[-74.07487805573737,40.61742137555254],[-74.07454676782186,40.616942929617856],[-74.0737445943214,40.61764077336026],[-74.07274399963774,40.61819682261932],[-74.07225884799016,40.618523275339875],[-74.0715188806163,40.61926275937871],[-74.07118111055189,40.6199790272417],[-74.07116568639002,40.62069878729369],[-74.07292873883453,40.62297167522699],[-74.07338605986543,40.62344801235901],[-74.07423325020851,40.624221079210145],[-74.07483966198158,40.62522608889465],[-74.07564613582021,40.62666371855681],[-74.07352694647261,40.626863194268694],[-74.07297459537261,40.627109361432964],[-74.07229520282672,40.62713842700826],[-74.07251259340856,40.62776877842758],[-74.07292822551906,40.62995669634193],[-74.07291177870592,40.6299963794071],[-74.06813019247991,40.62853904609168],[-74.06802173543952,40.62878758518564],[-74.0729847461238,40.630308979484234],[-74.07332821316406,40.63205844299052],[-74.07290753967675,40.63363436818376],[-74.07303948646621,40.634798230796925],[-74.0733582204565,40.63653609466792],[-74.07209483807563,40.636647278127334],[-74.07210395164897,40.63672523098939],[-74.07337342888036,40.6366107256396],[-74.07353447593366,40.63764172263244],[-74.0734835373575,40.63778735793621],[-74.0725813387358,40.637941875094846]]]},"properties":{"nta":"SI0102","name":"Tompkinsville-Stapleton-Clifton-Fox Hills","boro":"Staten Island","households":6083,"owner_hh":2173,"renter_hh":3910,"turnover_all":18,"turnover_own":4.9,"turnover_rent":25.3,"churn_annual":7.9,"owner_share":35.7,"moe_all":5.5,"moe_own":3.2,"moe_rent":8.3,"moe_churn":13.7}},
{"type":"Feature","geometry":{"type":"Polygon","coordinates":[[[-74.06397858489224,40.602143958328035],[-74.06430060502208,40.60309529654121],[-74.06517091184887,40.60421350934944],[-74.06042867173345,40.60635273105865],[-74.05677181637166,40.60789954008818],[-74.05716383879022,40.608742783606445],[-74.05776219713293,40.609326051707534],[-74.05832711414432,40.60976822898027],[-74.0590858430866,40.610633676752094],[-74.05892163454939,40.61105605439566],[-74.0594307620141,40.61165437460566],[-74.0603368079197,40.61190187971726],[-74.06057098869903,40.61219911130481],[-74.0606494058948,40.61280784991698],[-74.06143961457323,40.61437802120237],[-74.06183263746607,40.61478731064762],[-74.06288005786693,40.61574448068303],[-74.06355954496287,40.61644436693857],[-74.06373570713973,40.61677112063176],[-74.06432745858098,40.61698850352494],[-74.06509908407207,40.61751095612564],[-74.06425721751592,40.61817168758575],[-74.06435705092761,40.61824594536876],[-74.06496189280432,40.61777239856543],[-74.06546549952755,40.61810707028097],[-74.06569864744193,40.61795641608936],[-74.06604991535909,40.61819541035291],[-74.06641558649223,40.617872498166136],[-74.06668207982925,40.61806749593871],[-74.06544586069532,40.619202628792074],[-74.06557280841211,40.61927454360011],[-74.0661990795487,40.618722481288955],[-74.06946265791278,40.621087493009725],[-74.06998300752292,40.6214176658984],[-74.07071994036924,40.62257748182347],[-74.07098941522604,40.622708800052855],[-74.07225500955772,40.62460875019414],[-74.07270543377281,40.62687414856302],[-74.07352694647261,40.626863194268694],[-74.07564613582021,40.62666371855681],[-74.07483966198158,40.62522608889465],[-74.07423325020851,40.624221079210145],[-74.07338605986543,40.62344801235901],[-74.07292873883453,40.62297167522699],[-74.07116568639002,40.62069878729369],[-74.07118111055189,40.6199790272417],[-74.0715188806163,40.61926275937871],[-74.07225884799016,40.618523275339875],[-74.07274399963774,40.61819682261932],[-74.0737445943214,40.61764077336026],[-74.07454676782186,40.616942929617856],[-74.07487805573737,40.61742137555254],[-74.07630753780245,40.616564870732354],[-74.07831765670772,40.61556147078856],[-74.0798806693822,40.61683529278836],[-74.08110332392782,40.61778874603954],[-74.08173992010704,40.61731079267228],[-74.08720982761629,40.61330697400763],[-74.08748696115744,40.61293235301707],[-74.0889969411967,40.610664391251056],[-74.08958811541646,40.60984808695279],[-74.0905571121673,40.60900115134233],[-74.08959355939254,40.60859213854202],[-74.08884445966139,40.608274146881875],[-74.08759998751705,40.60776401055353],[-74.0864620977372,40.607286317944514],[-74.08547653825245,40.60692102715633],[-74.08419978201844,40.60656766680197],[-74.08348278763688,40.60639456165597],[-74.0825310450261,40.606253011441495],[-74.08126902788165,40.606148027477055],[-74.07971403448609,40.606100957391526],[-74.07872395469266,40.60610298087986],[-74.07716042250212,40.60603399123536],[-74.07579904088938,40.605934028025935],[-74.07403316590391,40.605608805731464],[-74.0733913891474,40.60544785949955],[-74.07224487932159,40.605080004101495],[-74.0717839220473,40.6049321013684],[-74.0688732894673,40.60380530980216],[-74.06756921120068,40.603313669376234],[-74.06721150886561,40.603178321247036],[-74.06546753504132,40.602567904021754],[-74.06538508666507,40.60254507368109],[-74.06397858489224,40.602143958328035]]]},"properties":{"nta":"SI0103","name":"Rosebank-Shore Acres-Park Hill","boro":"Staten Island","households":8820,"owner_hh":4963,"renter_hh":3857,"turnover_all":14.7,"turnover_own":9.4,"turnover_rent":21.4,"churn_annual":5.8,"owner_share":56.3,"moe_all":3.6,"moe_own":3.2,"moe_rent":6.8,"moe_churn":11.2}},
{"type":"Feature","geometry":{"type":"Polygon","coordinates":[[[-74.09990409604531,40.64016295461394],[-74.10480990767425,40.63897670248903],[-74.10542286489395,40.638898967615475],[-74.10607095804222,40.64203793227557],[-74.10654652578138,40.644241296953595],[-74.10715906011995,40.64420348103991],[-74.10751255464194,40.64489135475583],[-74.10779778028052,40.6452261619508],[-74.10465198531803,40.6452995966336],[-74.10472221533885,40.645563658070344],[-74.10823620496858,40.64556277370647],[-74.10886489895967,40.645579128804165],[-74.10973932564566,40.64546372868749],[-74.11092281878437,40.64508160319021],[-74.11116129469173,40.64509642267887],[-74.11190333685154,40.64470602674049],[-74.11180799136832,40.64461067447692],[-74.11333023192456,40.643723496581345],[-74.11365370966897,40.64368755592379],[-74.1147807642841,40.64295761643176],[-74.11511714752146,40.642784993180626],[-74.11535082182931,40.64247054015837],[-74.11614208569742,40.6422164541512],[-74.11667041382688,40.64318982489303],[-74.1167534287466,40.643161826702496],[-74.11630481365927,40.64228019881206],[-74.11722408283049,40.641844093582876],[-74.11712100630398,40.64166785704609],[-74.11769850319328,40.64154313278351],[-74.11815536520912,40.641593684261935],[-74.11900348200308,40.64146461451025],[-74.11952986105756,40.64146991432207],[-74.11985443942184,40.64223561440755],[-74.11995699875855,40.642209453931834],[-74.11960716681891,40.64138030935503],[-74.11993480088911,40.641197604384026],[-74.12071317500812,40.64104578269454],[-74.12019990679607,40.641075892150496],[-74.11806710362553,40.64129791913379],[-74.11799183606936,40.64057034155316],[-74.11769393482832,40.639433146131594],[-74.11765722424002,40.638062467428966],[-74.11754902194666,40.63695363333981],[-74.1206296291362,40.6365727504909],[-74.12023836595402,40.63430055985003],[-74.11719947073985,40.63456809813073],[-74.11683619484079,40.632674818338906],[-74.12386030448843,40.631834990983535],[-74.1248916787513,40.63172799060493],[-74.12303393314562,40.62901121601586],[-74.12125677839715,40.62782275084324],[-74.1205686240693,40.62698870086277],[-74.120128878929,40.62653615348815],[-74.11820219989448,40.62508678258052],[-74.11748561450959,40.62470175405844],[-74.11717400771,40.62457833739254],[-74.11541921698029,40.6239109626914],[-74.11326249491935,40.623054425544176],[-74.1115339376194,40.62160364605612],[-74.11094392733817,40.621194489000004],[-74.11001550650613,40.62068834425561],[-74.10734088950538,40.619543076805925],[-74.106089395609,40.61898419570928],[-74.1056080087085,40.61866687635508],[-74.10518709679577,40.61828147484391],[-74.1035092514209,40.6164160753992],[-74.10209434247723,40.61460049070329],[-74.10055168436507,40.613460547545095],[-74.09987733673753,40.6129186530278],[-74.09935042867974,40.61241907703967],[-74.09862151345285,40.611518912145456],[-74.09766008712893,40.6105077481278],[-74.09662105000758,40.61053798018745],[-74.095451943118,40.61049594827203],[-74.09433500458698,40.610328012156984],[-74.09358895493088,40.610155947486106],[-74.0925679637504,40.60982595932551],[-74.0905571121673,40.60900115134233],[-74.08958811541646,40.60984808695279],[-74.0889969411967,40.610664391251056],[-74.08748696115744,40.61293235301707],[-74.08720982761629,40.61330697400763],[-74.08742825111254,40.61441850162992],[-74.08782341770757,40.615087936329665],[-74.08783375392389,40.615317650683274],[-74.08657157702844,40.61716938672178],[-74.08615366384488,40.618171712941056],[-74.08581269091128,40.62037554953417],[-74.0856168015482,40.621099600718864],[-74.08524991499915,40.622800871287005],[-74.08496211810699,40.62462523303416],[-74.08415419721771,40.626267115431595],[-74.08362236749537,40.626922578123505],[-74.08298808797238,40.62735007284408],[-74.0824196007049,40.62745240358892],[-74.08165220260304,40.62735102934854],[-74.08099625297368,40.62733981423297],[-74.08069514636898,40.62753689719547],[-74.08045421127483,40.628184622053915],[-74.0797249208974,40.62895068889979],[-74.08173135317769,40.63001222593161],[-74.08140615385045,40.630301236568826],[-74.08343738287536,40.63228040429685],[-74.0849132159821,40.63363992417883],[-74.0857492886773,40.633955557726495],[-74.08443647424689,40.63540524805021],[-74.08373397144585,40.6357371450629],[-74.08587882767334,40.63669159050727],[-74.08690592762002,40.63585724413707],[-74.08870582185955,40.63684520728473],[-74.089221676938,40.63608808091553],[-74.08970378205498,40.63568250148734],[-74.09027738505957,40.63549903007797],[-74.09069703870203,40.63546592674638],[-74.09243893991965,40.63559638474302],[-74.09338942252323,40.63659955499582],[-74.09386276318475,40.63802491759026],[-74.09409312424094,40.63926691373153],[-74.0963790620968,40.639035370194634],[-74.09767290634886,40.63896067917182],[-74.09787969021829,40.64035805599777],[-74.09990409604531,40.64016295461394]]]},"properties":{"nta":"SI0104","name":"West New Brighton-Silver Lake-Grymes Hill","boro":"Staten Island","households":12905,"owner_hh":7199,"renter_hh":5706,"turnover_all":16,"turnover_own":9.7,"turnover_rent":24,"churn_annual":8.1,"owner_share":55.8,"moe_all":2.6,"moe_own":3,"moe_rent":4.3,"moe_churn":6.7}},
{"type":"Feature","geometry":{"type":"Polygon","coordinates":[[[-74.12125677839715,40.62782275084324],[-74.12216225438151,40.627476892667],[-74.12513287161639,40.62710260138399],[-74.13069767193006,40.62634095737179],[-74.13130985252093,40.62632834415264],[-74.1306921944176,40.62833690221513],[-74.13014141475817,40.6299652085308],[-74.13047428855656,40.63088551024507],[-74.13107460187689,40.6311477302151],[-74.13161834338213,40.63058368945437],[-74.13343731220797,40.62907434675627],[-74.13408698129966,40.62954168121696],[-74.1358610835055,40.62806152938546],[-74.1367423769444,40.628662536726665],[-74.13806393712436,40.62756847214289],[-74.13789126637938,40.62745288039293],[-74.13805849429933,40.62706851789406],[-74.13581008190083,40.62506433958986],[-74.13700290902946,40.62434701075326],[-74.13764001087058,40.624225018793524],[-74.13826358111612,40.62424376957381],[-74.14128443130507,40.624593596148706],[-74.14402437723732,40.624991198114465],[-74.14611213844991,40.624933433966184],[-74.14638593690877,40.62420098917277],[-74.14683903447902,40.623315992422334],[-74.14751903307102,40.62227997132201],[-74.14816111669752,40.62147178279155],[-74.15143537970914,40.618132866937216],[-74.15188232664586,40.61761975404118],[-74.1522649413659,40.61699195259216],[-74.15245994535967,40.61653799347213],[-74.1531457449642,40.61431870865044],[-74.15368427447888,40.61234968213525],[-74.1505222165361,40.60991036944263],[-74.14998477050442,40.60953841783097],[-74.14904901960023,40.608995962370045],[-74.14818895705534,40.60860396158479],[-74.14723021254628,40.60826302209607],[-74.14638897386595,40.60802947342046],[-74.14530567402106,40.60781990143528],[-74.14373097790137,40.607688865711275],[-74.1428661112637,40.60769611158021],[-74.1374029699918,40.60800599576001],[-74.13094880725447,40.608325175234114],[-74.12875899350655,40.60849579441082],[-74.12699202824723,40.60872198063291],[-74.1255119414687,40.608959966428806],[-74.12406755294506,40.609246877798874],[-74.12138588652023,40.60990931040028],[-74.1213358174041,40.60966649862548],[-74.11972603082201,40.610102003556584],[-74.11828807904769,40.61057043673406],[-74.11744809361569,40.610794312853926],[-74.11631888179045,40.611017741932706],[-74.11564032582696,40.61109610432457],[-74.11487855769508,40.61111117735392],[-74.11380589901728,40.61105581742632],[-74.11257903699891,40.61084601500874],[-74.11030502721236,40.610277010561624],[-74.1093269434825,40.61014497333396],[-74.1085713525049,40.61011411834193],[-74.10651082564895,40.61012573642809],[-74.10547224679704,40.610156244094256],[-74.10415943446553,40.610262066858255],[-74.1025099666194,40.61033353989601],[-74.09766008712893,40.6105077481278],[-74.09862151345285,40.611518912145456],[-74.09935042867974,40.61241907703967],[-74.09987733673753,40.6129186530278],[-74.10055168436507,40.613460547545095],[-74.10209434247723,40.61460049070329],[-74.1035092514209,40.6164160753992],[-74.10518709679577,40.61828147484391],[-74.1056080087085,40.61866687635508],[-74.106089395609,40.61898419570928],[-74.10734088950538,40.619543076805925],[-74.11001550650613,40.62068834425561],[-74.11094392733817,40.621194489000004],[-74.1115339376194,40.62160364605612],[-74.11326249491935,40.623054425544176],[-74.11541921698029,40.6239109626914],[-74.11717400771,40.62457833739254],[-74.11748561450959,40.62470175405844],[-74.11820219989448,40.62508678258052],[-74.120128878929,40.62653615348815],[-74.1205686240693,40.62698870086277],[-74.12125677839715,40.62782275084324]]]},"properties":{"nta":"SI0105","name":"Westerleigh-Castleton Corners","boro":"Staten Island","households":10804,"owner_hh":8036,"renter_hh":2768,"turnover_all":12.2,"turnover_own":9.3,"turnover_rent":20.8,"churn_annual":4.9,"owner_share":74.4,"moe_all":2.7,"moe_own":2.6,"moe_rent":6.9,"moe_churn":8.8}},
{"type":"Feature","geometry":{"type":"Polygon","coordinates":[[[-74.12071317500812,40.64104578269454],[-74.12144753366918,40.6415027375849],[-74.12278153180642,40.641339229062645],[-74.12285630555337,40.64082050884905],[-74.12340726999287,40.64058895710942],[-74.12363726025602,40.64034287089149],[-74.1241557844501,40.640134716640205],[-74.12469728881055,40.640239351075515],[-74.1254624989199,40.64015483904353],[-74.12599542422451,40.64023124262892],[-74.12634633380188,40.64037630175974],[-74.12705362205264,40.640241737639165],[-74.12712443009137,40.6398631842644],[-74.1275267724088,40.64015530471665],[-74.12813214919126,40.640249999438275],[-74.12881201847226,40.64022697800666],[-74.12891779304778,40.64049800621015],[-74.12930713186948,40.64033741171374],[-74.12997740262725,40.640729872855786],[-74.12949057637465,40.64135483569861],[-74.12967785166326,40.64138531305564],[-74.13018370013307,40.64072382658582],[-74.13108083871545,40.64102656060581],[-74.13146199764817,40.64131010407523],[-74.13125581180257,40.641596830764016],[-74.13240283577125,40.641704388984685],[-74.13282505053006,40.641419630335776],[-74.13322799616076,40.641457073586984],[-74.13349719766673,40.64171690148129],[-74.13430281185268,40.641753794406895],[-74.1343526957353,40.64188679690276],[-74.13737001749979,40.641295463489136],[-74.13757574838482,40.6410011523713],[-74.13918328035997,40.640854892522],[-74.14076253645278,40.64058939691139],[-74.141192218399,40.64038867508127],[-74.14229766980858,40.64030580659126],[-74.14231969707289,40.63979226696549],[-74.14253970701174,40.63953752511634],[-74.1431280237709,40.6396803731286],[-74.14359998204321,40.638514125689255],[-74.14478228907657,40.63795378080116],[-74.14555221683074,40.635431633414974],[-74.1464212301803,40.632719836005506],[-74.14683016465871,40.63138265450419],[-74.14752618963833,40.62938928830036],[-74.14635596620138,40.62915484812001],[-74.14607595428173,40.62875294980461],[-74.1459357423659,40.62782607947116],[-74.14543939797092,40.62788659815435],[-74.14549895558397,40.626919014927],[-74.14567602024275,40.626237014704515],[-74.14611213844991,40.624933433966184],[-74.14402437723732,40.624991198114465],[-74.14128443130507,40.624593596148706],[-74.13826358111612,40.62424376957381],[-74.13764001087058,40.624225018793524],[-74.13700290902946,40.62434701075326],[-74.13581008190083,40.62506433958986],[-74.13805849429933,40.62706851789406],[-74.13789126637938,40.62745288039293],[-74.13806393712436,40.62756847214289],[-74.1367423769444,40.628662536726665],[-74.1358610835055,40.62806152938546],[-74.13408698129966,40.62954168121696],[-74.13343731220797,40.62907434675627],[-74.13161834338213,40.63058368945437],[-74.13107460187689,40.6311477302151],[-74.13047428855656,40.63088551024507],[-74.13014141475817,40.6299652085308],[-74.1306921944176,40.62833690221513],[-74.13130985252093,40.62632834415264],[-74.13069767193006,40.62634095737179],[-74.12513287161639,40.62710260138399],[-74.12216225438151,40.627476892667],[-74.12125677839715,40.62782275084324],[-74.12303393314562,40.62901121601586],[-74.1248916787513,40.63172799060493],[-74.12386030448843,40.631834990983535],[-74.11683619484079,40.632674818338906],[-74.11719947073985,40.63456809813073],[-74.12023836595402,40.63430055985003],[-74.1206296291362,40.6365727504909],[-74.11754902194666,40.63695363333981],[-74.11765722424002,40.638062467428966],[-74.11769393482832,40.639433146131594],[-74.11799183606936,40.64057034155316],[-74.11806710362553,40.64129791913379],[-74.12019990679607,40.641075892150496],[-74.12071317500812,40.64104578269454]]]},"properties":{"nta":"SI0106","name":"Port Richmond","boro":"Staten Island","households":6431,"owner_hh":3353,"renter_hh":3078,"turnover_all":11.1,"turnover_own":7.8,"turnover_rent":14.7,"churn_annual":3.2,"owner_share":52.1,"moe_all":3.3,"moe_own":4.1,"moe_rent":4.8,"moe_churn":13.7}},
{"type":"Feature","geometry":{"type":"MultiPolygon","coordinates":[[[[-74.15945602437947,40.64144833231906],[-74.15881093745296,40.64175863474051],[-74.15858742502012,40.64246038358198],[-74.15819904046337,40.642595077663586],[-74.15800633391845,40.643023676363896],[-74.15755778855826,40.643239865478535],[-74.15809750008751,40.643757566620316],[-74.16153403110933,40.64415628242311],[-74.16154077295052,40.6439728299199],[-74.16122814598451,40.64261728327438],[-74.16111242522173,40.64183545373741],[-74.1601497797169,40.64149468169782],[-74.15945602437947,40.64144833231906]]],[[[-74.1431280237709,40.6396803731286],[-74.14336103010835,40.63970984518127],[-74.14348833765536,40.639325553032876],[-74.14381734530271,40.639207478924156],[-74.14395302700929,40.6388807550365],[-74.14484204603143,40.63935381470666],[-74.14519279481542,40.63937849765491],[-74.14605733618387,40.639229257690054],[-74.14602173101828,40.639094550203474],[-74.14749939674456,40.63890959681068],[-74.1476123724889,40.63903703734014],[-74.14877792005885,40.63887625112789],[-74.14919418089713,40.63866833137296],[-74.1494188170834,40.63829164054715],[-74.14945194107334,40.637885156579195],[-74.14931235597447,40.63752595864316],[-74.14967889830886,40.63751767426077],[-74.14979386126062,40.63789278036171],[-74.15011380443705,40.63826728554258],[-74.15055638842084,40.63855933066745],[-74.15112965090485,40.63850068007409],[-74.15124827966457,40.63940934238354],[-74.1513951761365,40.63939651305763],[-74.15119545007292,40.637730789038926],[-74.15204639233266,40.63766721531566],[-74.15213675899915,40.638290747955836],[-74.15229786175502,40.63827428826375],[-74.15221806884477,40.63769258171702],[-74.15269700449552,40.63764184122224],[-74.15270060752238,40.63719243556237],[-74.1532759228065,40.637267005286326],[-74.15425270073519,40.63717231088846],[-74.15459670163443,40.6373433445718],[-74.1547782901187,40.63772154504848],[-74.15469263864526,40.6391939681144],[-74.15475933665323,40.639196327304106],[-74.15482932461856,40.63772385541897],[-74.1555864375903,40.63773077636816],[-74.15569862053152,40.63751793890434],[-74.15611488264739,40.6375307471646],[-74.15610276490888,40.6379395908863],[-74.15636848598797,40.63790584824168],[-74.1577736593679,40.63795715924366],[-74.15773352572349,40.63887903516548],[-74.15784122273031,40.6388739154689],[-74.15789262953881,40.6379650512313],[-74.15815277195988,40.63810996561808],[-74.15863472442109,40.63812847909797],[-74.15893299160665,40.638264017819175],[-74.15916415812238,40.63784820147888],[-74.15957712397915,40.63799258321208],[-74.15964146528943,40.63841423982808],[-74.1598569776778,40.63872920171702],[-74.16020691856428,40.63860957529922],[-74.15986410465041,40.63992782369295],[-74.15994899634484,40.63994013677792],[-74.16034819993045,40.63844372595107],[-74.16108161758906,40.638567768312704],[-74.16073654872477,40.63935101447562],[-74.16090490770392,40.63938614081619],[-74.16124015814863,40.6385950106112],[-74.16166010707116,40.63866499381605],[-74.16130221801548,40.63939373445721],[-74.1614491782677,40.639428336668495],[-74.1618185661238,40.638646279280394],[-74.16228465251963,40.63876565226989],[-74.16167534694235,40.640610784766956],[-74.16243476999902,40.640930054077636],[-74.16324577932504,40.64095741918578],[-74.16345445681999,40.63985656039842],[-74.16404731516643,40.63994665879971],[-74.16386249420357,40.641052797343974],[-74.16400179001295,40.64106585950438],[-74.16423559304079,40.64010620274574],[-74.1645965653148,40.640315745043516],[-74.16441459649114,40.64139678472624],[-74.16457132366727,40.64141866159606],[-74.1647342653693,40.640391467527586],[-74.16519041758112,40.64064230527697],[-74.16494139041183,40.642208999889476],[-74.16544310082271,40.64228054620614],[-74.16563409763798,40.64121437137586],[-74.16631887292462,40.64143667500512],[-74.16609989896034,40.64240658700138],[-74.1662159991705,40.642424100228105],[-74.16647971882993,40.64143487167796],[-74.16757607092507,40.641844793608215],[-74.16774094051357,40.641727774498676],[-74.1682434357728,40.641941350361854],[-74.16906431628865,40.642130016798745],[-74.1691529550316,40.64187285987551],[-74.17007878584938,40.642086160074044],[-74.17028635441109,40.64177530825603],[-74.1714949639567,40.641770400178025],[-74.171846248532,40.64240111829991],[-74.17133587281677,40.642855764549566],[-74.17157200738609,40.64313832189944],[-74.17196330566121,40.64285813319608],[-74.17249012522514,40.64284041224423],[-74.17257085513468,40.643066120831904],[-74.17244784485197,40.64342157125359],[-74.17284673524715,40.64345316387851],[-74.17302818117754,40.64370699268542],[-74.17287698237264,40.644009008112896],[-74.17296865141032,40.64423753436892],[-74.17415373990458,40.64508009422526],[-74.17458621477324,40.64501693152973],[-74.17495335456702,40.64514971149994],[-74.17529691545057,40.645075076819104],[-74.17546691157331,40.644646521605054],[-74.17570768504595,40.6445717241695],[-74.17547691201517,40.64393762257328],[-74.17548417914053,40.64346229451288],[-74.17633666713931,40.64345981074932],[-74.17666795538246,40.6433868447718],[-74.17682386895902,40.64285914598348],[-74.17721118570951,40.643122778603264],[-74.1777431051537,40.6428895573145],[-74.177798040186,40.642607313965506],[-74.17828874493674,40.642604104799574],[-74.17879078437005,40.64249850396229],[-74.17905058329731,40.64295969520169],[-74.17935247481586,40.643218940035986],[-74.17903555928561,40.64339478702087],[-74.17900148649468,40.643684207400725],[-74.1791061325883,40.6448768145414],[-74.17928466109751,40.64488447331305],[-74.17933117249298,40.64440051127011],[-74.17972987752036,40.64438070211209],[-74.17977452733295,40.64516667984816],[-74.17996507274157,40.64526698280568],[-74.17990671455395,40.64437872066443],[-74.18048173953522,40.644278924274076],[-74.18078836640298,40.64457793774734],[-74.18162706434612,40.64470116425317],[-74.18298000103789,40.64479439161942],[-74.18363390821237,40.644625092016376],[-74.1837936734454,40.64441148862577],[-74.18338303938977,40.64352248735346],[-74.18347453640526,40.643410856226396],[-74.18324399975592,40.64298163754506],[-74.18347427166456,40.64294920957191],[-74.18376016910378,40.64321712559483],[-74.18402970542941,40.64309036885222],[-74.18380665138126,40.64261433260727],[-74.18399139173805,40.642552064101075],[-74.18420698929482,40.643173926282834],[-74.18415521885488,40.64357193319562],[-74.18440200669167,40.64363830246157],[-74.18477310833008,40.64404524458528],[-74.18513580682759,40.643806203694695],[-74.1855741946739,40.643802222588405],[-74.18590896667855,40.64363143950194],[-74.18623209809662,40.64318739685546],[-74.1865249689774,40.64338866267421],[-74.19371964621949,40.63756681423029],[-74.19397308627501,40.63730911419653],[-74.19462310079363,40.637391184067575],[-74.19478689682471,40.637131511664386],[-74.1945185109163,40.63703429194798],[-74.19441386949632,40.636633584128795],[-74.19449480774604,40.63644952245066],[-74.19515479612977,40.6357451903201],[-74.1951857730977,40.63541578154821],[-74.19557688057968,40.635004218570764],[-74.19588355330791,40.63506696183854],[-74.19620359550308,40.634686050233924],[-74.19188757756488,40.63236752545158],[-74.190890725705,40.63185396899117],[-74.18885306132707,40.63087845736581],[-74.18676019394366,40.62997335952716],[-74.18657676396244,40.63016911911567],[-74.18506716823332,40.629509323303566],[-74.1835946976287,40.6288025216766],[-74.1817990746365,40.627845436594434],[-74.17929497262774,40.62636699657581],[-74.17766953851833,40.625064986047114],[-74.17724331047009,40.62463698634763],[-74.17572898554205,40.62323117459084],[-74.17504303939458,40.62272796405023],[-74.17419037268348,40.62228502814984],[-74.17266000378692,40.621758967789376],[-74.17172196056434,40.6215980175178],[-74.1698589701873,40.621393025560074],[-74.16872822200285,40.62120565442319],[-74.16746999950338,40.620807021824014],[-74.16480103508077,40.619657958961035],[-74.16312999340077,40.61884698223502],[-74.16184303249875,40.61816398050351],[-74.16003388387931,40.617063382668135],[-74.15898069549299,40.61636752499059],[-74.15731346635691,40.61516912629543],[-74.15471278028501,40.61313353915881],[-74.15368427447888,40.61234968213525],[-74.1531457449642,40.61431870865044],[-74.15245994535967,40.61653799347213],[-74.1522649413659,40.61699195259216],[-74.15188232664586,40.61761975404118],[-74.15143537970914,40.618132866937216],[-74.14816111669752,40.62147178279155],[-74.14751903307102,40.62227997132201],[-74.14683903447902,40.623315992422334],[-74.14638593690877,40.62420098917277],[-74.14611213844991,40.624933433966184],[-74.14567602024275,40.626237014704515],[-74.14549895558397,40.626919014927],[-74.14543939797092,40.62788659815435],[-74.1459357423659,40.62782607947116],[-74.14607595428173,40.62875294980461],[-74.14635596620138,40.62915484812001],[-74.14752618963833,40.62938928830036],[-74.14683016465871,40.63138265450419],[-74.1464212301803,40.632719836005506],[-74.14555221683074,40.635431633414974],[-74.14478228907657,40.63795378080116],[-74.14359998204321,40.638514125689255],[-74.1431280237709,40.6396803731286]]]]},"properties":{"nta":"SI0107","name":"Mariner's Harbor-Arlington-Graniteville","boro":"Staten Island","households":10865,"owner_hh":6989,"renter_hh":3876,"turnover_all":10.7,"turnover_own":7,"turnover_rent":17.3,"churn_annual":3.8,"owner_share":64.3,"moe_all":2.8,"moe_own":2.7,"moe_rent":5.7,"moe_churn":7.8}},
{"type":"Feature","geometry":{"type":"Polygon","coordinates":[[[-74.06397858489224,40.602143958328035],[-74.06538508666507,40.60254507368109],[-74.06546753504132,40.602567904021754],[-74.06721150886561,40.603178321247036],[-74.06756921120068,40.603313669376234],[-74.0688732894673,40.60380530980216],[-74.0717839220473,40.60493210136843],[-74.07224487932159,40.605080004101495],[-74.07339138914733,40.605447859499584],[-74.07403316590391,40.605608805731464],[-74.07579904088938,40.605934028025935],[-74.07716042250212,40.60603399123536],[-74.07872395469266,40.60610298087986],[-74.07971403448609,40.606100957391526],[-74.08126902788159,40.606148027477055],[-74.0825310450261,40.606253011441495],[-74.08348278763688,40.60639456165597],[-74.08419978201844,40.60656766680197],[-74.08547653825245,40.60692102715633],[-74.08646209773715,40.607286317944514],[-74.08759998751705,40.60776401055353],[-74.08884445966139,40.608274146881875],[-74.08959355939254,40.60859213854202],[-74.09055711216726,40.609001151342376],[-74.09140973596101,40.608226298891466],[-74.09187212136533,40.607568369137965],[-74.09203043406072,40.60742604059809],[-74.09249749239818,40.60694385060927],[-74.09264555469532,40.60666283980882],[-74.09269213739418,40.60651384758561],[-74.09271909195756,40.60636212420198],[-74.09271909181959,40.60636202485734],[-74.0927138017983,40.60605936363162],[-74.09258665798656,40.60514053596943],[-74.09244145186298,40.60411958645142],[-74.09260921005406,40.603230122632844],[-74.09282191361869,40.601809565700016],[-74.09290300713769,40.60145032024237],[-74.09283746490823,40.6010892340067],[-74.09245256633456,40.600598979036434],[-74.09197184759606,40.59982426432015],[-74.09172888124256,40.598968420452465],[-74.0917825730082,40.59871923931153],[-74.0927230507176,40.5974642636283],[-74.09338150187514,40.59702034430048],[-74.09375453687329,40.59674489030799],[-74.09427668380125,40.596449272003156],[-74.09490220735692,40.59629562362784],[-74.09586192654734,40.59595088990338],[-74.09655602966369,40.595677839130936],[-74.09722072803133,40.59536515585112],[-74.09798651056508,40.594929686767465],[-74.09949192162186,40.59404778117785],[-74.10009437797481,40.593660501754336],[-74.10064886202811,40.593012866947106],[-74.10074473309554,40.59283543802785],[-74.10082403365277,40.59265332888999],[-74.10086380407061,40.59255364929267],[-74.10089773576925,40.59245272314447],[-74.10092576199395,40.59235074907907],[-74.10094782761355,40.59224792779166],[-74.10096388980907,40.59214446169403],[-74.10097788774021,40.59193641024554],[-74.10097579598353,40.591832234354094],[-74.10090957275135,40.59102161430846],[-74.1008905694089,40.59042994999821],[-74.1008825150878,40.59017921614526],[-74.10149482213728,40.58934426100513],[-74.10246256531208,40.58839633614406],[-74.1039253786438,40.58707587522648],[-74.10525775386915,40.58592143674099],[-74.10061310850837,40.582711191025695],[-74.09844000802548,40.58124170600755],[-74.09771889699462,40.58181287576632],[-74.09471038852702,40.58420261275535],[-74.09340699226419,40.585240112434796],[-74.09261596810605,40.585939810669416],[-74.08912147929875,40.58414256119415],[-74.08849596473402,40.58478842416096],[-74.08793925852123,40.58448796850722],[-74.08547721804628,40.58318989278068],[-74.08220709394857,40.58153143325904],[-74.07785350431107,40.579282570301196],[-74.07601596977959,40.57824491279301],[-74.07534622582462,40.5778879700745],[-74.07523453617956,40.57799880325336],[-74.07579819540712,40.578309250650804],[-74.07508288192615,40.5791601587558],[-74.07335389590739,40.58067893863656],[-74.07177638431078,40.581876534159065],[-74.07146670867036,40.582027243396105],[-74.07144837595611,40.5824340679647],[-74.07096310182041,40.583181990402814],[-74.07021154289359,40.58398135670654],[-74.06722276816883,40.586734449257726],[-74.06593797100027,40.587606098298394],[-74.06477833033044,40.58848831122844],[-74.0650333235618,40.58899099786547],[-74.06215274432587,40.59202504104477],[-74.06055353637058,40.59337975542373],[-74.05976660687638,40.59383525751038],[-74.0605601738676,40.59491151544834],[-74.06248200252294,40.59734765290457],[-74.06375933292199,40.59893485952236],[-74.06108413994077,40.599816393848144],[-74.06195617868077,40.60123645645265],[-74.06397858489224,40.602143958328035]]]},"properties":{"nta":"SI0201","name":"Grasmere-Arrochar-South Beach-Dongan Hills","boro":"Staten Island","households":13038,"owner_hh":8013,"renter_hh":5025,"turnover_all":17.3,"turnover_own":12.1,"turnover_rent":25.7,"churn_annual":6.6,"owner_share":61.5,"moe_all":2.6,"moe_own":2.6,"moe_rent":5,"moe_churn":8.2}},
{"type":"Feature","geometry":{"type":"Polygon","coordinates":[[[-74.07601596977959,40.57824491279301],[-74.07785350431107,40.579282570301196],[-74.08220709394857,40.58153143325904],[-74.08547721804628,40.58318989278068],[-74.08793925852123,40.58448796850722],[-74.08849596473402,40.58478842416096],[-74.08912147929881,40.58414256119415],[-74.09261596810609,40.585939810669416],[-74.09340699226419,40.585240112434796],[-74.09471038852702,40.58420261275535],[-74.09771889699462,40.58181287576632],[-74.09844000802553,40.58124170600752],[-74.10061310850841,40.582711191025645],[-74.1052577538692,40.58592143674099],[-74.10790851582654,40.583685637784036],[-74.10924835476192,40.582678413036795],[-74.10961417988027,40.58246954081904],[-74.11127706446453,40.58179072929527],[-74.11306954333422,40.58076852292087],[-74.11367299833394,40.58031293769117],[-74.11422746589146,40.57973390856164],[-74.11542283977391,40.57863086722846],[-74.11602124336038,40.57836179071077],[-74.11701410474791,40.57820868745069],[-74.11740829684734,40.57789053769032],[-74.11849053315868,40.57662683803694],[-74.11910954797456,40.57615725273245],[-74.11978567362736,40.57581555699435],[-74.12153728906142,40.57515325257959],[-74.1218533350965,40.57465318190026],[-74.12183079698006,40.5742170894698],[-74.1216043910472,40.57355591988376],[-74.12134351950746,40.572675735248886],[-74.12134254673798,40.57252387158327],[-74.12138731257181,40.572092211575736],[-74.12144535574095,40.57177561468195],[-74.12216856503926,40.57093949424371],[-74.12338018042826,40.56992568473639],[-74.12345152970734,40.56992053293303],[-74.12489904218616,40.56894914294893],[-74.12395063628834,40.56843071915906],[-74.12329205998324,40.56807586434799],[-74.12024008920459,40.56622746618821],[-74.11876038740155,40.56535522432771],[-74.1164105264123,40.563943515914346],[-74.11546552754858,40.56480595877588],[-74.11376161129488,40.566497190110134],[-74.11013947040145,40.56431066683336],[-74.10617236916373,40.562296332830726],[-74.10484626992705,40.56159523941426],[-74.10345036304899,40.560753354688906],[-74.10249122926788,40.56024552388238],[-74.10173732598003,40.55990557835702],[-74.10009549144357,40.55895344562341],[-74.09986924754335,40.559093501038234],[-74.0993277029557,40.55909741373093],[-74.09876415414928,40.559423551149045],[-74.09829030823775,40.5593326146596],[-74.09819767261997,40.559836477307385],[-74.09799348696802,40.559967105358126],[-74.09741969570308,40.56088364770642],[-74.09702483295516,40.56133643899718],[-74.0966136227229,40.562087146040156],[-74.09611847135459,40.562587574490266],[-74.09567198061373,40.56277559824557],[-74.09542371796327,40.56315463556875],[-74.09543837150589,40.563411915667274],[-74.10307036530908,40.56712282563212],[-74.1066043932734,40.56877826927165],[-74.10874017878626,40.569916494851874],[-74.10750627379606,40.571087759255235],[-74.10637576995441,40.57222437058479],[-74.10604352582462,40.572064179625244],[-74.10524290289504,40.57309404056202],[-74.10470979010059,40.57400594007622],[-74.10426936902793,40.57381126878975],[-74.10127150648255,40.57227846551658],[-74.0960885186515,40.56956030579876],[-74.09387294784271,40.5684089434116],[-74.092770581362,40.56794341127407],[-74.09275074217504,40.56809604888875],[-74.0920445144899,40.5688923392443],[-74.0887662656301,40.57237448568604],[-74.08813355233562,40.572827720227416],[-74.0876579137178,40.57301266530245],[-74.08597647408044,40.57223697156032],[-74.08469075903615,40.57147791444318],[-74.08359916061086,40.57237147587333],[-74.08300620740235,40.57278557004976],[-74.08090683283064,40.574689804751735],[-74.0801786744205,40.575180418259656],[-74.07933640538258,40.57562720401707],[-74.07877412894703,40.57601082224571],[-74.07737472522429,40.57728215840317],[-74.07693881528643,40.57753434458633],[-74.07649283077296,40.57796084612551],[-74.07601596977959,40.57824491279301]]]},"properties":{"nta":"SI0202","name":"New Dorp-Midland Beach","boro":"Staten Island","households":9591,"owner_hh":6574,"renter_hh":3017,"turnover_all":20,"turnover_own":16,"turnover_rent":28.5,"churn_annual":5.8,"owner_share":68.5,"moe_all":4.1,"moe_own":4.4,"moe_rent":8.1,"moe_churn":9.6}},
{"type":"Feature","geometry":{"type":"Polygon","coordinates":[[[-74.09766008712893,40.6105077481278],[-74.1025099666194,40.61033353989601],[-74.10415943446553,40.610262066858255],[-74.10547224679704,40.610156244094256],[-74.10651082564895,40.61012573642809],[-74.1085713525049,40.61011411834193],[-74.1093269434825,40.61014497333396],[-74.11030502721236,40.610277010561624],[-74.11257903699891,40.61084601500874],[-74.11380589901728,40.61105581742632],[-74.11487855769508,40.61111117735392],[-74.11564032582696,40.61109610432457],[-74.11631888179045,40.611017741932706],[-74.11744809361569,40.610794312853926],[-74.11828807904769,40.61057043673406],[-74.11972603082201,40.610102003556584],[-74.1213358174041,40.60966649862548],[-74.12138588652023,40.60990931040028],[-74.12406755294506,40.609246877798874],[-74.1255119414687,40.608959966428806],[-74.12699202824723,40.60872198063291],[-74.12875899350655,40.60849579441082],[-74.13094880725447,40.608325175234114],[-74.1374029699918,40.60800599576001],[-74.1428661112637,40.60769611158021],[-74.14373097790137,40.607688865711275],[-74.14530567402106,40.60781990143528],[-74.14638897386595,40.60802947342046],[-74.14723021254628,40.60826302209607],[-74.14750199822063,40.60632187437208],[-74.14736354592723,40.60580847691297],[-74.14700651916729,40.6054908486282],[-74.14647712275294,40.605224997346674],[-74.14410528026717,40.604246128669125],[-74.14303309759816,40.60374974133252],[-74.14202810244467,40.60337183855418],[-74.14046227905241,40.603069980524886],[-74.14034663258049,40.60214192701147],[-74.14002227239804,40.598596533587745],[-74.14076070753082,40.59755222648624],[-74.14272332096203,40.5949030848677],[-74.14454150692599,40.592631042689355],[-74.14541995001444,40.59146702435487],[-74.14551422971522,40.591201430373076],[-74.14583447918068,40.5885629192447],[-74.14603887469565,40.587311678868005],[-74.1463213105958,40.58606929759488],[-74.14762041280433,40.58501946947321],[-74.14727483653007,40.58501222200047],[-74.14816866123397,40.58434911470706],[-74.14925584650852,40.583480425880076],[-74.14942753469644,40.583393235733624],[-74.15098847245255,40.582065261269406],[-74.15139547278704,40.58134241928509],[-74.15230805576691,40.580579303157315],[-74.15252765163696,40.58061699332775],[-74.15315860452137,40.58017259157562],[-74.1591767382228,40.576807999633296],[-74.16416966998804,40.57399328213013],[-74.16778776704125,40.57199617944276],[-74.16982860060396,40.57083444850518],[-74.16964292873081,40.56892065580023],[-74.16963055118529,40.56764076941878],[-74.16969147204453,40.566070400619395],[-74.16974554061049,40.563452822830484],[-74.16982582250603,40.56109042127681],[-74.16688971956727,40.56047660586919],[-74.16494149293702,40.5601117976389],[-74.16377941502323,40.56031697962338],[-74.16272123558505,40.560774195526534],[-74.1615313001748,40.56126935448103],[-74.16096801745402,40.56146020205827],[-74.1591579159731,40.561935833513225],[-74.15825784081467,40.56220197732324],[-74.15711551371383,40.56262064166239],[-74.15711540728233,40.562620687376125],[-74.1569812188908,40.562699594198264],[-74.15698100677024,40.56269972130837],[-74.15685884049493,40.562789094575955],[-74.1558509037068,40.56377444522288],[-74.15502927821258,40.56509341371812],[-74.15450973513983,40.565633980655065],[-74.1535798546557,40.56625318664016],[-74.15171497164665,40.56788728420548],[-74.1503313157434,40.56891285968527],[-74.1498351923224,40.56935734409483],[-74.14790142170932,40.570889581108474],[-74.14720574231582,40.57053278108868],[-74.14629083566095,40.570496731443846],[-74.14438744938825,40.56970610117111],[-74.14402153135619,40.570330119632416],[-74.14387453487329,40.57060659469342],[-74.14418588119743,40.57203741050875],[-74.14184764583413,40.57233261396868],[-74.14024008632886,40.57252737262366],[-74.13378606568077,40.57329660401624],[-74.13278436099986,40.5734790942342],[-74.131953834725,40.5737425311217],[-74.12914464331635,40.57473005414381],[-74.12814797439667,40.57505653908268],[-74.1276175230917,40.575280237611246],[-74.12746749688199,40.57547991075389],[-74.12706746958176,40.57640521917216],[-74.12665688850124,40.576284932917304],[-74.12535275635315,40.57590104302102],[-74.12349756351973,40.57580793382998],[-74.12333972911458,40.57578701291367],[-74.12318352216553,40.575751772446054],[-74.12303335977295,40.575702772780915],[-74.12303304074155,40.57570264747534],[-74.12209601973252,40.575132587377],[-74.12153728906142,40.57515325257959],[-74.11978567362736,40.57581555699435],[-74.11910954797456,40.57615725273245],[-74.11849053315868,40.57662683803694],[-74.11740829684734,40.57789053769032],[-74.11701410474791,40.57820868745069],[-74.11602124336038,40.57836179071077],[-74.11542283977391,40.57863086722846],[-74.11422746589146,40.57973390856164],[-74.11367299833394,40.58031293769117],[-74.11306954333422,40.58076852292087],[-74.11127706446453,40.58179072929527],[-74.10961417988027,40.58246954081904],[-74.10924835476192,40.582678413036795],[-74.10790851582654,40.583685637784036],[-74.1052577538692,40.58592143674099],[-74.1039253786438,40.58707587522648],[-74.10246256531208,40.58839633614406],[-74.10149482213728,40.58934426100513],[-74.10088251508785,40.59017921614526],[-74.1008905694089,40.59042994999821],[-74.10090957275135,40.59102161430846],[-74.10097579598359,40.591832234354065],[-74.10097788774026,40.591936410245474],[-74.10097391641958,40.5920405543462],[-74.10096388980905,40.592144461694],[-74.10092576199398,40.59235074907906],[-74.10086380407063,40.59255364929268],[-74.10064886202811,40.593012866947106],[-74.10009437797487,40.59366050175428],[-74.09949192162186,40.59404778117785],[-74.09798651056508,40.594929686767465],[-74.09722072803133,40.59536515585112],[-74.09655602966369,40.595677839130936],[-74.09586192654734,40.59595088990338],[-74.09490220735692,40.59629562362784],[-74.0942766838013,40.59644927200312],[-74.09375453687329,40.59674489030799],[-74.09338150187514,40.59702034430048],[-74.0927230507176,40.59746426362824],[-74.09178257300826,40.59871923931153],[-74.09172888124256,40.598968420452465],[-74.09197184759611,40.599824264320105],[-74.09245256633456,40.600598979036434],[-74.09283746490829,40.601089234006665],[-74.09290300713769,40.601450320242336],[-74.09282191361869,40.601809565700016],[-74.09260921005406,40.603230122632844],[-74.09244145186298,40.60411958645138],[-74.09258665798656,40.60514053596943],[-74.0927138017983,40.60605936363162],[-74.09271909181959,40.60636202485734],[-74.09271909195756,40.60636212420198],[-74.09269213739418,40.60651384758561],[-74.09264555469532,40.60666283980882],[-74.09249749239818,40.60694385060927],[-74.09203043406072,40.60742604059809],[-74.09187212136533,40.607568369137965],[-74.09140973596101,40.608226298891466],[-74.0905571121673,40.60900115134233],[-74.0925679637504,40.60982595932551],[-74.09358895493088,40.610155947486106],[-74.09433500458698,40.610328012156984],[-74.095451943118,40.61049594827203],[-74.09662105000758,40.61053798018745],[-74.09766008712893,40.6105077481278]]]},"properties":{"nta":"SI0203","name":"Todt Hill-Emerson Hill-Lighthouse Hill-Manor Heights","boro":"Staten Island","households":10543,"owner_hh":7918,"renter_hh":2625,"turnover_all":12,"turnover_own":9.5,"turnover_rent":19.5,"churn_annual":5.7,"owner_share":75.1,"moe_all":2.6,"moe_own":2.5,"moe_rent":6.7,"moe_churn":9.5}},
{"type":"Feature","geometry":{"type":"Polygon","coordinates":[[[-74.15368427447888,40.61234968213525],[-74.15471278028501,40.61313353915881],[-74.15731346635691,40.61516912629543],[-74.15898069549299,40.61636752499059],[-74.16003388387931,40.617063382668135],[-74.16184303249875,40.61816398050351],[-74.16312999340077,40.61884698223502],[-74.16480103508077,40.619657958961035],[-74.16746999950338,40.620807021824014],[-74.16872822200285,40.62120565442319],[-74.1698589701873,40.621393025560074],[-74.17172196056434,40.6215980175178],[-74.17266000378692,40.621758967789376],[-74.17419037268348,40.62228502814984],[-74.17504303939458,40.62272796405023],[-74.17572898554205,40.62323117459084],[-74.17724331047009,40.62463698634763],[-74.17766953851833,40.625064986047114],[-74.17929497262774,40.62636699657581],[-74.1817990746365,40.627845436594434],[-74.1835946976287,40.6288025216766],[-74.18506716823332,40.629509323303566],[-74.18657676396244,40.63016911911567],[-74.18676019394366,40.62997335952716],[-74.18885306132707,40.63087845736581],[-74.190890725705,40.63185396899117],[-74.19188757756488,40.63236752545158],[-74.19620359550308,40.634686050233924],[-74.1962092047976,40.63423667622184],[-74.1965037536437,40.633896647617945],[-74.19687865668357,40.633761387721705],[-74.19673700560328,40.63345188785856],[-74.19734396061332,40.63299814705065],[-74.19775809968951,40.63305032005589],[-74.19816703201201,40.632707803230375],[-74.19851002065295,40.632781549560775],[-74.19888910947768,40.63251435781258],[-74.20013810584054,40.6314821576159],[-74.20032224115839,40.6308241318491],[-74.20047681715857,40.62965707750521],[-74.20075483895441,40.62959463411363],[-74.20098625565413,40.629344148106505],[-74.20141670667911,40.62607051389591],[-74.20109587274136,40.62600103377323],[-74.20097848041529,40.62536232596617],[-74.201134189277,40.624579639746074],[-74.20107662790335,40.624078346589954],[-74.20158494435563,40.6234983336816],[-74.20156132641873,40.62273048278108],[-74.20130229725311,40.62270531271322],[-74.20122657597747,40.62212973973286],[-74.20130810779165,40.62165809826738],[-74.20099047807625,40.620783990516635],[-74.20077347484929,40.62056655843051],[-74.20103548328903,40.620095456307986],[-74.20068071414978,40.619168454849685],[-74.2008399145064,40.61880430260748],[-74.20044231269767,40.61854191414957],[-74.20034850652178,40.618285829772574],[-74.20058410068528,40.61797877335224],[-74.20091423238283,40.61779882239878],[-74.20082804386197,40.617094288048435],[-74.20058986446027,40.61702892738964],[-74.20045324444482,40.616327996806525],[-74.20244374449372,40.61328469342954],[-74.20230179014106,40.611875642039216],[-74.20267299169235,40.609827861734665],[-74.20281628374592,40.60827082796749],[-74.2022184985121,40.60596968011926],[-74.20138527472524,40.60463696620865],[-74.20014866759912,40.603683350098876],[-74.19918333888927,40.60235873598209],[-74.19875958205299,40.60171197517643],[-74.19838181295016,40.60086178419626],[-74.19743893251952,40.59846083405235],[-74.19729933937757,40.59802023827353],[-74.19749670929889,40.597724259603595],[-74.19751357718711,40.59679898603694],[-74.19796226638137,40.59644043839695],[-74.19800880011675,40.5962618371509],[-74.19856137143587,40.5955527810125],[-74.19863211254507,40.59522551357355],[-74.19902465726129,40.594676448018326],[-74.19943168327646,40.59438458935162],[-74.19936212279543,40.594094082293125],[-74.19974060976999,40.5935646690413],[-74.20039083444098,40.593017823812154],[-74.20042684611991,40.592841400974734],[-74.20092540430579,40.59286637980877],[-74.20130339394395,40.59253148864074],[-74.20200349813028,40.59178076479522],[-74.20182998203505,40.591606287990324],[-74.20212378159053,40.59125332705978],[-74.20202733920853,40.590999079794756],[-74.20246775956585,40.59083882485753],[-74.20388550456217,40.58978610973645],[-74.2044089255159,40.58970676381176],[-74.2046460894321,40.589285745466],[-74.20414695389869,40.58898805252912],[-74.20425516376338,40.5885216032668],[-74.20455143291903,40.5882871152346],[-74.2043976229714,40.58795291489387],[-74.20426533002741,40.587320534540545],[-74.20420228531343,40.58641420264519],[-74.2044420011903,40.58505023288697],[-74.204367414599,40.58472337263741],[-74.2046297780441,40.584349427207925],[-74.20440076433692,40.58371294584213],[-74.20470294422901,40.58284095890215],[-74.20496559453859,40.58256372107813],[-74.20513225919503,40.582066521470395],[-74.20506822436067,40.58165989952387],[-74.20544302999238,40.5810534569075],[-74.2057380883786,40.580944322296894],[-74.20577550769045,40.58063808215233],[-74.20598341988412,40.58042393236822],[-74.20602841110836,40.579764267650624],[-74.20539891399731,40.579842457555436],[-74.20441199860309,40.580170001424655],[-74.20294999914493,40.58010200075162],[-74.20058399959446,40.57951100141779],[-74.200488487946,40.57994977832515],[-74.20016899844596,40.58014100034316],[-74.19996699923995,40.58056800046482],[-74.2000805894048,40.581554557187054],[-74.19964981205854,40.58226262701897],[-74.19803344202843,40.58287871348663],[-74.19598651465469,40.58421306351083],[-74.19423261325561,40.5851468069237],[-74.19332419652648,40.585038281476926],[-74.19253422923927,40.58532329265201],[-74.19232388859866,40.58557483655644],[-74.19131783459515,40.58570448895072],[-74.1907685232148,40.58512746832264],[-74.18907254727226,40.5860880617659],[-74.18788096584716,40.586682277751486],[-74.18652864951855,40.587210929647256],[-74.1853858561741,40.587599653512925],[-74.18540233338032,40.58769396206942],[-74.18483579548126,40.58829029749784],[-74.18468075770302,40.58884808560936],[-74.18498644547914,40.58923996598696],[-74.1853766379852,40.58938088148548],[-74.18650391816595,40.58943925039326],[-74.18465628517966,40.59146805607936],[-74.18292189718426,40.59327942685225],[-74.18255226126941,40.59355781527148],[-74.18207699921996,40.594249000319664],[-74.1805297139876,40.59580837544149],[-74.17954440204578,40.59674539875325],[-74.17822457221695,40.599828060947424],[-74.17582749560435,40.60152685350037],[-74.17491828595219,40.60221622686646],[-74.1725610301425,40.602977765708964],[-74.17150374872057,40.60256433591066],[-74.17092340409361,40.602457795862406],[-74.16719634764705,40.60207531162772],[-74.16828457999891,40.59643316595075],[-74.16886362231634,40.59472808665136],[-74.16778450060488,40.594185666427684],[-74.1665187344498,40.59377601829791],[-74.16562441590989,40.593619171992614],[-74.16360268159286,40.593374199160394],[-74.16346875666228,40.59299187056294],[-74.16341992127062,40.59244423534333],[-74.16578641105401,40.59070780380282],[-74.16758983529608,40.58895348941403],[-74.16792455116507,40.58841820065148],[-74.1684189655815,40.586578059751716],[-74.16895369014696,40.58309836470985],[-74.16948145691804,40.579400075512496],[-74.16967337549754,40.577941823199446],[-74.16991886002742,40.57397335566055],[-74.16996967227739,40.57292660848067],[-74.16993954293781,40.57187849194105],[-74.16982860060396,40.57083444850518],[-74.16778776704125,40.57199617944276],[-74.16416966998804,40.57399328213013],[-74.1591767382228,40.576807999633296],[-74.15315860452137,40.58017259157562],[-74.15252765163696,40.58061699332775],[-74.15230805576691,40.580579303157315],[-74.15139547278704,40.58134241928509],[-74.15098847245255,40.582065261269406],[-74.14942753469644,40.583393235733624],[-74.14925584650852,40.583480425880076],[-74.14816866123397,40.58434911470706],[-74.14727483653007,40.58501222200047],[-74.14762041280433,40.58501946947321],[-74.1463213105958,40.58606929759488],[-74.14603887469565,40.587311678868005],[-74.14583447918068,40.5885629192447],[-74.14551422971522,40.591201430373076],[-74.14541995001444,40.59146702435487],[-74.14454150692599,40.592631042689355],[-74.14272332096203,40.5949030848677],[-74.14076070753082,40.59755222648624],[-74.14002227239804,40.598596533587745],[-74.14034663258049,40.60214192701147],[-74.14046227905241,40.603069980524886],[-74.14202810244467,40.60337183855418],[-74.14303309759816,40.60374974133252],[-74.14410528026717,40.604246128669125],[-74.14647712275294,40.605224997346674],[-74.14700651916729,40.6054908486282],[-74.14736354592723,40.60580847691297],[-74.14750199822063,40.60632187437208],[-74.14723021254628,40.60826302209607],[-74.14818895705534,40.60860396158479],[-74.14904901960023,40.608995962370045],[-74.14998477050442,40.60953841783097],[-74.1505222165361,40.60991036944263],[-74.15368427447888,40.61234968213525]]]},"properties":{"nta":"SI0204","name":"New Springville-Willowbrook-Bulls Head-Travis","boro":"Staten Island","households":14974,"owner_hh":10986,"renter_hh":3988,"turnover_all":14.9,"turnover_own":9.5,"turnover_rent":29.8,"churn_annual":6.6,"owner_share":73.4,"moe_all":2.7,"moe_own":2.2,"moe_rent":7.2,"moe_churn":7.8}},
{"type":"Feature","geometry":{"type":"Polygon","coordinates":[[[-74.1218533350965,40.57465318190026],[-74.12175724605063,40.57511180367706],[-74.12209601973252,40.575132587377],[-74.12303304074155,40.57570264747534],[-74.12303335977295,40.575702772780915],[-74.12318352216553,40.575751772446054],[-74.12333972911458,40.57578701291367],[-74.12349756351973,40.57580793382998],[-74.12535275635315,40.57590104302102],[-74.12665688850124,40.576284932917304],[-74.12706746958176,40.57640521917216],[-74.12746749688199,40.57547991075395],[-74.1276175230917,40.575280237611246],[-74.12814797439667,40.57505653908268],[-74.12914464331635,40.57473005414381],[-74.13195383472494,40.573742531121745],[-74.1327843609998,40.5734790942342],[-74.13378606568072,40.57329660401624],[-74.14024008632886,40.57252737262366],[-74.14184764583413,40.57233261396868],[-74.14418588119739,40.572037410508784],[-74.14387453487329,40.57060659469346],[-74.14402153135619,40.570330119632416],[-74.14438744938825,40.56970610117111],[-74.14131233542193,40.568433348755306],[-74.13651149075605,40.566166621599635],[-74.13527417135028,40.5655177616255],[-74.13459671279753,40.565270933906795],[-74.13240280364876,40.564760999846044],[-74.13173622883662,40.564539519637954],[-74.13264383970333,40.5635033349124],[-74.1331097915728,40.562867691866714],[-74.13340740082342,40.56212980570152],[-74.13367116316203,40.56184093495262],[-74.1348097327757,40.56082861923827],[-74.13530363363061,40.55942508939094],[-74.13574932382168,40.558850045427356],[-74.1366002932141,40.55838893918494],[-74.13739437814525,40.55802093713887],[-74.13818000935252,40.55759386649769],[-74.13885092683721,40.556951179870545],[-74.13743125408539,40.555817582820936],[-74.13376646970046,40.5528127329125],[-74.1331682593334,40.55235617916022],[-74.1317782803098,40.55348997151768],[-74.13042459507224,40.55443704306459],[-74.12975602225157,40.55503262574649],[-74.12730057734184,40.55729517311905],[-74.12572674896727,40.556328057678286],[-74.12402046995933,40.55523082844947],[-74.11945859159377,40.55222190604609],[-74.11856986254412,40.55147293790205],[-74.11866666549966,40.55116120503775],[-74.11747151587431,40.550035190583536],[-74.11656289990475,40.54912774222835],[-74.11494202833097,40.54958865011587],[-74.11395149790316,40.548725323471565],[-74.11338340528424,40.54807337515175],[-74.11301045972775,40.54778006593415],[-74.11278846957893,40.54788426222187],[-74.11028457321653,40.55149635741835],[-74.10922627720656,40.55260617936945],[-74.10853922462543,40.55325802567349],[-74.10768623463983,40.55397667097512],[-74.10734831283652,40.55414815203135],[-74.1065636110126,40.55418692754817],[-74.10642822065084,40.55385337311889],[-74.10509470498073,40.55312902839279],[-74.10465943491393,40.554120467311456],[-74.10385795388449,40.55511816010212],[-74.10309839111532,40.555904641451335],[-74.10265076360245,40.556134404785396],[-74.1014744063506,40.555533610997834],[-74.10137477595708,40.55569237210694],[-74.10184032964895,40.55594463924145],[-74.10184637674703,40.556216988780186],[-74.1012435413979,40.557660830813155],[-74.1007996392811,40.558321821116074],[-74.10009549144357,40.55895344562346],[-74.10173732597997,40.55990557835702],[-74.10249122926787,40.56024552388238],[-74.10345036304895,40.56075335468893],[-74.10484626992705,40.5615952394143],[-74.10617236916373,40.562296332830726],[-74.1101394704014,40.56431066683339],[-74.11376161129482,40.56649719011018],[-74.11546552754858,40.56480595877588],[-74.1164105264123,40.563943515914346],[-74.11876038740155,40.56535522432771],[-74.12024008920459,40.56622746618821],[-74.12329205998324,40.56807586434799],[-74.12395063628834,40.56843071915906],[-74.12489904218616,40.56894914294893],[-74.12345152970728,40.569920532933075],[-74.12338018042826,40.56992568473644],[-74.1221685650392,40.57093949424375],[-74.12144535574095,40.57177561468195],[-74.12138731257181,40.572092211575736],[-74.12134254673798,40.57252387158327],[-74.12134351950746,40.572675735248886],[-74.1216043910472,40.57355591988376],[-74.12183079698006,40.5742170894698],[-74.1218533350965,40.57465318190026]]]},"properties":{"nta":"SI0301","name":"Oakwood-Richmondtown","boro":"Staten Island","households":7934,"owner_hh":5320,"renter_hh":2614,"turnover_all":13.3,"turnover_own":9.1,"turnover_rent":21.8,"churn_annual":5.8,"owner_share":67.1,"moe_all":3.4,"moe_own":3.3,"moe_rent":7.2,"moe_churn":8.9}},
{"type":"Feature","geometry":{"type":"Polygon","coordinates":[[[-74.14438744938825,40.56970610117111],[-74.1462908356609,40.570496731443846],[-74.14720574231576,40.57053278108872],[-74.14790142170932,40.570889581108474],[-74.1498351923224,40.56935734409486],[-74.1503313157434,40.56891285968531],[-74.15171497164661,40.56788728420555],[-74.15357985465563,40.566253186640196],[-74.15450973513983,40.565633980655065],[-74.15502927821258,40.56509341371812],[-74.15585090370675,40.56377444522291],[-74.15685884049493,40.562789094575955],[-74.15698100677024,40.56269972130837],[-74.1569812188908,40.562699594198264],[-74.15711540728233,40.562620687376125],[-74.15711551371383,40.56262064166239],[-74.15825784081467,40.56220197732328],[-74.1591579159731,40.561935833513225],[-74.16096801745402,40.561460202058306],[-74.16153130017474,40.56126935448106],[-74.16272123558505,40.560774195526534],[-74.16377941502317,40.56031697962338],[-74.16494149293702,40.560111797638946],[-74.16688971956721,40.56047660586923],[-74.16982582250603,40.56109042127681],[-74.17110336283419,40.5612850300861],[-74.17185166456856,40.561520923021405],[-74.17321541453633,40.56007766285998],[-74.17349322276512,40.559674401051126],[-74.1735730531181,40.559529187987636],[-74.17374616143191,40.559075635720625],[-74.17394032829728,40.55844513932391],[-74.17408773859523,40.55807600211668],[-74.17516583877844,40.556346348444464],[-74.17536068171057,40.5562230757726],[-74.17565395121544,40.55568954249012],[-74.175973652715,40.55509877531128],[-74.17594325444493,40.554911583810785],[-74.17621902235055,40.55437102497936],[-74.17723193917524,40.5524790152552],[-74.17816795592441,40.550671034451874],[-74.17908472832156,40.54897433788831],[-74.17960018430226,40.548062892466504],[-74.17989172433573,40.54766283537272],[-74.18073102506344,40.546679815299925],[-74.17809648971986,40.545353813868246],[-74.17578257929448,40.54408258281916],[-74.17516866688504,40.54377553058066],[-74.1724509921802,40.54256722639264],[-74.1709953738293,40.54189230591114],[-74.16978514131327,40.541378161871314],[-74.1690953549095,40.54102743259857],[-74.16891524988489,40.54046288627097],[-74.16901768927826,40.540096720770606],[-74.16872899049814,40.53952625909837],[-74.16745452815263,40.53771833232317],[-74.16526526695908,40.534748002203855],[-74.16485861472816,40.53410481777489],[-74.16394763504378,40.53293405640722],[-74.16307821450934,40.53171808563978],[-74.16005732566279,40.52763504212261],[-74.15970134520087,40.527295992329115],[-74.15939460542376,40.52742775264716],[-74.15890180648705,40.527935908563805],[-74.15789753504698,40.528528814142334],[-74.15701861946272,40.52897765580974],[-74.15643045503293,40.529003175871175],[-74.1559900025442,40.52941960271475],[-74.15492894849395,40.53022548357582],[-74.15449818827862,40.53031774276386],[-74.15431068786414,40.53059332263557],[-74.15245660936574,40.532067943498475],[-74.15185337744485,40.5321640210235],[-74.15175798831618,40.53240179402822],[-74.1511202569052,40.532741382506885],[-74.15069553552408,40.53254583893819],[-74.14971830290297,40.53349191002259],[-74.14977717423358,40.53388786880264],[-74.14921733198096,40.53424158776191],[-74.14794319980366,40.5349230174966],[-74.14701853176335,40.53524325842093],[-74.14669647685274,40.53541430804622],[-74.14619247423197,40.53536153939513],[-74.14602008284655,40.53555352772052],[-74.14543374382961,40.5358230728271],[-74.14474069813576,40.5358010442114],[-74.14455507258062,40.53594693127312],[-74.14427835032906,40.53663569906927],[-74.14383385685339,40.537136911849835],[-74.14305162613793,40.537239873856684],[-74.14173410572272,40.537039510874926],[-74.14158287625018,40.53708757795338],[-74.142389636896,40.53775326000239],[-74.14220052571473,40.538126441734654],[-74.14176587793868,40.53854204150254],[-74.1423383157749,40.538949190408566],[-74.14188783577585,40.53920974790912],[-74.14198181354396,40.53953597330832],[-74.14184906363555,40.539731041413965],[-74.14190836281284,40.54036409376559],[-74.14221499316105,40.540984151914024],[-74.14247662236058,40.54133371027757],[-74.14219430868748,40.54197420496798],[-74.14227952634577,40.54218382579989],[-74.1416722624308,40.54233546409541],[-74.14012638219599,40.54351339341706],[-74.14046054656262,40.543932017356816],[-74.14004115970624,40.54388399962403],[-74.1387350968491,40.544905099185385],[-74.13886951340523,40.54513019811007],[-74.13868599030415,40.54543627770578],[-74.13794966050548,40.54600033657565],[-74.13750833508846,40.5455775572389],[-74.13697129085212,40.5459749879037],[-74.13651613439171,40.54591474713276],[-74.13641153119026,40.54625235004207],[-74.13585712456327,40.546451696213715],[-74.13695992338161,40.546980443690565],[-74.13745743464435,40.54730960567273],[-74.13865265777541,40.54848581744848],[-74.13836533062728,40.548661215063895],[-74.13738988034493,40.54959237019136],[-74.13607343283425,40.55043330077783],[-74.13455868159954,40.55125507820446],[-74.1331682593334,40.55235617916022],[-74.13376646970046,40.5528127329125],[-74.13743125408539,40.555817582820936],[-74.13885092683721,40.556951179870545],[-74.13818000935252,40.55759386649769],[-74.13739437814525,40.55802093713887],[-74.1366002932141,40.55838893918494],[-74.13574932382168,40.558850045427356],[-74.13530363363061,40.55942508939094],[-74.1348097327757,40.56082861923827],[-74.13367116316203,40.56184093495262],[-74.13340740082342,40.56212980570152],[-74.1331097915728,40.562867691866714],[-74.13264383970333,40.5635033349124],[-74.13173622883662,40.564539519637954],[-74.13240280364876,40.564760999846044],[-74.13459671279753,40.565270933906795],[-74.13527417135028,40.5655177616255],[-74.13651149075605,40.566166621599635],[-74.14131233542193,40.568433348755306],[-74.14438744938825,40.56970610117111]]]},"properties":{"nta":"SI0302","name":"Great Kills-Eltingville","boro":"Staten Island","households":19882,"owner_hh":16343,"renter_hh":3539,"turnover_all":14.9,"turnover_own":10,"turnover_rent":37.7,"churn_annual":4.7,"owner_share":82.2,"moe_all":2.4,"moe_own":1.8,"moe_rent":9.2,"moe_churn":6.5}},
{"type":"Feature","geometry":{"type":"Polygon","coordinates":[[[-74.17185166456856,40.561520923021405],[-74.17346451734343,40.56228693674818],[-74.17489480804915,40.56283901620865],[-74.17659366008475,40.563241329824464],[-74.17794544142512,40.56398336711049],[-74.18180816582793,40.56538457936648],[-74.18225953167808,40.565472350733906],[-74.18318459678406,40.565450094885925],[-74.18383608416063,40.5653098179843],[-74.18492310960241,40.564763999919975],[-74.18525395887458,40.56454935521814],[-74.18677791428613,40.56420873782099],[-74.18727385838552,40.56405747119283],[-74.18909923933643,40.56368927230434],[-74.18982482984006,40.56341422489036],[-74.19065725690967,40.562709567338665],[-74.19118886379862,40.56255542838417],[-74.19217855343749,40.562543653207214],[-74.19258646228157,40.562640055958134],[-74.19317388298266,40.56260434487513],[-74.1938615075442,40.56222232150761],[-74.19769481155731,40.55888705419156],[-74.19946683259181,40.5571811810786],[-74.20018273856881,40.556454434239974],[-74.20079377103804,40.55604436576232],[-74.20129242510617,40.55591752918383],[-74.20220831117332,40.55589290807835],[-74.20338169349856,40.55613481177122],[-74.2041395060988,40.55676347712245],[-74.20460515931033,40.557069119846446],[-74.20530543988032,40.55736862227616],[-74.2058544843179,40.557502457282894],[-74.20699885216024,40.55756748910412],[-74.20880330604997,40.55730868910886],[-74.21050789381333,40.55706418237116],[-74.21220033961043,40.55644343036306],[-74.21350175429647,40.555667619111716],[-74.21437138945701,40.555588065558474],[-74.21455422192204,40.55559031801162],[-74.21473802929172,40.555576133459056],[-74.21491900919649,40.55554545702527],[-74.21509339535018,40.555498932559836],[-74.21721338095796,40.554714859447536],[-74.21736362325454,40.55467747096052],[-74.21750312960748,40.55462083506672],[-74.21762769934276,40.55454665714164],[-74.2177335819943,40.554457170148275],[-74.21777849442364,40.55440751213224],[-74.21787719052297,40.554243428603385],[-74.2178989121889,40.554076761032036],[-74.21782855269707,40.553406788482675],[-74.21778377554132,40.55304918803179],[-74.21877630327384,40.55247362860622],[-74.21931406642703,40.55205513475602],[-74.22106803183978,40.550554733599036],[-74.22127412238025,40.55033684935692],[-74.2213156264965,40.55025307436053],[-74.22087751949323,40.549203998949075],[-74.21929684516604,40.545052706923],[-74.21888584278535,40.54407004038708],[-74.21800676051268,40.54182852078797],[-74.2177889300695,40.54112540160595],[-74.21668666995829,40.54123014388146],[-74.21451880148126,40.54140843319307],[-74.21228195795857,40.541386239061914],[-74.21100123270921,40.541464429209675],[-74.21005842805738,40.54154091684417],[-74.20977082200254,40.5415616116325],[-74.2069901807071,40.541746680181284],[-74.20524582346265,40.54196762386344],[-74.20349157974407,40.542151428265896],[-74.2021827623778,40.542382329908435],[-74.20023944593186,40.542847166186604],[-74.1992835946982,40.542932930872254],[-74.19833192827926,40.5430295921267],[-74.19730759051119,40.54326204622896],[-74.1958618560285,40.54431814885974],[-74.19514002701857,40.5446823365895],[-74.19183348268479,40.54671196669428],[-74.18929875744895,40.548378302423444],[-74.18858834960737,40.54894385055932],[-74.1875734734277,40.55014768293606],[-74.18434906183954,40.54849087874744],[-74.18355779387478,40.54810319105179],[-74.18073102506344,40.54667981529989],[-74.1798917243358,40.54766283537272],[-74.17960018430226,40.548062892466504],[-74.17908472832156,40.54897433788831],[-74.17816795592441,40.550671034451874],[-74.17723193917524,40.55247901525517],[-74.17621902235055,40.55437102497936],[-74.17594325444493,40.55491158381074],[-74.17597365271506,40.555098775311244],[-74.17565395121544,40.55568954249012],[-74.17536068171057,40.5562230757726],[-74.17516583877851,40.556346348444464],[-74.17408773859529,40.55807600211668],[-74.17394032829728,40.55844513932391],[-74.17374616143191,40.559075635720625],[-74.1735730531181,40.559529187987636],[-74.17349322276512,40.559674401051126],[-74.17321541453633,40.56007766285998],[-74.17185166456856,40.561520923021405]]]},"properties":{"nta":"SI0303","name":"Arden Heights-Rossville","boro":"Staten Island","households":10776,"owner_hh":9073,"renter_hh":1703,"turnover_all":13,"turnover_own":10.8,"turnover_rent":24.3,"churn_annual":4.8,"owner_share":84.2,"moe_all":2.8,"moe_own":2.6,"moe_rent":8.9,"moe_churn":9.2}},
{"type":"Feature","geometry":{"type":"Polygon","coordinates":[[[-74.18073102506344,40.546679815299925],[-74.18355779387478,40.54810319105179],[-74.18434906183947,40.54849087874744],[-74.18757347342765,40.55014768293606],[-74.18858834960731,40.54894385055932],[-74.1892987574489,40.54837830242348],[-74.19183348268479,40.54671196669428],[-74.19514002701857,40.5446823365895],[-74.19586185602846,40.54431814885974],[-74.19730759051113,40.54326204622896],[-74.19833192827926,40.5430295921267],[-74.1992835946982,40.542932930872254],[-74.20023944593186,40.54284716618664],[-74.20218276237775,40.542382329908435],[-74.20349157974407,40.542151428265896],[-74.20524582346265,40.54196762386348],[-74.2069901807071,40.54174668018132],[-74.20977082200254,40.5415616116325],[-74.21005842805738,40.54154091684417],[-74.21100123270921,40.541464429209675],[-74.21228195795857,40.541386239061914],[-74.21451880148126,40.54140843319307],[-74.21668666995829,40.54123014388146],[-74.21778893006945,40.541125401605996],[-74.21800676051268,40.54182852078797],[-74.21888584278531,40.54407004038708],[-74.21929684516604,40.54505270692303],[-74.22064536037085,40.54859150967488],[-74.22127901653108,40.547721981740516],[-74.22219422538194,40.54623527113606],[-74.22280936431802,40.54502419457492],[-74.22342751071987,40.5436043321642],[-74.22397104932324,40.54187201952583],[-74.22422048994731,40.54079033904625],[-74.2244751411176,40.53890806628754],[-74.2245605336634,40.53764789561128],[-74.22452682468844,40.53649779565181],[-74.22394884392557,40.53083583060911],[-74.22359063294698,40.52680311411229],[-74.22369980470266,40.52499287062142],[-74.22396717992817,40.523328824892346],[-74.22449544852032,40.523262262468684],[-74.22482100538618,40.52299331050159],[-74.2239845577237,40.522869520888655],[-74.22423604366516,40.52199396607608],[-74.22499765853073,40.52046066135082],[-74.2237959579363,40.51819634592904],[-74.22437561864054,40.51825830202198],[-74.22567982751566,40.518561830416125],[-74.2260682711951,40.51887643063512],[-74.2267232877282,40.51916332058878],[-74.22657761120445,40.517270650144845],[-74.22321582339256,40.50865861081407],[-74.2229159982704,40.507227000256954],[-74.22306307621353,40.506533341917596],[-74.22318830799011,40.505538650011815],[-74.2231159988773,40.50484399999219],[-74.2220849985328,40.5042720014158],[-74.22211299867861,40.50318399994673],[-74.22184144387126,40.5025384173564],[-74.22063842804553,40.50274870264069],[-74.22012925214821,40.5027190140288],[-74.21959842973507,40.5027857147129],[-74.2182869203203,40.503182073553944],[-74.2178954220593,40.50336980909933],[-74.21758240131422,40.50334139262168],[-74.21641634948897,40.50469162936153],[-74.2157889225506,40.50549595799791],[-74.21510815861446,40.506059755306175],[-74.21434250129722,40.506518911287486],[-74.21352692087673,40.506601195997355],[-74.2126042925506,40.50738539836457],[-74.21181932085402,40.508262374173434],[-74.21127026016883,40.50894423568298],[-74.21039803602092,40.51013670918411],[-74.20999309653317,40.51055107702322],[-74.20917305817994,40.51115468354336],[-74.2079958383858,40.511717749300715],[-74.20756866998165,40.51185615162791],[-74.20535868990989,40.512316610216374],[-74.20490966586836,40.51228005523255],[-74.20268081102336,40.51273866175481],[-74.20082898254392,40.51303070446121],[-74.19988465622045,40.51293533812264],[-74.19907307095482,40.51308388453719],[-74.19892572794019,40.51277730650115],[-74.20003712312848,40.51267759882481],[-74.20005015930863,40.512319448545874],[-74.19981846046298,40.51160318136305],[-74.1996186530758,40.511399400490234],[-74.19872132060512,40.51124370218872],[-74.19797892351947,40.510871437255915],[-74.19681338876512,40.51006801916759],[-74.19631670412059,40.50987820444364],[-74.19593485609657,40.50985620307622],[-74.19521339999068,40.509977652955875],[-74.19409643736367,40.51064124236241],[-74.19357109003076,40.511421268692345],[-74.192208698358,40.512793534169724],[-74.1917250267787,40.51311847266873],[-74.19158090301468,40.51334072190186],[-74.18971218498393,40.51532037853449],[-74.18926875557469,40.515344977375136],[-74.18849871610387,40.51631272655313],[-74.18761964133896,40.51709938393867],[-74.1865673319135,40.51811585040507],[-74.18588730164088,40.51863619949158],[-74.184831164799,40.51934135910359],[-74.18342370583268,40.5198897240656],[-74.18316855058309,40.51990627326035],[-74.18243461417494,40.520318205802404],[-74.18116548663598,40.52065583670447],[-74.1798101694893,40.5205523377063],[-74.1794335702753,40.52031220845601],[-74.17925175756473,40.51998744887886],[-74.17870240963717,40.52002807710216],[-74.17827081273789,40.51992367566505],[-74.17778718929557,40.51936351039998],[-74.17761992136633,40.51932993503639],[-74.17601245479067,40.520875962829265],[-74.17342635928968,40.52256915991767],[-74.17269667263014,40.522968735523776],[-74.17135832896228,40.523453191872996],[-74.17097658055481,40.52337298423456],[-74.17050791660368,40.523048719785685],[-74.16999711161473,40.523045772452576],[-74.16884431819767,40.5235906811516],[-74.166904625409,40.524831290564784],[-74.16624038921748,40.52518751813835],[-74.1655417511386,40.52541961918436],[-74.16453967851335,40.52598865558663],[-74.16372001594736,40.52635003249365],[-74.1628952014153,40.526890263205686],[-74.16222577962166,40.52720227539265],[-74.16169141315198,40.52702390251128],[-74.16146412139034,40.527059549746056],[-74.16005732566279,40.52763504212261],[-74.16307821450934,40.53171808563978],[-74.16394763504378,40.53293405640722],[-74.16485861472816,40.53410481777489],[-74.16526526695908,40.534748002203855],[-74.16745452815263,40.53771833232317],[-74.16872899049814,40.53952625909837],[-74.16901768927826,40.540096720770606],[-74.16891524988489,40.54046288627097],[-74.1690953549095,40.54102743259857],[-74.16978514131327,40.541378161871314],[-74.1709953738293,40.54189230591114],[-74.1724509921802,40.54256722639264],[-74.17516866688504,40.54377553058066],[-74.17578257929448,40.54408258281916],[-74.17809648971986,40.545353813868246],[-74.18073102506344,40.546679815299925]]]},"properties":{"nta":"SI0304","name":"Annadale-Huguenot-Prince's Bay-Woodrow","boro":"Staten Island","households":14447,"owner_hh":11040,"renter_hh":3407,"turnover_all":14,"turnover_own":9.7,"turnover_rent":27.7,"churn_annual":4.8,"owner_share":76.4,"moe_all":2.8,"moe_own":2.5,"moe_rent":7.5,"moe_churn":8}},
{"type":"Feature","geometry":{"type":"Polygon","coordinates":[[[-74.20880330604997,40.55730868910886],[-74.2069988521602,40.55756748910415],[-74.20569605025547,40.558516005602925],[-74.21324031408828,40.55667262424103],[-74.21379034458633,40.55640128734774],[-74.21395537383668,40.556657154295785],[-74.21422698854404,40.55655731841979],[-74.21462340412226,40.556913361719715],[-74.21499256964766,40.5567949327961],[-74.21474053198814,40.55624238913232],[-74.21604245994743,40.55554411878445],[-74.21775342391737,40.55500528477637],[-74.21807146383061,40.555292928825374],[-74.21817360193396,40.55560052324868],[-74.21881905965172,40.555874718986374],[-74.21853638146906,40.55493288147904],[-74.21878077419609,40.554672289284625],[-74.21917586317076,40.55475879414038],[-74.21974356930723,40.55461267207267],[-74.22014474318152,40.55500592293375],[-74.22018456182457,40.555425594895866],[-74.22052870386554,40.55586739529645],[-74.22086715093401,40.55594020227793],[-74.221431953254,40.555378779453086],[-74.22157006613199,40.55564898295788],[-74.22190184151728,40.555393375771374],[-74.22297219698923,40.555503374124164],[-74.2231947052717,40.55579556099072],[-74.22606854510879,40.55621187978653],[-74.22743682730528,40.556038533516634],[-74.22810792998989,40.55636161422434],[-74.22872429974608,40.556297016636826],[-74.22905162187638,40.55610708210527],[-74.22935253825372,40.555750600118024],[-74.22931954185886,40.555491587465546],[-74.22992626745078,40.55548620555653],[-74.23017519392045,40.55539023118745],[-74.23060876282456,40.555578642947076],[-74.23193331444938,40.55414983011733],[-74.23224430607304,40.55342443886031],[-74.23269611466445,40.55292810595],[-74.2333094786135,40.55251942275064],[-74.23353549801199,40.55246600479645],[-74.2341502629073,40.55277908804199],[-74.2348986580098,40.553005217174075],[-74.23635395672935,40.552367513792206],[-74.23651789241087,40.55207408736191],[-74.23621176231147,40.551585177252875],[-74.23617067974651,40.55135395519166],[-74.23628825134065,40.55069369950581],[-74.23650104019472,40.55043014360991],[-74.2372261612755,40.55020769601714],[-74.23751715838252,40.550189981109284],[-74.23776472013115,40.54997268801786],[-74.23814886178103,40.54939278811514],[-74.23852526847631,40.549024417282396],[-74.23876882860985,40.54894167524401],[-74.23939195750435,40.5483602848394],[-74.24045847559312,40.54762548379771],[-74.24179850544299,40.54700162778576],[-74.24220318463067,40.54694867729517],[-74.24293585929021,40.54711321924541],[-74.24363807144752,40.54766619523554],[-74.24613743768708,40.54569644693217],[-74.24761937463568,40.54350933127694],[-74.2476777803961,40.543125403303],[-74.24646660628866,40.54219273920589],[-74.2462602701755,40.54193061177842],[-74.2460474987923,40.54136651267789],[-74.2456077070552,40.54095976634657],[-74.24547647854257,40.540633000791814],[-74.24538509864772,40.53953326602803],[-74.24511419899554,40.53893868265135],[-74.24469912253029,40.53851403634679],[-74.24442748922033,40.53801643339913],[-74.24448900288996,40.53779173974143],[-74.2449619248464,40.53724338859952],[-74.24535957048438,40.53701335061738],[-74.24495564760971,40.53666647140794],[-74.2445875391072,40.53693292707299],[-74.24420135328499,40.53691936693365],[-74.2439846719087,40.53654669629965],[-74.24411643737709,40.53618731041364],[-74.24373366101071,40.536106855319375],[-74.2429457804551,40.53538360413998],[-74.24286609209756,40.535171618177976],[-74.24221152819047,40.534604139100466],[-74.24199354944953,40.53413096505286],[-74.24197674772846,40.533593673228175],[-74.24228200338332,40.5333874970205],[-74.24217799663413,40.53257613897937],[-74.24181061621528,40.5325626754217],[-74.24166784213212,40.531923319447735],[-74.24171924066688,40.53160972765367],[-74.2415309233182,40.531470073292496],[-74.24154928903585,40.53087489126412],[-74.24202464913233,40.53006221916344],[-74.24224528137324,40.529822779505146],[-74.2421880176231,40.52943755166044],[-74.24253509556485,40.52851113662039],[-74.2428867138121,40.52820013082621],[-74.24294799832866,40.52772601705572],[-74.2428867441094,40.5272973359152],[-74.24333883884039,40.52585380568276],[-74.24396835839076,40.5249989335868],[-74.24340768923537,40.524845387088334],[-74.2428015694389,40.52400729679086],[-74.24275355918745,40.523367036989235],[-74.24262345539675,40.52294713519791],[-74.24276246783715,40.52272678912772],[-74.2425954289625,40.522061653746796],[-74.24289894515275,40.521458545444936],[-74.24293235036323,40.521227160630374],[-74.24189065727207,40.52097754949183],[-74.24133219575523,40.520894517580395],[-74.24117293552197,40.52106013143217],[-74.24084659637526,40.52065351966456],[-74.24055584307511,40.520447528900256],[-74.24003142061719,40.5203131190187],[-74.23982258316771,40.52009071144395],[-74.24009650833139,40.519868230532005],[-74.24049069687521,40.51919162846761],[-74.24086961979955,40.5194940796587],[-74.24186964584042,40.51874212138704],[-74.24232477833276,40.51832652502193],[-74.24365228511596,40.51829461462335],[-74.24431751097606,40.5185132270439],[-74.24492775667778,40.5181200211494],[-74.2456347316994,40.518075580745965],[-74.24566989001562,40.51778970855405],[-74.245208614625,40.5172897436257],[-74.24647899705508,40.51668732771364],[-74.24674997194062,40.5164956132407],[-74.24630085040997,40.51614061103558],[-74.24693048008477,40.51606645441794],[-74.24751811835532,40.515735864778854],[-74.2482842208389,40.51648694955386],[-74.24851245601104,40.51622571739883],[-74.24963220109235,40.515545377951206],[-74.24921528676096,40.51508486129946],[-74.24935660923893,40.51500592819388],[-74.24984374528199,40.5155180502105],[-74.25019601571452,40.515509931094016],[-74.25011171056995,40.5150448198553],[-74.25061193066347,40.51468099904223],[-74.25137283949766,40.51437631255703],[-74.2521259139706,40.51371037980015],[-74.2519293126887,40.513209444490435],[-74.25216570186912,40.512782812614866],[-74.25307524977133,40.51214073505005],[-74.25300008721511,40.51183227047746],[-74.25300847211699,40.51119398970707],[-74.25314984243326,40.510388497044545],[-74.25331579805132,40.50986150454117],[-74.25364812518256,40.5094705304365],[-74.25389169939272,40.509423932520164],[-74.25412000836137,40.508991167103204],[-74.25448711664836,40.50880437483048],[-74.25545272937903,40.5080327763058],[-74.25559136315401,40.507712951231845],[-74.25530710377622,40.50653645411922],[-74.25536873039378,40.5045531630713],[-74.25523408934774,40.50393456923267],[-74.25427407656716,40.502161180509816],[-74.25374291423455,40.50141464717109],[-74.25340575136973,40.50051414573515],[-74.25299803629161,40.4999489748364],[-74.2525998273979,40.49964307538386],[-74.25155650484018,40.49923017368565],[-74.25110411485612,40.49893419735174],[-74.25085489422248,40.4980061635954],[-74.25032706750349,40.4975385270465],[-74.24971717640659,40.4968859559011],[-74.2485670842213,40.496384771903095],[-74.24798101960796,40.49624157639795],[-74.2467610277419,40.49613398761203],[-74.24590703235772,40.49678525744695],[-74.24531455716676,40.49714223819549],[-74.24466079894731,40.497449987289855],[-74.243974815743,40.497581750367154],[-74.24287797904486,40.49763312072562],[-74.24199937493667,40.49752766271377],[-74.24149511690489,40.49762103673262],[-74.24031317331469,40.4976395990114],[-74.2398801727975,40.49757362640199],[-74.2396684504129,40.497702924942075],[-74.23851321635341,40.49889607536387],[-74.23809649098848,40.499125783330506],[-74.23777146009982,40.499180351388354],[-74.2369387358211,40.499908358255595],[-74.23642784022809,40.50007741253468],[-74.23595390999421,40.50034404196722],[-74.23535334112731,40.50057821805133],[-74.23359904119738,40.50091253160142],[-74.2312444324436,40.501826860821765],[-74.23076490778365,40.50192545436416],[-74.23033663156602,40.50185470549152],[-74.22974658812029,40.502079501770616],[-74.22843856574715,40.50225668530893],[-74.22701907293997,40.502286264635444],[-74.22648601684533,40.50218359416837],[-74.22520703852824,40.501774040903165],[-74.22444440868648,40.50196274325488],[-74.22399332070259,40.502220591132115],[-74.22342901768266,40.50230295417119],[-74.22283368962364,40.50251862105272],[-74.22205322906613,40.502598779636934],[-74.22184144387126,40.5025384173564],[-74.22211299867861,40.50318399994673],[-74.2220849985328,40.5042720014158],[-74.2231159988773,40.50484399999219],[-74.22318830799011,40.505538650011815],[-74.22306307621353,40.506533341917596],[-74.2229159982704,40.507227000256954],[-74.22321582339256,40.50865861081407],[-74.22657761120445,40.517270650144845],[-74.2267232877282,40.51916332058878],[-74.2260682711951,40.51887643063512],[-74.22567982751566,40.518561830416125],[-74.22437561864054,40.51825830202198],[-74.2237959579363,40.51819634592904],[-74.22499765853073,40.52046066135082],[-74.22423604366516,40.52199396607608],[-74.2239845577237,40.522869520888655],[-74.22482100538618,40.52299331050159],[-74.22449544852032,40.523262262468684],[-74.22396717992817,40.523328824892346],[-74.22369980470266,40.52499287062142],[-74.22359063294698,40.52680311411229],[-74.22394884392557,40.53083583060911],[-74.22452682468844,40.53649779565181],[-74.2245605336634,40.53764789561128],[-74.2244751411176,40.53890806628754],[-74.22422048994731,40.54079033904625],[-74.22397104932324,40.54187201952583],[-74.22342751071987,40.5436043321642],[-74.22280936431802,40.54502419457492],[-74.22219422538194,40.54623527113606],[-74.22127901653108,40.547721981740516],[-74.22064536037085,40.54859150967488],[-74.22087751949323,40.549203998949075],[-74.2213156264965,40.55025307436053],[-74.22127412238025,40.55033684935692],[-74.22106803183978,40.550554733599036],[-74.21931406642697,40.55205513475605],[-74.21877630327377,40.55247362860628],[-74.21778377554132,40.55304918803183],[-74.21782855269707,40.553406788482675],[-74.2178989121889,40.554076761032036],[-74.21787719052297,40.55424342860343],[-74.21781758885993,40.55435506918527],[-74.21777849442365,40.55440751213226],[-74.21773358199421,40.554457170148304],[-74.21762769934276,40.554546657141685],[-74.21750312960745,40.55462083506676],[-74.2172133809579,40.554714859447536],[-74.21491900919649,40.55554545702527],[-74.21473802929172,40.555576133459056],[-74.21455422192204,40.55559031801162],[-74.21437138945701,40.555588065558474],[-74.21350175429642,40.55566761911176],[-74.21220033961043,40.556443430363096],[-74.21050789381327,40.55706418237116],[-74.20880330604997,40.55730868910886]]]},"properties":{"nta":"SI0305","name":"Tottenville-Charleston","boro":"Staten Island","households":6138,"owner_hh":4940,"renter_hh":1198,"turnover_all":13.2,"turnover_own":10.8,"turnover_rent":23.3,"churn_annual":4.9,"owner_share":80.5,"moe_all":4.7,"moe_own":4.7,"moe_rent":12,"moe_churn":12.7}}
]}